batsmanName,runs,balls,minutes,4s,6s,SR,player_link,match_id
Martin Guptill,19,18,30,2,1,105.55,https://www.espncricinfo.com/cricketers/martin-guptill-226492,scorecard
Henry Nicholls,55,77,123,4,0,71.42,https://www.espncricinfo.com/cricketers/henry-nicholls-539511,scorecard
Kane Williamson (c),30,53,77,2,0,56.60,https://www.espncricinfo.com/cricketers/kane-williamson-277906,scorecard
Ross Taylor,15,31,47,0,0,48.38,https://www.espncricinfo.com/cricketers/ross-taylor-38699,scorecard
Tom Latham †,47,56,104,2,1,83.92,https://www.espncricinfo.com/cricketers/tom-latham-388802,scorecard
James Neesham,19,25,28,3,0,76.00,https://www.espncricinfo.com/cricketers/james-neesham-355269,scorecard
Colin de Grandhomme,16,28,38,0,0,57.14,https://www.espncricinfo.com/cricketers/colin-de-grandhomme-55395,scorecard
Mitchell Santner,5,9,19,0,0,55.55,https://www.espncricinfo.com/cricketers/mitchell-santner-502714,scorecard
Matt Henry,4,2,7,1,0,200.00,https://www.espncricinfo.com/cricketers/matt-henry-506612,scorecard
Trent Boult,1,2,3,0,0,50.00,https://www.espncricinfo.com/cricketers/trent-boult-277912,scorecard
Jason Roy,17,20,24,3,0,85.00,https://www.espncricinfo.com/cricketers/jason-roy-298438,scorecard
Jonny Bairstow,36,55,79,7,0,65.45,https://www.espncricinfo.com/cricketers/jonny-bairstow-297433,scorecard
Joe Root,7,30,40,0,0,23.33,https://www.espncricinfo.com/cricketers/joe-root-303669,scorecard
Eoin Morgan (c),9,22,34,0,0,40.90,https://www.espncricinfo.com/cricketers/eoin-morgan-24598,scorecard
Ben Stokes,84,98,147,5,2,85.71,https://www.espncricinfo.com/cricketers/ben-stokes-311158,scorecard
Jos Buttler †,59,60,94,6,0,98.33,https://www.espncricinfo.com/cricketers/jos-buttler-308967,scorecard
Chris Woakes,2,4,8,0,0,50.00,https://www.espncricinfo.com/cricketers/chris-woakes-247235,scorecard
Liam Plunkett,10,10,13,1,0,100.00,https://www.espncricinfo.com/cricketers/liam-plunkett-19264,scorecard
Jofra Archer,0,1,5,0,0,0.00,https://www.espncricinfo.com/cricketers/jofra-archer-669855,scorecard
Adil Rashid,0,0,7,0,0,-,https://www.espncricinfo.com/cricketers/adil-rashid-244497,scorecard
Mark Wood,0,0,3,0,0,-,https://www.espncricinfo.com/cricketers/mark-wood-351588,scorecard
David Warner,9,11,14,2,0,81.81,https://www.espncricinfo.com/cricketers/david-warner-219889,scorecard
Aaron Finch (c),0,1,6,0,0,0.00,https://www.espncricinfo.com/cricketers/aaron-finch-5334,scorecard
Steven Smith,85,119,201,6,0,71.42,https://www.espncricinfo.com/cricketers/steven-smith-267192,scorecard
Peter Handscomb,4,12,15,0,0,33.33,https://www.espncricinfo.com/cricketers/peter-handscomb-334337,scorecard
Alex Carey †,46,70,94,4,0,65.71,https://www.espncricinfo.com/cricketers/alex-carey-326434,scorecard
Marcus Stoinis,0,2,4,0,0,0.00,https://www.espncricinfo.com/cricketers/marcus-stoinis-325012,scorecard
Glenn Maxwell,22,23,29,2,1,95.65,https://www.espncricinfo.com/cricketers/glenn-maxwell-325026,scorecard
Pat Cummins,6,10,11,0,0,60.00,https://www.espncricinfo.com/cricketers/pat-cummins-489889,scorecard
Mitchell Starc,29,36,45,1,1,80.55,https://www.espncricinfo.com/cricketers/mitchell-starc-311592,scorecard
Jason Behrendorff,1,4,10,0,0,25.00,https://www.espncricinfo.com/cricketers/jason-behrendorff-272477,scorecard
Nathan Lyon,5,6,8,0,0,83.33,https://www.espncricinfo.com/cricketers/nathan-lyon-272279,scorecard
Jason Roy,85,65,99,9,5,130.76,https://www.espncricinfo.com/cricketers/jason-roy-298438,scorecard
Jonny Bairstow,34,43,88,5,0,79.06,https://www.espncricinfo.com/cricketers/jonny-bairstow-297433,scorecard
Joe Root,49,46,67,8,0,106.52,https://www.espncricinfo.com/cricketers/joe-root-303669,scorecard
Eoin Morgan (c),45,39,55,8,0,115.38,https://www.espncricinfo.com/cricketers/eoin-morgan-24598,scorecard
Martin Guptill,1,14,15,0,0,7.14,https://www.espncricinfo.com/cricketers/martin-guptill-226492,scorecard
Henry Nicholls,28,51,87,2,0,54.90,https://www.espncricinfo.com/cricketers/henry-nicholls-539511,scorecard
Kane Williamson (c),67,95,137,6,0,70.52,https://www.espncricinfo.com/cricketers/kane-williamson-277906,scorecard
Ross Taylor,74,90,130,3,1,82.22,https://www.espncricinfo.com/cricketers/ross-taylor-38699,scorecard
James Neesham,12,18,28,1,0,66.66,https://www.espncricinfo.com/cricketers/james-neesham-355269,scorecard
Colin de Grandhomme,16,10,19,2,0,160.00,https://www.espncricinfo.com/cricketers/colin-de-grandhomme-55395,scorecard
Tom Latham †,10,11,22,0,0,90.90,https://www.espncricinfo.com/cricketers/tom-latham-388802,scorecard
Mitchell Santner,9,6,13,1,0,150.00,https://www.espncricinfo.com/cricketers/mitchell-santner-502714,scorecard
Matt Henry,1,2,6,0,0,50.00,https://www.espncricinfo.com/cricketers/matt-henry-506612,scorecard
Trent Boult,3,3,6,0,0,100.00,https://www.espncricinfo.com/cricketers/trent-boult-277912,scorecard
KL Rahul,1,7,18,0,0,14.28,https://www.espncricinfo.com/cricketers/kl-rahul-422108,scorecard
Rohit Sharma,1,4,7,0,0,25.00,https://www.espncricinfo.com/cricketers/rohit-sharma-34102,scorecard
Virat Kohli (c),1,6,8,0,0,16.66,https://www.espncricinfo.com/cricketers/virat-kohli-253802,scorecard
Rishabh Pant,32,56,89,4,0,57.14,https://www.espncricinfo.com/cricketers/rishabh-pant-931581,scorecard
Dinesh Karthik,6,25,29,1,0,24.00,https://www.espncricinfo.com/cricketers/dinesh-karthik-30045,scorecard
Hardik Pandya,32,62,81,2,0,51.61,https://www.espncricinfo.com/cricketers/hardik-pandya-625371,scorecard
MS Dhoni †,50,72,114,1,1,69.44,https://www.espncricinfo.com/cricketers/ms-dhoni-28081,scorecard
Ravindra Jadeja,77,59,84,4,4,130.50,https://www.espncricinfo.com/cricketers/ravindra-jadeja-234675,scorecard
Bhuvneshwar Kumar,0,1,10,0,0,0.00,https://www.espncricinfo.com/cricketers/bhuvneshwar-kumar-326016,scorecard
Yuzvendra Chahal,5,5,8,1,0,100.00,https://www.espncricinfo.com/cricketers/yuzvendra-chahal-430246,scorecard
Jasprit Bumrah,0,0,4,0,0,-,https://www.espncricinfo.com/cricketers/jasprit-bumrah-625383,scorecard
Aiden Markram,34,37,51,6,1,91.89,https://www.espncricinfo.com/cricketers/aiden-markram-600498,scorecard
Quinton de Kock †,52,51,78,7,0,101.96,https://www.espncricinfo.com/cricketers/quinton-de-kock-379143,scorecard
Faf du Plessis (c),100,94,125,7,2,106.38,https://www.espncricinfo.com/cricketers/faf-du-plessis-44828,scorecard
Rassie van der Dussen,95,97,136,4,4,97.93,https://www.espncricinfo.com/cricketers/rassie-van-der-dussen-337790,scorecard
Jean-Paul Duminy,14,13,18,1,0,107.69,https://www.espncricinfo.com/cricketers/jean-paul-duminy-44932,scorecard
Dwaine Pretorius,2,5,13,0,0,40.00,https://www.espncricinfo.com/cricketers/dwaine-pretorius-327830,scorecard
Andile Phehlukwayo,4,3,8,1,0,133.33,https://www.espncricinfo.com/cricketers/andile-phehlukwayo-540316,scorecard
David Warner,122,117,168,15,2,104.27,https://www.espncricinfo.com/cricketers/david-warner-219889,scorecard
Aaron Finch (c),3,4,9,0,0,75.00,https://www.espncricinfo.com/cricketers/aaron-finch-5334,scorecard
Usman Khawaja,18,14,26,3,0,128.57,https://www.espncricinfo.com/cricketers/usman-khawaja-215155,scorecard
Steven Smith,7,6,9,1,0,116.66,https://www.espncricinfo.com/cricketers/steven-smith-267192,scorecard
Marcus Stoinis,22,34,54,4,0,64.70,https://www.espncricinfo.com/cricketers/marcus-stoinis-325012,scorecard
Glenn Maxwell,12,20,24,1,0,60.00,https://www.espncricinfo.com/cricketers/glenn-maxwell-325026,scorecard
Alex Carey †,85,69,90,11,1,123.18,https://www.espncricinfo.com/cricketers/alex-carey-326434,scorecard
Pat Cummins,9,15,24,1,0,60.00,https://www.espncricinfo.com/cricketers/pat-cummins-489889,scorecard
Mitchell Starc,16,11,24,1,1,145.45,https://www.espncricinfo.com/cricketers/mitchell-starc-311592,scorecard
Jason Behrendorff,11,6,10,0,0,183.33,https://www.espncricinfo.com/cricketers/jason-behrendorff-272477,scorecard
Nathan Lyon,3,3,7,0,0,100.00,https://www.espncricinfo.com/cricketers/nathan-lyon-272279,scorecard
Dimuth Karunaratne (c),10,17,16,2,0,58.82,https://www.espncricinfo.com/cricketers/dimuth-karunaratne-227772,scorecard
Kusal Perera †,18,14,36,3,0,128.57,https://www.espncricinfo.com/cricketers/kusal-perera-300631,scorecard
Avishka Fernando,20,21,42,4,0,95.23,https://www.espncricinfo.com/cricketers/avishka-fernando-784369,scorecard
Kusal Mendis,3,13,15,0,0,23.07,https://www.espncricinfo.com/cricketers/kusal-mendis-629074,scorecard
Angelo Mathews,113,128,157,10,2,88.28,https://www.espncricinfo.com/cricketers/angelo-mathews-49764,scorecard
Lahiru Thirimanne,53,68,102,4,0,77.94,https://www.espncricinfo.com/cricketers/lahiru-thirimanne-301236,scorecard
Dhananjaya de Silva,29,36,60,1,0,80.55,https://www.espncricinfo.com/cricketers/dhananjaya-de-silva-465793,scorecard
Thisara Perera,2,3,8,0,0,66.66,https://www.espncricinfo.com/cricketers/thisara-perera-233514,scorecard
Isuru Udana,1,1,3,0,0,100.00,https://www.espncricinfo.com/cricketers/isuru-udana-328026,scorecard
KL Rahul,111,118,180,11,1,94.06,https://www.espncricinfo.com/cricketers/kl-rahul-422108,scorecard
Rohit Sharma,103,94,133,14,2,109.57,https://www.espncricinfo.com/cricketers/rohit-sharma-34102,scorecard
Virat Kohli (c),34,41,61,3,0,82.92,https://www.espncricinfo.com/cricketers/virat-kohli-253802,scorecard
Rishabh Pant,4,4,6,1,0,100.00,https://www.espncricinfo.com/cricketers/rishabh-pant-931581,scorecard
Hardik Pandya,7,4,8,1,0,175.00,https://www.espncricinfo.com/cricketers/hardik-pandya-625371,scorecard
Fakhar Zaman,13,31,27,1,0,41.93,https://www.espncricinfo.com/cricketers/fakhar-zaman-512191,scorecard
Imam-ul-Haq,100,100,172,7,0,100.00,https://www.espncricinfo.com/cricketers/imam-ul-haq-568276,scorecard
Babar Azam,96,98,102,11,0,97.95,https://www.espncricinfo.com/cricketers/babar-azam-348144,scorecard
Mohammad Hafeez,27,25,49,3,0,108.00,https://www.espncricinfo.com/cricketers/mohammad-hafeez-41434,scorecard
Haris Sohail,6,6,13,1,0,100.00,https://www.espncricinfo.com/cricketers/haris-sohail-318788,scorecard
Imad Wasim,43,26,49,6,1,165.38,https://www.espncricinfo.com/cricketers/imad-wasim-227758,scorecard
Sarfaraz Ahmed (c)†,3,3,13,0,0,100.00,https://www.espncricinfo.com/cricketers/sarfaraz-ahmed-227760,scorecard
Wahab Riaz,2,4,10,0,0,50.00,https://www.espncricinfo.com/cricketers/wahab-riaz-43590,scorecard
Shadab Khan,1,2,4,0,0,50.00,https://www.espncricinfo.com/cricketers/shadab-khan-922943,scorecard
Mohammad Amir,8,6,16,1,0,133.33,https://www.espncricinfo.com/cricketers/mohammad-amir-290948,scorecard
Shaheen Shah Afridi,0,0,4,0,0,-,https://www.espncricinfo.com/cricketers/shaheen-shah-afridi-1072470,scorecard
Tamim Iqbal,8,21,40,0,0,38.09,https://www.espncricinfo.com/cricketers/tamim-iqbal-56194,scorecard
Soumya Sarkar,22,22,20,4,0,100.00,https://www.espncricinfo.com/cricketers/soumya-sarkar-436677,scorecard
Shakib Al Hasan,64,77,109,6,0,83.11,https://www.espncricinfo.com/cricketers/shakib-al-hasan-56143,scorecard
Mushfiqur Rahim †,16,19,29,2,0,84.21,https://www.espncricinfo.com/cricketers/mushfiqur-rahim-56029,scorecard
Litton Das,32,40,38,3,0,80.00,https://www.espncricinfo.com/cricketers/litton-das-536936,scorecard
Mahmudullah,29,41,64,3,0,70.73,https://www.espncricinfo.com/cricketers/mahmudullah-56025,scorecard
Mosaddek Hossain,16,21,36,1,0,76.19,https://www.espncricinfo.com/cricketers/mosaddek-hossain-550133,scorecard
Mohammad Saifuddin,0,1,5,0,0,0.00,https://www.espncricinfo.com/cricketers/mohammad-saifuddin-629070,scorecard
Mehidy Hasan Miraz,7,6,20,1,0,116.66,https://www.espncricinfo.com/cricketers/mehidy-hasan-miraz-629063,scorecard
Mashrafe Mortaza (c),15,14,14,0,2,107.14,https://www.espncricinfo.com/cricketers/mashrafe-mortaza-56007,scorecard
Mustafizur Rahman,1,3,5,0,0,33.33,https://www.espncricinfo.com/cricketers/mustafizur-rahman-330902,scorecard
Chris Gayle,7,18,21,1,0,38.88,https://www.espncricinfo.com/cricketers/chris-gayle-51880,scorecard
Evin Lewis,58,78,98,6,2,74.35,https://www.espncricinfo.com/cricketers/evin-lewis-431901,scorecard
Shai Hope †,77,92,137,6,2,83.69,https://www.espncricinfo.com/cricketers/shai-hope-581379,scorecard
Shimron Hetmyer,39,31,42,3,2,125.80,https://www.espncricinfo.com/cricketers/shimron-hetmyer-670025,scorecard
Nicholas Pooran,58,43,66,6,1,134.88,https://www.espncricinfo.com/cricketers/nicholas-pooran-604302,scorecard
Jason Holder (c),45,34,54,1,4,132.35,https://www.espncricinfo.com/cricketers/jason-holder-391485,scorecard
Carlos Brathwaite,14,4,6,2,1,350.00,https://www.espncricinfo.com/cricketers/carlos-brathwaite-457249,scorecard
Fabian Allen,0,0,5,0,0,-,https://www.espncricinfo.com/cricketers/fabian-allen-670013,scorecard
Gulbadin Naib (c),5,6,8,1,0,83.33,https://www.espncricinfo.com/cricketers/gulbadin-naib-352048,scorecard
Rahmat Shah,62,78,112,10,0,79.48,https://www.espncricinfo.com/cricketers/rahmat-shah-533956,scorecard
Ikram Alikhil †,86,93,142,8,0,92.47,https://www.espncricinfo.com/cricketers/ikram-alikhil-935553,scorecard
Najibullah Zadran,31,38,42,1,1,81.57,https://www.espncricinfo.com/cricketers/najibullah-zadran-524049,scorecard
Asghar Afghan,40,32,47,4,1,125.00,https://www.espncricinfo.com/cricketers/asghar-afghan-320652,scorecard
Mohammad Nabi,2,6,11,0,0,33.33,https://www.espncricinfo.com/cricketers/mohammad-nabi-25913,scorecard
Samiullah Shinwari,6,9,18,0,0,66.66,https://www.espncricinfo.com/cricketers/samiullah-shinwari-318339,scorecard
Rashid Khan,9,16,27,0,1,56.25,https://www.espncricinfo.com/cricketers/rashid-khan-793463,scorecard
Dawlat Zadran,1,2,6,0,0,50.00,https://www.espncricinfo.com/cricketers/dawlat-zadran-516561,scorecard
Sayed Shirzad,25,17,20,2,2,147.05,https://www.espncricinfo.com/cricketers/sayed-shirzad-524050,scorecard
Mujeeb Ur Rahman,7,5,13,1,0,140.00,https://www.espncricinfo.com/cricketers/mujeeb-ur-rahman-974109,scorecard
Jason Roy,60,61,81,8,0,98.36,https://www.espncricinfo.com/cricketers/jason-roy-298438,scorecard
Jonny Bairstow,106,99,147,15,1,107.07,https://www.espncricinfo.com/cricketers/jonny-bairstow-297433,scorecard
Joe Root,24,25,54,1,0,96.00,https://www.espncricinfo.com/cricketers/joe-root-303669,scorecard
Jos Buttler †,11,12,25,1,0,91.66,https://www.espncricinfo.com/cricketers/jos-buttler-308967,scorecard
Eoin Morgan (c),42,40,64,5,0,105.00,https://www.espncricinfo.com/cricketers/eoin-morgan-24598,scorecard
Ben Stokes,11,27,33,0,0,40.74,https://www.espncricinfo.com/cricketers/ben-stokes-311158,scorecard
Chris Woakes,4,11,12,0,0,36.36,https://www.espncricinfo.com/cricketers/chris-woakes-247235,scorecard
Liam Plunkett,15,12,28,1,0,125.00,https://www.espncricinfo.com/cricketers/liam-plunkett-19264,scorecard
Adil Rashid,16,12,17,1,0,133.33,https://www.espncricinfo.com/cricketers/adil-rashid-244497,scorecard
Jofra Archer,1,1,1,0,0,100.00,https://www.espncricinfo.com/cricketers/jofra-archer-669855,scorecard
Martin Guptill,8,16,25,1,0,50.00,https://www.espncricinfo.com/cricketers/martin-guptill-226492,scorecard
Henry Nicholls,0,1,6,0,0,0.00,https://www.espncricinfo.com/cricketers/henry-nicholls-539511,scorecard
Kane Williamson (c),27,40,62,3,0,67.50,https://www.espncricinfo.com/cricketers/kane-williamson-277906,scorecard
Ross Taylor,28,42,54,2,0,66.66,https://www.espncricinfo.com/cricketers/ross-taylor-38699,scorecard
Tom Latham †,57,65,106,5,0,87.69,https://www.espncricinfo.com/cricketers/tom-latham-388802,scorecard
James Neesham,19,27,31,1,0,70.37,https://www.espncricinfo.com/cricketers/james-neesham-355269,scorecard
Colin de Grandhomme,3,13,15,0,0,23.07,https://www.espncricinfo.com/cricketers/colin-de-grandhomme-55395,scorecard
Mitchell Santner,12,30,58,1,0,40.00,https://www.espncricinfo.com/cricketers/mitchell-santner-502714,scorecard
Tim Southee,7,16,30,0,0,43.75,https://www.espncricinfo.com/cricketers/tim-southee-232364,scorecard
Matt Henry,7,13,17,0,0,53.84,https://www.espncricinfo.com/cricketers/matt-henry-506612,scorecard
Trent Boult,4,7,7,1,0,57.14,https://www.espncricinfo.com/cricketers/trent-boult-277912,scorecard
KL Rahul,77,92,135,6,1,83.69,https://www.espncricinfo.com/cricketers/kl-rahul-422108,scorecard
Rohit Sharma,104,92,121,7,5,113.04,https://www.espncricinfo.com/cricketers/rohit-sharma-34102,scorecard
Virat Kohli (c),26,27,45,3,0,96.29,https://www.espncricinfo.com/cricketers/virat-kohli-253802,scorecard
Rishabh Pant,48,41,56,6,1,117.07,https://www.espncricinfo.com/cricketers/rishabh-pant-931581,scorecard
Hardik Pandya,0,2,4,0,0,0.00,https://www.espncricinfo.com/cricketers/hardik-pandya-625371,scorecard
MS Dhoni †,35,33,52,4,0,106.06,https://www.espncricinfo.com/cricketers/ms-dhoni-28081,scorecard
Dinesh Karthik,8,9,17,1,0,88.88,https://www.espncricinfo.com/cricketers/dinesh-karthik-30045,scorecard
Bhuvneshwar Kumar,2,3,15,0,0,66.66,https://www.espncricinfo.com/cricketers/bhuvneshwar-kumar-326016,scorecard
Mohammed Shami,1,2,6,0,0,50.00,https://www.espncricinfo.com/cricketers/mohammed-shami-481896,scorecard
Jasprit Bumrah,0,0,1,0,0,-,https://www.espncricinfo.com/cricketers/jasprit-bumrah-625383,scorecard
Tamim Iqbal,22,31,39,3,0,70.96,https://www.espncricinfo.com/cricketers/tamim-iqbal-56194,scorecard
Soumya Sarkar,33,38,67,4,0,86.84,https://www.espncricinfo.com/cricketers/soumya-sarkar-436677,scorecard
Shakib Al Hasan,66,74,111,6,0,89.18,https://www.espncricinfo.com/cricketers/shakib-al-hasan-56143,scorecard
Mushfiqur Rahim †,24,23,29,3,0,104.34,https://www.espncricinfo.com/cricketers/mushfiqur-rahim-56029,scorecard
Litton Das,22,24,31,0,1,91.66,https://www.espncricinfo.com/cricketers/litton-das-536936,scorecard
Mosaddek Hossain,3,7,13,0,0,42.85,https://www.espncricinfo.com/cricketers/mosaddek-hossain-550133,scorecard
Sabbir Rahman,36,36,55,5,0,100.00,https://www.espncricinfo.com/cricketers/sabbir-rahman-373538,scorecard
Mohammad Saifuddin,51,38,72,9,0,134.21,https://www.espncricinfo.com/cricketers/mohammad-saifuddin-629070,scorecard
Mashrafe Mortaza (c),8,5,8,0,1,160.00,https://www.espncricinfo.com/cricketers/mashrafe-mortaza-56007,scorecard
Rubel Hossain,9,11,18,1,0,81.81,https://www.espncricinfo.com/cricketers/rubel-hossain-300619,scorecard
Mustafizur Rahman,0,1,2,0,0,0.00,https://www.espncricinfo.com/cricketers/mustafizur-rahman-330902,scorecard
Dimuth Karunaratne (c),32,48,69,4,0,66.66,https://www.espncricinfo.com/cricketers/dimuth-karunaratne-227772,scorecard
Kusal Perera †,64,51,87,8,0,125.49,https://www.espncricinfo.com/cricketers/kusal-perera-300631,scorecard
Avishka Fernando,104,103,151,9,2,100.97,https://www.espncricinfo.com/cricketers/avishka-fernando-784369,scorecard
Kusal Mendis,39,41,53,4,0,95.12,https://www.espncricinfo.com/cricketers/kusal-mendis-629074,scorecard
Angelo Mathews,26,20,45,2,1,130.00,https://www.espncricinfo.com/cricketers/angelo-mathews-49764,scorecard
Lahiru Thirimanne,45,33,53,4,0,136.36,https://www.espncricinfo.com/cricketers/lahiru-thirimanne-301236,scorecard
Isuru Udana,3,6,9,0,0,50.00,https://www.espncricinfo.com/cricketers/isuru-udana-328026,scorecard
Dhananjaya de Silva,6,3,5,1,0,200.00,https://www.espncricinfo.com/cricketers/dhananjaya-de-silva-465793,scorecard
Chris Gayle,35,48,70,1,2,72.91,https://www.espncricinfo.com/cricketers/chris-gayle-51880,scorecard
Sunil Ambris,5,6,11,1,0,83.33,https://www.espncricinfo.com/cricketers/sunil-ambris-348054,scorecard
Shai Hope †,5,11,13,1,0,45.45,https://www.espncricinfo.com/cricketers/shai-hope-581379,scorecard
Shimron Hetmyer,29,38,62,2,0,76.31,https://www.espncricinfo.com/cricketers/shimron-hetmyer-670025,scorecard
Nicholas Pooran,118,103,156,11,4,114.56,https://www.espncricinfo.com/cricketers/nicholas-pooran-604302,scorecard
Jason Holder (c),26,26,38,4,0,100.00,https://www.espncricinfo.com/cricketers/jason-holder-391485,scorecard
Carlos Brathwaite,8,15,33,1,0,53.33,https://www.espncricinfo.com/cricketers/carlos-brathwaite-457249,scorecard
Fabian Allen,51,32,50,7,1,159.37,https://www.espncricinfo.com/cricketers/fabian-allen-670013,scorecard
Sheldon Cottrell,7,10,35,0,0,70.00,https://www.espncricinfo.com/cricketers/sheldon-cottrell-495551,scorecard
Oshane Thomas,1,6,8,0,0,16.66,https://www.espncricinfo.com/cricketers/oshane-thomas-914567,scorecard
Shannon Gabriel,3,7,7,0,0,42.85,https://www.espncricinfo.com/cricketers/shannon-gabriel-446101,scorecard
Jason Roy,66,57,101,7,2,115.78,https://www.espncricinfo.com/cricketers/jason-roy-298438,scorecard
Jonny Bairstow,111,109,138,10,6,101.83,https://www.espncricinfo.com/cricketers/jonny-bairstow-297433,scorecard
Joe Root,44,54,96,2,0,81.48,https://www.espncricinfo.com/cricketers/joe-root-303669,scorecard
Eoin Morgan (c),1,9,10,0,0,11.11,https://www.espncricinfo.com/cricketers/eoin-morgan-24598,scorecard
Ben Stokes,79,54,80,6,3,146.29,https://www.espncricinfo.com/cricketers/ben-stokes-311158,scorecard
Jos Buttler †,20,8,17,1,2,250.00,https://www.espncricinfo.com/cricketers/jos-buttler-308967,scorecard
Chris Woakes,7,5,8,1,0,140.00,https://www.espncricinfo.com/cricketers/chris-woakes-247235,scorecard
Liam Plunkett,1,4,11,0,0,25.00,https://www.espncricinfo.com/cricketers/liam-plunkett-19264,scorecard
Jofra Archer,0,0,2,0,0,-,https://www.espncricinfo.com/cricketers/jofra-archer-669855,scorecard
KL Rahul,0,9,10,0,0,0.00,https://www.espncricinfo.com/cricketers/kl-rahul-422108,scorecard
Rohit Sharma,102,109,152,15,0,93.57,https://www.espncricinfo.com/cricketers/rohit-sharma-34102,scorecard
Virat Kohli (c),66,76,103,7,0,86.84,https://www.espncricinfo.com/cricketers/virat-kohli-253802,scorecard
Rishabh Pant,32,29,58,4,0,110.34,https://www.espncricinfo.com/cricketers/rishabh-pant-931581,scorecard
Hardik Pandya,45,33,49,4,0,136.36,https://www.espncricinfo.com/cricketers/hardik-pandya-625371,scorecard
MS Dhoni †,42,31,54,4,1,135.48,https://www.espncricinfo.com/cricketers/ms-dhoni-28081,scorecard
Kedar Jadhav,12,13,24,1,0,92.30,https://www.espncricinfo.com/cricketers/kedar-jadhav-290716,scorecard
David Warner,16,23,39,3,0,69.56,https://www.espncricinfo.com/cricketers/david-warner-219889,scorecard
Aaron Finch (c),8,15,19,1,0,53.33,https://www.espncricinfo.com/cricketers/aaron-finch-5334,scorecard
Usman Khawaja,88,129,187,5,0,68.21,https://www.espncricinfo.com/cricketers/usman-khawaja-215155,scorecard
Steven Smith,5,8,13,0,0,62.50,https://www.espncricinfo.com/cricketers/steven-smith-267192,scorecard
Marcus Stoinis,21,26,41,3,0,80.76,https://www.espncricinfo.com/cricketers/marcus-stoinis-325012,scorecard
Glenn Maxwell,1,5,8,0,0,20.00,https://www.espncricinfo.com/cricketers/glenn-maxwell-325026,scorecard
Alex Carey †,71,72,113,11,0,98.61,https://www.espncricinfo.com/cricketers/alex-carey-326434,scorecard
Pat Cummins,23,19,34,1,0,121.05,https://www.espncricinfo.com/cricketers/pat-cummins-489889,scorecard
Mitchell Starc,0,1,2,0,0,0.00,https://www.espncricinfo.com/cricketers/mitchell-starc-311592,scorecard
Jason Behrendorff,0,1,4,0,0,0.00,https://www.espncricinfo.com/cricketers/jason-behrendorff-272477,scorecard
Nathan Lyon,0,1,1,0,0,0.00,https://www.espncricinfo.com/cricketers/nathan-lyon-272279,scorecard
Martin Guptill,20,43,60,2,0,46.51,https://www.espncricinfo.com/cricketers/martin-guptill-226492,scorecard
Henry Nicholls,8,20,43,2,0,40.00,https://www.espncricinfo.com/cricketers/henry-nicholls-539511,scorecard
Kane Williamson (c),40,51,69,2,1,78.43,https://www.espncricinfo.com/cricketers/kane-williamson-277906,scorecard
Ross Taylor,30,54,76,2,0,55.55,https://www.espncricinfo.com/cricketers/ross-taylor-38699,scorecard
Tom Latham †,14,28,41,0,0,50.00,https://www.espncricinfo.com/cricketers/tom-latham-388802,scorecard
Colin de Grandhomme,0,1,6,0,0,0.00,https://www.espncricinfo.com/cricketers/colin-de-grandhomme-55395,scorecard
James Neesham,9,22,24,0,0,40.90,https://www.espncricinfo.com/cricketers/james-neesham-355269,scorecard
Mitchell Santner,12,29,42,0,1,41.37,https://www.espncricinfo.com/cricketers/mitchell-santner-502714,scorecard
Ish Sodhi,5,4,11,1,0,125.00,https://www.espncricinfo.com/cricketers/ish-sodhi-559066,scorecard
Lockie Ferguson,0,3,7,0,0,0.00,https://www.espncricinfo.com/cricketers/lockie-ferguson-493773,scorecard
Trent Boult,2,7,13,0,0,28.57,https://www.espncricinfo.com/cricketers/trent-boult-277912,scorecard
Rahmat Shah,35,43,54,5,0,81.39,https://www.espncricinfo.com/cricketers/rahmat-shah-533956,scorecard
Gulbadin Naib (c),15,12,22,3,0,125.00,https://www.espncricinfo.com/cricketers/gulbadin-naib-352048,scorecard
Hashmatullah Shahidi,0,1,2,0,0,0.00,https://www.espncricinfo.com/cricketers/hashmatullah-shahidi-440970,scorecard
Ikram Alikhil †,24,66,90,1,0,36.36,https://www.espncricinfo.com/cricketers/ikram-alikhil-935553,scorecard
Asghar Afghan,42,35,51,3,2,120.00,https://www.espncricinfo.com/cricketers/asghar-afghan-320652,scorecard
Mohammad Nabi,16,33,53,0,0,48.48,https://www.espncricinfo.com/cricketers/mohammad-nabi-25913,scorecard
Najibullah Zadran,42,54,75,6,0,77.77,https://www.espncricinfo.com/cricketers/najibullah-zadran-524049,scorecard
Samiullah Shinwari,19,32,59,1,0,59.37,https://www.espncricinfo.com/cricketers/samiullah-shinwari-318339,scorecard
Rashid Khan,8,12,11,1,0,66.66,https://www.espncricinfo.com/cricketers/rashid-khan-793463,scorecard
Hamid Hassan,1,3,9,0,0,33.33,https://www.espncricinfo.com/cricketers/hamid-hassan-311427,scorecard
Mujeeb Ur Rahman,7,9,10,1,0,77.77,https://www.espncricinfo.com/cricketers/mujeeb-ur-rahman-974109,scorecard
Fakhar Zaman,0,2,4,0,0,0.00,https://www.espncricinfo.com/cricketers/fakhar-zaman-512191,scorecard
Imam-ul-Haq,36,51,60,4,0,70.58,https://www.espncricinfo.com/cricketers/imam-ul-haq-568276,scorecard
Babar Azam,45,51,63,5,0,88.23,https://www.espncricinfo.com/cricketers/babar-azam-348144,scorecard
Mohammad Hafeez,19,35,48,1,0,54.28,https://www.espncricinfo.com/cricketers/mohammad-hafeez-41434,scorecard
Haris Sohail,27,57,58,2,0,47.36,https://www.espncricinfo.com/cricketers/haris-sohail-318788,scorecard
Sarfaraz Ahmed (c)†,18,22,37,1,0,81.81,https://www.espncricinfo.com/cricketers/sarfaraz-ahmed-227760,scorecard
Imad Wasim,49,54,63,5,0,90.74,https://www.espncricinfo.com/cricketers/imad-wasim-227758,scorecard
Shadab Khan,11,17,33,1,0,64.70,https://www.espncricinfo.com/cricketers/shadab-khan-922943,scorecard
Wahab Riaz,15,9,14,1,1,166.66,https://www.espncricinfo.com/cricketers/wahab-riaz-43590,scorecard
Dimuth Karunaratne (c),0,1,3,0,0,0.00,https://www.espncricinfo.com/cricketers/dimuth-karunaratne-227772,scorecard
Kusal Perera †,30,34,58,4,0,88.23,https://www.espncricinfo.com/cricketers/kusal-perera-300631,scorecard
Avishka Fernando,30,29,46,4,0,103.44,https://www.espncricinfo.com/cricketers/avishka-fernando-784369,scorecard
Kusal Mendis,23,51,75,2,0,45.09,https://www.espncricinfo.com/cricketers/kusal-mendis-629074,scorecard
Angelo Mathews,11,29,48,1,0,37.93,https://www.espncricinfo.com/cricketers/angelo-mathews-49764,scorecard
Dhananjaya de Silva,24,41,54,2,0,58.53,https://www.espncricinfo.com/cricketers/dhananjaya-de-silva-465793,scorecard
Jeevan Mendis,18,46,54,1,1,39.13,https://www.espncricinfo.com/cricketers/jeevan-mendis-49700,scorecard
Thisara Perera,21,25,41,0,0,84.00,https://www.espncricinfo.com/cricketers/thisara-perera-233514,scorecard
Isuru Udana,17,32,40,1,0,53.12,https://www.espncricinfo.com/cricketers/isuru-udana-328026,scorecard
Suranga Lakmal,5,7,23,0,0,71.42,https://www.espncricinfo.com/cricketers/suranga-lakmal-49619,scorecard
Lasith Malinga,4,2,7,1,0,200.00,https://www.espncricinfo.com/cricketers/lasith-malinga-49758,scorecard
Quinton de Kock †,15,16,16,3,0,93.75,https://www.espncricinfo.com/cricketers/quinton-de-kock-379143,scorecard
Hashim Amla,80,105,167,5,0,76.19,https://www.espncricinfo.com/cricketers/hashim-amla-43906,scorecard
Faf du Plessis (c),96,103,103,10,1,93.20,https://www.espncricinfo.com/cricketers/faf-du-plessis-44828,scorecard
KL Rahul,48,64,91,6,0,75.00,https://www.espncricinfo.com/cricketers/kl-rahul-422108,scorecard
Rohit Sharma,18,23,28,1,1,78.26,https://www.espncricinfo.com/cricketers/rohit-sharma-34102,scorecard
Virat Kohli (c),72,82,146,8,0,87.80,https://www.espncricinfo.com/cricketers/virat-kohli-253802,scorecard
Vijay Shankar,14,19,26,3,0,73.68,https://www.espncricinfo.com/cricketers/vijay-shankar-477021,scorecard
Kedar Jadhav,7,10,13,1,0,70.00,https://www.espncricinfo.com/cricketers/kedar-jadhav-290716,scorecard
MS Dhoni †,56,61,99,3,2,91.80,https://www.espncricinfo.com/cricketers/ms-dhoni-28081,scorecard
Hardik Pandya,46,38,48,5,0,121.05,https://www.espncricinfo.com/cricketers/hardik-pandya-625371,scorecard
Mohammed Shami,0,2,4,0,0,0.00,https://www.espncricinfo.com/cricketers/mohammed-shami-481896,scorecard
Kuldeep Yadav,0,1,7,0,0,0.00,https://www.espncricinfo.com/cricketers/kuldeep-yadav-559235,scorecard
Chris Gayle,6,19,22,1,0,31.57,https://www.espncricinfo.com/cricketers/chris-gayle-51880,scorecard
Sunil Ambris,31,40,84,2,0,77.50,https://www.espncricinfo.com/cricketers/sunil-ambris-348054,scorecard
Shai Hope †,5,10,12,1,0,50.00,https://www.espncricinfo.com/cricketers/shai-hope-581379,scorecard
Nicholas Pooran,28,50,61,2,0,56.00,https://www.espncricinfo.com/cricketers/nicholas-pooran-604302,scorecard
Shimron Hetmyer,18,29,52,1,0,62.06,https://www.espncricinfo.com/cricketers/shimron-hetmyer-670025,scorecard
Jason Holder (c),6,13,14,0,0,46.15,https://www.espncricinfo.com/cricketers/jason-holder-391485,scorecard
Carlos Brathwaite,1,5,13,0,0,20.00,https://www.espncricinfo.com/cricketers/carlos-brathwaite-457249,scorecard
Fabian Allen,0,1,3,0,0,0.00,https://www.espncricinfo.com/cricketers/fabian-allen-670013,scorecard
Kemar Roach,14,21,38,3,0,66.66,https://www.espncricinfo.com/cricketers/kemar-roach-230553,scorecard
Sheldon Cottrell,10,8,7,1,1,125.00,https://www.espncricinfo.com/cricketers/sheldon-cottrell-495551,scorecard
Oshane Thomas,6,11,20,1,0,54.54,https://www.espncricinfo.com/cricketers/oshane-thomas-914567,scorecard
Martin Guptill,5,4,5,1,0,125.00,https://www.espncricinfo.com/cricketers/martin-guptill-226492,scorecard
Colin Munro,12,17,37,2,0,70.58,https://www.espncricinfo.com/cricketers/colin-munro-232359,scorecard
Kane Williamson (c),41,69,114,4,0,59.42,https://www.espncricinfo.com/cricketers/kane-williamson-277906,scorecard
Ross Taylor,3,8,14,0,0,37.50,https://www.espncricinfo.com/cricketers/ross-taylor-38699,scorecard
Tom Latham †,1,14,18,0,0,7.14,https://www.espncricinfo.com/cricketers/tom-latham-388802,scorecard
James Neesham,97,112,158,5,3,86.60,https://www.espncricinfo.com/cricketers/james-neesham-355269,scorecard
Colin de Grandhomme,64,71,96,6,1,90.14,https://www.espncricinfo.com/cricketers/colin-de-grandhomme-55395,scorecard
Mitchell Santner,5,5,12,0,0,100.00,https://www.espncricinfo.com/cricketers/mitchell-santner-502714,scorecard
Imam-ul-Haq,19,29,42,3,0,65.51,https://www.espncricinfo.com/cricketers/imam-ul-haq-568276,scorecard
Fakhar Zaman,9,10,13,2,0,90.00,https://www.espncricinfo.com/cricketers/fakhar-zaman-512191,scorecard
Babar Azam,101,127,198,11,0,79.52,https://www.espncricinfo.com/cricketers/babar-azam-348144,scorecard
Mohammad Hafeez,32,50,70,5,0,64.00,https://www.espncricinfo.com/cricketers/mohammad-hafeez-41434,scorecard
Haris Sohail,68,76,98,5,2,89.47,https://www.espncricinfo.com/cricketers/haris-sohail-318788,scorecard
Sarfaraz Ahmed (c)†,5,3,4,1,0,166.66,https://www.espncricinfo.com/cricketers/sarfaraz-ahmed-227760,scorecard
Aaron Finch (c),100,116,144,11,2,86.20,https://www.espncricinfo.com/cricketers/aaron-finch-5334,scorecard
David Warner,53,61,95,6,0,86.88,https://www.espncricinfo.com/cricketers/david-warner-219889,scorecard
Usman Khawaja,23,29,32,1,0,79.31,https://www.espncricinfo.com/cricketers/usman-khawaja-215155,scorecard
Steven Smith,38,34,64,5,0,111.76,https://www.espncricinfo.com/cricketers/steven-smith-267192,scorecard
Glenn Maxwell,12,8,14,1,1,150.00,https://www.espncricinfo.com/cricketers/glenn-maxwell-325026,scorecard
Marcus Stoinis,8,15,17,1,0,53.33,https://www.espncricinfo.com/cricketers/marcus-stoinis-325012,scorecard
Alex Carey †,38,27,41,5,0,140.74,https://www.espncricinfo.com/cricketers/alex-carey-326434,scorecard
Pat Cummins,1,4,8,0,0,25.00,https://www.espncricinfo.com/cricketers/pat-cummins-489889,scorecard
Mitchell Starc,4,6,15,0,0,66.66,https://www.espncricinfo.com/cricketers/mitchell-starc-311592,scorecard
James Vince,0,2,2,0,0,0.00,https://www.espncricinfo.com/cricketers/james-vince-296597,scorecard
Jonny Bairstow,27,39,68,5,0,69.23,https://www.espncricinfo.com/cricketers/jonny-bairstow-297433,scorecard
Joe Root,8,9,16,2,0,88.88,https://www.espncricinfo.com/cricketers/joe-root-303669,scorecard
Eoin Morgan (c),4,7,13,1,0,57.14,https://www.espncricinfo.com/cricketers/eoin-morgan-24598,scorecard
Ben Stokes,89,115,138,8,2,77.39,https://www.espncricinfo.com/cricketers/ben-stokes-311158,scorecard
Jos Buttler †,25,27,60,2,0,92.59,https://www.espncricinfo.com/cricketers/jos-buttler-308967,scorecard
Chris Woakes,26,34,64,2,0,76.47,https://www.espncricinfo.com/cricketers/chris-woakes-247235,scorecard
Moeen Ali,6,9,14,1,0,66.66,https://www.espncricinfo.com/cricketers/moeen-ali-8917,scorecard
Adil Rashid,25,20,24,3,1,125.00,https://www.espncricinfo.com/cricketers/adil-rashid-244497,scorecard
Jofra Archer,1,4,10,0,0,25.00,https://www.espncricinfo.com/cricketers/jofra-archer-669855,scorecard
Mark Wood,1,2,6,0,0,50.00,https://www.espncricinfo.com/cricketers/mark-wood-351588,scorecard
Litton Das,16,17,20,2,0,94.11,https://www.espncricinfo.com/cricketers/litton-das-536936,scorecard
Tamim Iqbal,36,53,62,4,0,67.92,https://www.espncricinfo.com/cricketers/tamim-iqbal-56194,scorecard
Shakib Al Hasan,51,69,99,1,0,73.91,https://www.espncricinfo.com/cricketers/shakib-al-hasan-56143,scorecard
Mushfiqur Rahim †,83,87,148,4,1,95.40,https://www.espncricinfo.com/cricketers/mushfiqur-rahim-56029,scorecard
Soumya Sarkar,3,10,13,0,0,30.00,https://www.espncricinfo.com/cricketers/soumya-sarkar-436677,scorecard
Mahmudullah,27,38,52,2,0,71.05,https://www.espncricinfo.com/cricketers/mahmudullah-56025,scorecard
Mosaddek Hossain,35,24,34,4,0,145.83,https://www.espncricinfo.com/cricketers/mosaddek-hossain-550133,scorecard
Mohammad Saifuddin,2,2,7,0,0,100.00,https://www.espncricinfo.com/cricketers/mohammad-saifuddin-629070,scorecard
Gulbadin Naib (c),47,75,107,3,0,62.66,https://www.espncricinfo.com/cricketers/gulbadin-naib-352048,scorecard
Rahmat Shah,24,35,45,3,0,68.57,https://www.espncricinfo.com/cricketers/rahmat-shah-533956,scorecard
Hashmatullah Shahidi,11,31,36,0,0,35.48,https://www.espncricinfo.com/cricketers/hashmatullah-shahidi-440970,scorecard
Asghar Afghan,20,38,44,1,0,52.63,https://www.espncricinfo.com/cricketers/asghar-afghan-320652,scorecard
Mohammad Nabi,0,2,3,0,0,0.00,https://www.espncricinfo.com/cricketers/mohammad-nabi-25913,scorecard
Samiullah Shinwari,49,51,90,3,1,96.07,https://www.espncricinfo.com/cricketers/samiullah-shinwari-318339,scorecard
Ikram Alikhil †,11,12,20,1,0,91.66,https://www.espncricinfo.com/cricketers/ikram-alikhil-935553,scorecard
Najibullah Zadran,23,23,34,2,0,100.00,https://www.espncricinfo.com/cricketers/najibullah-zadran-524049,scorecard
Rashid Khan,2,3,7,0,0,66.66,https://www.espncricinfo.com/cricketers/rashid-khan-793463,scorecard
Dawlat Zadran,0,8,11,0,0,0.00,https://www.espncricinfo.com/cricketers/dawlat-zadran-516561,scorecard
Mujeeb Ur Rahman,0,4,7,0,0,0.00,https://www.espncricinfo.com/cricketers/mujeeb-ur-rahman-974109,scorecard
Imam-ul-Haq,44,58,71,6,0,75.86,https://www.espncricinfo.com/cricketers/imam-ul-haq-568276,scorecard
Fakhar Zaman,44,50,94,6,1,88.00,https://www.espncricinfo.com/cricketers/fakhar-zaman-512191,scorecard
Babar Azam,69,80,113,7,0,86.25,https://www.espncricinfo.com/cricketers/babar-azam-348144,scorecard
Mohammad Hafeez,20,33,38,0,1,60.60,https://www.espncricinfo.com/cricketers/mohammad-hafeez-41434,scorecard
Haris Sohail,89,59,95,9,3,150.84,https://www.espncricinfo.com/cricketers/haris-sohail-318788,scorecard
Imad Wasim,23,15,33,3,0,153.33,https://www.espncricinfo.com/cricketers/imad-wasim-227758,scorecard
Wahab Riaz,4,4,7,0,0,100.00,https://www.espncricinfo.com/cricketers/wahab-riaz-43590,scorecard
Sarfaraz Ahmed (c)†,2,2,6,0,0,100.00,https://www.espncricinfo.com/cricketers/sarfaraz-ahmed-227760,scorecard
Shadab Khan,1,1,2,0,0,100.00,https://www.espncricinfo.com/cricketers/shadab-khan-922943,scorecard
Hashim Amla,2,3,7,0,0,66.66,https://www.espncricinfo.com/cricketers/hashim-amla-43906,scorecard
Quinton de Kock †,47,60,83,3,2,78.33,https://www.espncricinfo.com/cricketers/quinton-de-kock-379143,scorecard
Faf du Plessis (c),63,79,112,5,0,79.74,https://www.espncricinfo.com/cricketers/faf-du-plessis-44828,scorecard
Aiden Markram,7,16,13,0,0,43.75,https://www.espncricinfo.com/cricketers/aiden-markram-600498,scorecard
Rassie van der Dussen,36,47,71,1,1,76.59,https://www.espncricinfo.com/cricketers/rassie-van-der-dussen-337790,scorecard
David Miller,31,37,54,3,0,83.78,https://www.espncricinfo.com/cricketers/david-miller-321777,scorecard
Andile Phehlukwayo,46,32,50,6,0,143.75,https://www.espncricinfo.com/cricketers/andile-phehlukwayo-540316,scorecard
Chris Morris,16,10,16,1,1,160.00,https://www.espncricinfo.com/cricketers/chris-morris-439952,scorecard
Kagiso Rabada,3,7,13,0,0,42.85,https://www.espncricinfo.com/cricketers/kagiso-rabada-550215,scorecard
Lungi Ngidi,1,6,9,0,0,16.66,https://www.espncricinfo.com/cricketers/lungi-ngidi-542023,scorecard
Imran Tahir,1,3,8,0,0,33.33,https://www.espncricinfo.com/cricketers/imran-tahir-40618,scorecard
Martin Guptill,0,1,3,0,0,0.00,https://www.espncricinfo.com/cricketers/martin-guptill-226492,scorecard
Colin Munro,0,1,10,0,0,0.00,https://www.espncricinfo.com/cricketers/colin-munro-232359,scorecard
Kane Williamson (c),148,154,212,14,1,96.10,https://www.espncricinfo.com/cricketers/kane-williamson-277906,scorecard
Ross Taylor,69,95,148,7,0,72.63,https://www.espncricinfo.com/cricketers/ross-taylor-38699,scorecard
Tom Latham †,12,16,35,0,0,75.00,https://www.espncricinfo.com/cricketers/tom-latham-388802,scorecard
James Neesham,28,23,43,1,1,121.73,https://www.espncricinfo.com/cricketers/james-neesham-355269,scorecard
Colin de Grandhomme,16,6,11,1,1,266.66,https://www.espncricinfo.com/cricketers/colin-de-grandhomme-55395,scorecard
Mitchell Santner,10,5,8,0,1,200.00,https://www.espncricinfo.com/cricketers/mitchell-santner-502714,scorecard
Matt Henry,0,0,1,0,0,-,https://www.espncricinfo.com/cricketers/matt-henry-506612,scorecard
Chris Gayle,87,84,111,8,6,103.57,https://www.espncricinfo.com/cricketers/chris-gayle-51880,scorecard
Shai Hope †,1,3,12,0,0,33.33,https://www.espncricinfo.com/cricketers/shai-hope-581379,scorecard
Nicholas Pooran,1,7,17,0,0,14.28,https://www.espncricinfo.com/cricketers/nicholas-pooran-604302,scorecard
Shimron Hetmyer,54,45,72,8,1,120.00,https://www.espncricinfo.com/cricketers/shimron-hetmyer-670025,scorecard
Jason Holder (c),0,1,2,0,0,0.00,https://www.espncricinfo.com/cricketers/jason-holder-391485,scorecard
Carlos Brathwaite,101,82,117,9,5,123.17,https://www.espncricinfo.com/cricketers/carlos-brathwaite-457249,scorecard
Ashley Nurse,1,8,9,0,0,12.50,https://www.espncricinfo.com/cricketers/ashley-nurse-315594,scorecard
Evin Lewis,0,3,4,0,0,0.00,https://www.espncricinfo.com/cricketers/evin-lewis-431901,scorecard
Kemar Roach,14,31,44,0,1,45.16,https://www.espncricinfo.com/cricketers/kemar-roach-230553,scorecard
Sheldon Cottrell,15,26,30,2,0,57.69,https://www.espncricinfo.com/cricketers/sheldon-cottrell-495551,scorecard
Oshane Thomas,0,4,24,0,0,0.00,https://www.espncricinfo.com/cricketers/oshane-thomas-914567,scorecard
KL Rahul,30,53,56,2,0,56.60,https://www.espncricinfo.com/cricketers/kl-rahul-422108,scorecard
Rohit Sharma,1,10,60,0,0,10.00,https://www.espncricinfo.com/cricketers/rohit-sharma-34102,scorecard
Virat Kohli (c),67,63,105,5,0,106.34,https://www.espncricinfo.com/cricketers/virat-kohli-253802,scorecard
Vijay Shankar,29,41,49,2,0,70.73,https://www.espncricinfo.com/cricketers/vijay-shankar-477021,scorecard
MS Dhoni †,28,52,75,3,0,53.84,https://www.espncricinfo.com/cricketers/ms-dhoni-28081,scorecard
Kedar Jadhav,52,68,88,3,1,76.47,https://www.espncricinfo.com/cricketers/kedar-jadhav-290716,scorecard
Hardik Pandya,7,9,23,0,0,77.77,https://www.espncricinfo.com/cricketers/hardik-pandya-625371,scorecard
Mohammed Shami,1,2,7,0,0,50.00,https://www.espncricinfo.com/cricketers/mohammed-shami-481896,scorecard
Kuldeep Yadav,1,1,4,0,0,100.00,https://www.espncricinfo.com/cricketers/kuldeep-yadav-559235,scorecard
Jasprit Bumrah,1,1,2,0,0,100.00,https://www.espncricinfo.com/cricketers/jasprit-bumrah-625383,scorecard
Hazratullah Zazai,10,24,32,1,0,41.66,https://www.espncricinfo.com/cricketers/hazratullah-zazai-793457,scorecard
Gulbadin Naib (c),27,42,78,2,0,64.28,https://www.espncricinfo.com/cricketers/gulbadin-naib-352048,scorecard
Rahmat Shah,36,63,94,3,0,57.14,https://www.espncricinfo.com/cricketers/rahmat-shah-533956,scorecard
Hashmatullah Shahidi,21,45,53,2,0,46.66,https://www.espncricinfo.com/cricketers/hashmatullah-shahidi-440970,scorecard
Asghar Afghan,8,19,33,0,0,42.10,https://www.espncricinfo.com/cricketers/asghar-afghan-320652,scorecard
Mohammad Nabi,52,55,105,4,1,94.54,https://www.espncricinfo.com/cricketers/mohammad-nabi-25913,scorecard
Najibullah Zadran,21,23,32,2,0,91.30,https://www.espncricinfo.com/cricketers/najibullah-zadran-524049,scorecard
Rashid Khan,14,16,20,1,0,87.50,https://www.espncricinfo.com/cricketers/rashid-khan-793463,scorecard
Ikram Alikhil †,7,10,28,0,0,70.00,https://www.espncricinfo.com/cricketers/ikram-alikhil-935553,scorecard
Aftab Alam,0,1,2,0,0,0.00,https://www.espncricinfo.com/cricketers/aftab-alam-440963,scorecard
Mujeeb Ur Rahman,0,1,2,0,0,0.00,https://www.espncricinfo.com/cricketers/mujeeb-ur-rahman-974109,scorecard
Dimuth Karunaratne (c),1,8,9,0,0,12.50,https://www.espncricinfo.com/cricketers/dimuth-karunaratne-227772,scorecard
Kusal Perera †,2,6,12,0,0,33.33,https://www.espncricinfo.com/cricketers/kusal-perera-300631,scorecard
Avishka Fernando,49,39,50,6,2,125.64,https://www.espncricinfo.com/cricketers/avishka-fernando-784369,scorecard
Kusal Mendis,46,68,110,2,0,67.64,https://www.espncricinfo.com/cricketers/kusal-mendis-629074,scorecard
Angelo Mathews,85,115,146,5,1,73.91,https://www.espncricinfo.com/cricketers/angelo-mathews-49764,scorecard
Jeevan Mendis,0,1,2,0,0,0.00,https://www.espncricinfo.com/cricketers/jeevan-mendis-49700,scorecard
Dhananjaya de Silva,29,47,48,1,0,61.70,https://www.espncricinfo.com/cricketers/dhananjaya-de-silva-465793,scorecard
Thisara Perera,2,6,12,0,0,33.33,https://www.espncricinfo.com/cricketers/thisara-perera-233514,scorecard
Isuru Udana,6,4,7,1,0,150.00,https://www.espncricinfo.com/cricketers/isuru-udana-328026,scorecard
Lasith Malinga,1,5,9,0,0,20.00,https://www.espncricinfo.com/cricketers/lasith-malinga-49758,scorecard
Nuwan Pradeep,1,1,8,0,0,100.00,https://www.espncricinfo.com/cricketers/nuwan-pradeep-324358,scorecard
James Vince,14,18,33,2,0,77.77,https://www.espncricinfo.com/cricketers/james-vince-296597,scorecard
Jonny Bairstow,0,1,3,0,0,0.00,https://www.espncricinfo.com/cricketers/jonny-bairstow-297433,scorecard
Joe Root,57,89,126,3,0,64.04,https://www.espncricinfo.com/cricketers/joe-root-303669,scorecard
Eoin Morgan (c),21,35,51,2,0,60.00,https://www.espncricinfo.com/cricketers/eoin-morgan-24598,scorecard
Ben Stokes,82,89,135,7,4,92.13,https://www.espncricinfo.com/cricketers/ben-stokes-311158,scorecard
Jos Buttler †,10,9,16,1,0,111.11,https://www.espncricinfo.com/cricketers/jos-buttler-308967,scorecard
Moeen Ali,16,20,25,0,1,80.00,https://www.espncricinfo.com/cricketers/moeen-ali-8917,scorecard
Chris Woakes,2,4,8,0,0,50.00,https://www.espncricinfo.com/cricketers/chris-woakes-247235,scorecard
Adil Rashid,1,2,3,0,0,50.00,https://www.espncricinfo.com/cricketers/adil-rashid-244497,scorecard
Jofra Archer,3,11,18,0,0,27.27,https://www.espncricinfo.com/cricketers/jofra-archer-669855,scorecard
Mark Wood,0,4,19,0,0,0.00,https://www.espncricinfo.com/cricketers/mark-wood-351588,scorecard
David Warner,166,147,184,14,5,112.92,https://www.espncricinfo.com/cricketers/david-warner-219889,scorecard
Aaron Finch (c),53,51,91,5,2,103.92,https://www.espncricinfo.com/cricketers/aaron-finch-5334,scorecard
Usman Khawaja,89,72,110,10,0,123.61,https://www.espncricinfo.com/cricketers/usman-khawaja-215155,scorecard
Glenn Maxwell,32,10,14,2,3,320.00,https://www.espncricinfo.com/cricketers/glenn-maxwell-325026,scorecard
Marcus Stoinis,17,11,22,2,0,154.54,https://www.espncricinfo.com/cricketers/marcus-stoinis-325012,scorecard
Steven Smith,1,2,4,0,0,50.00,https://www.espncricinfo.com/cricketers/steven-smith-267192,scorecard
Alex Carey †,11,8,14,1,0,137.50,https://www.espncricinfo.com/cricketers/alex-carey-326434,scorecard
Tamim Iqbal,62,74,103,6,0,83.78,https://www.espncricinfo.com/cricketers/tamim-iqbal-56194,scorecard
Soumya Sarkar,10,8,18,2,0,125.00,https://www.espncricinfo.com/cricketers/soumya-sarkar-436677,scorecard
Shakib Al Hasan,41,41,61,4,0,100.00,https://www.espncricinfo.com/cricketers/shakib-al-hasan-56143,scorecard
Mushfiqur Rahim †,102,97,146,9,1,105.15,https://www.espncricinfo.com/cricketers/mushfiqur-rahim-56029,scorecard
Litton Das,20,17,29,3,0,117.64,https://www.espncricinfo.com/cricketers/litton-das-536936,scorecard
Mahmudullah,69,50,70,5,3,138.00,https://www.espncricinfo.com/cricketers/mahmudullah-56025,scorecard
Sabbir Rahman,0,1,2,0,0,0.00,https://www.espncricinfo.com/cricketers/sabbir-rahman-373538,scorecard
Mehidy Hasan Miraz,6,7,14,0,0,85.71,https://www.espncricinfo.com/cricketers/mehidy-hasan-miraz-629063,scorecard
Mashrafe Mortaza (c),6,5,7,1,0,120.00,https://www.espncricinfo.com/cricketers/mashrafe-mortaza-56007,scorecard
Quinton de Kock †,5,8,8,1,0,62.50,https://www.espncricinfo.com/cricketers/quinton-de-kock-379143,scorecard
Hashim Amla,55,83,111,4,0,66.26,https://www.espncricinfo.com/cricketers/hashim-amla-43906,scorecard
Faf du Plessis (c),23,35,53,4,0,65.71,https://www.espncricinfo.com/cricketers/faf-du-plessis-44828,scorecard
Aiden Markram,38,55,74,4,0,69.09,https://www.espncricinfo.com/cricketers/aiden-markram-600498,scorecard
Rassie van der Dussen,67,64,100,2,3,104.68,https://www.espncricinfo.com/cricketers/rassie-van-der-dussen-337790,scorecard
David Miller,36,37,55,2,1,97.29,https://www.espncricinfo.com/cricketers/david-miller-321777,scorecard
Andile Phehlukwayo,0,5,12,0,0,0.00,https://www.espncricinfo.com/cricketers/andile-phehlukwayo-540316,scorecard
Chris Morris,6,7,12,1,0,85.71,https://www.espncricinfo.com/cricketers/chris-morris-439952,scorecard
Martin Guptill,35,59,68,5,0,59.32,https://www.espncricinfo.com/cricketers/martin-guptill-226492,scorecard
Colin Munro,9,5,12,2,0,180.00,https://www.espncricinfo.com/cricketers/colin-munro-232359,scorecard
Kane Williamson (c),106,138,216,9,1,76.81,https://www.espncricinfo.com/cricketers/kane-williamson-277906,scorecard
Ross Taylor,1,2,6,0,0,50.00,https://www.espncricinfo.com/cricketers/ross-taylor-38699,scorecard
Tom Latham †,1,4,10,0,0,25.00,https://www.espncricinfo.com/cricketers/tom-latham-388802,scorecard
James Neesham,23,34,60,3,0,67.64,https://www.espncricinfo.com/cricketers/james-neesham-355269,scorecard
Colin de Grandhomme,60,47,70,5,2,127.65,https://www.espncricinfo.com/cricketers/colin-de-grandhomme-55395,scorecard
Mitchell Santner,2,3,14,0,0,66.66,https://www.espncricinfo.com/cricketers/mitchell-santner-502714,scorecard
James Vince,26,31,37,3,0,83.87,https://www.espncricinfo.com/cricketers/james-vince-296597,scorecard
Jonny Bairstow,90,99,115,8,3,90.90,https://www.espncricinfo.com/cricketers/jonny-bairstow-297433,scorecard
Joe Root,88,82,155,5,1,107.31,https://www.espncricinfo.com/cricketers/joe-root-303669,scorecard
Eoin Morgan (c),148,71,77,4,17,208.45,https://www.espncricinfo.com/cricketers/eoin-morgan-24598,scorecard
Jos Buttler †,2,2,8,0,0,100.00,https://www.espncricinfo.com/cricketers/jos-buttler-308967,scorecard
Ben Stokes,2,6,14,0,0,33.33,https://www.espncricinfo.com/cricketers/ben-stokes-311158,scorecard
Moeen Ali,31,9,15,1,4,344.44,https://www.espncricinfo.com/cricketers/moeen-ali-8917,scorecard
Chris Woakes,1,1,6,0,0,100.00,https://www.espncricinfo.com/cricketers/chris-woakes-247235,scorecard
Noor Ali Zadran,0,7,8,0,0,0.00,https://www.espncricinfo.com/cricketers/noor-ali-zadran-318340,scorecard
Gulbadin Naib (c),37,28,52,4,1,132.14,https://www.espncricinfo.com/cricketers/gulbadin-naib-352048,scorecard
Rahmat Shah,46,74,98,3,1,62.16,https://www.espncricinfo.com/cricketers/rahmat-shah-533956,scorecard
Hashmatullah Shahidi,76,100,145,5,2,76.00,https://www.espncricinfo.com/cricketers/hashmatullah-shahidi-440970,scorecard
Asghar Afghan,44,48,68,3,2,91.66,https://www.espncricinfo.com/cricketers/asghar-afghan-320652,scorecard
Mohammad Nabi,9,7,8,0,1,128.57,https://www.espncricinfo.com/cricketers/mohammad-nabi-25913,scorecard
Najibullah Zadran,15,13,21,0,1,115.38,https://www.espncricinfo.com/cricketers/najibullah-zadran-524049,scorecard
Rashid Khan,8,13,19,1,0,61.53,https://www.espncricinfo.com/cricketers/rashid-khan-793463,scorecard
Ikram Alikhil †,3,10,18,0,0,30.00,https://www.espncricinfo.com/cricketers/ikram-alikhil-935553,scorecard
Dawlat Zadran,0,0,2,0,0,-,https://www.espncricinfo.com/cricketers/dawlat-zadran-516561,scorecard
Chris Gayle,0,13,17,0,0,0.00,https://www.espncricinfo.com/cricketers/chris-gayle-51880,scorecard
Evin Lewis,70,67,105,6,2,104.47,https://www.espncricinfo.com/cricketers/evin-lewis-431901,scorecard
Shai Hope †,96,121,191,4,1,79.33,https://www.espncricinfo.com/cricketers/shai-hope-581379,scorecard
Nicholas Pooran,25,30,29,2,1,83.33,https://www.espncricinfo.com/cricketers/nicholas-pooran-604302,scorecard
Shimron Hetmyer,50,26,34,4,3,192.30,https://www.espncricinfo.com/cricketers/shimron-hetmyer-670025,scorecard
Andre Russell,0,2,5,0,0,0.00,https://www.espncricinfo.com/cricketers/andre-russell-276298,scorecard
Jason Holder (c),33,15,18,4,2,220.00,https://www.espncricinfo.com/cricketers/jason-holder-391485,scorecard
Darren Bravo,19,15,36,0,2,126.66,https://www.espncricinfo.com/cricketers/darren-bravo-277472,scorecard
Oshane Thomas,6,11,20,0,0,54.54,https://www.espncricinfo.com/cricketers/oshane-thomas-914567,scorecard
Tamim Iqbal,48,53,87,6,0,90.56,https://www.espncricinfo.com/cricketers/tamim-iqbal-56194,scorecard
Soumya Sarkar,29,23,38,2,2,126.08,https://www.espncricinfo.com/cricketers/soumya-sarkar-436677,scorecard
Shakib Al Hasan,124,99,170,16,0,125.25,https://www.espncricinfo.com/cricketers/shakib-al-hasan-56143,scorecard
Mushfiqur Rahim †,1,5,11,0,0,20.00,https://www.espncricinfo.com/cricketers/mushfiqur-rahim-56029,scorecard
Litton Das,94,69,112,8,4,136.23,https://www.espncricinfo.com/cricketers/litton-das-536936,scorecard
KL Rahul,57,78,94,3,2,73.07,https://www.espncricinfo.com/cricketers/kl-rahul-422108,scorecard
Rohit Sharma,140,113,153,14,3,123.89,https://www.espncricinfo.com/cricketers/rohit-sharma-34102,scorecard
Virat Kohli (c),77,65,105,7,0,118.46,https://www.espncricinfo.com/cricketers/virat-kohli-253802,scorecard
Hardik Pandya,26,19,24,2,1,136.84,https://www.espncricinfo.com/cricketers/hardik-pandya-625371,scorecard
MS Dhoni †,1,2,8,0,0,50.00,https://www.espncricinfo.com/cricketers/ms-dhoni-28081,scorecard
Vijay Shankar,15,15,27,1,0,100.00,https://www.espncricinfo.com/cricketers/vijay-shankar-477021,scorecard
Kedar Jadhav,9,8,13,1,0,112.50,https://www.espncricinfo.com/cricketers/kedar-jadhav-290716,scorecard
Imam-ul-Haq,7,18,23,1,0,38.88,https://www.espncricinfo.com/cricketers/imam-ul-haq-568276,scorecard
Fakhar Zaman,62,75,112,7,1,82.66,https://www.espncricinfo.com/cricketers/fakhar-zaman-512191,scorecard
Babar Azam,48,57,83,3,1,84.21,https://www.espncricinfo.com/cricketers/babar-azam-348144,scorecard
Mohammad Hafeez,9,7,13,0,1,128.57,https://www.espncricinfo.com/cricketers/mohammad-hafeez-41434,scorecard
Sarfaraz Ahmed (c)†,12,30,42,0,0,40.00,https://www.espncricinfo.com/cricketers/sarfaraz-ahmed-227760,scorecard
Shoaib Malik,0,1,3,0,0,0.00,https://www.espncricinfo.com/cricketers/shoaib-malik-42657,scorecard
Imad Wasim,46,39,57,6,0,117.94,https://www.espncricinfo.com/cricketers/imad-wasim-227758,scorecard
Shadab Khan,20,14,24,1,0,142.85,https://www.espncricinfo.com/cricketers/shadab-khan-922943,scorecard
Hazratullah Zazai,22,23,40,3,0,95.65,https://www.espncricinfo.com/cricketers/hazratullah-zazai-793457,scorecard
Noor Ali Zadran,32,58,105,4,0,55.17,https://www.espncricinfo.com/cricketers/noor-ali-zadran-318340,scorecard
Rahmat Shah,6,22,32,1,0,27.27,https://www.espncricinfo.com/cricketers/rahmat-shah-533956,scorecard
Hashmatullah Shahidi,8,22,29,1,0,36.36,https://www.espncricinfo.com/cricketers/hashmatullah-shahidi-440970,scorecard
Asghar Afghan,0,5,9,0,0,0.00,https://www.espncricinfo.com/cricketers/asghar-afghan-320652,scorecard
Mohammad Nabi,1,2,6,0,0,50.00,https://www.espncricinfo.com/cricketers/mohammad-nabi-25913,scorecard
Ikram Alikhil †,9,33,43,0,0,27.27,https://www.espncricinfo.com/cricketers/ikram-alikhil-935553,scorecard
Gulbadin Naib (c),5,11,12,0,0,45.45,https://www.espncricinfo.com/cricketers/gulbadin-naib-352048,scorecard
Rashid Khan,35,25,34,6,0,140.00,https://www.espncricinfo.com/cricketers/rashid-khan-793463,scorecard
Hamid Hassan,0,3,12,0,0,0.00,https://www.espncricinfo.com/cricketers/hamid-hassan-311427,scorecard
Aftab Alam,0,1,7,0,0,0.00,https://www.espncricinfo.com/cricketers/aftab-alam-440963,scorecard
Hashim Amla,41,83,105,4,0,49.39,https://www.espncricinfo.com/cricketers/hashim-amla-43906,scorecard
Quinton de Kock †,68,72,84,8,0,94.44,https://www.espncricinfo.com/cricketers/quinton-de-kock-379143,scorecard
Andile Phehlukwayo,17,17,21,2,1,100.00,https://www.espncricinfo.com/cricketers/andile-phehlukwayo-540316,scorecard
David Warner,26,48,70,2,0,54.16,https://www.espncricinfo.com/cricketers/david-warner-219889,scorecard
Aaron Finch (c),153,132,176,15,5,115.90,https://www.espncricinfo.com/cricketers/aaron-finch-5334,scorecard
Usman Khawaja,10,20,21,1,0,50.00,https://www.espncricinfo.com/cricketers/usman-khawaja-215155,scorecard
Steven Smith,73,59,90,7,1,123.72,https://www.espncricinfo.com/cricketers/steven-smith-267192,scorecard
Glenn Maxwell,46,25,40,5,1,184.00,https://www.espncricinfo.com/cricketers/glenn-maxwell-325026,scorecard
Shaun Marsh,3,9,19,0,0,33.33,https://www.espncricinfo.com/cricketers/shaun-marsh-6683,scorecard
Alex Carey †,4,3,8,0,0,133.33,https://www.espncricinfo.com/cricketers/alex-carey-326434,scorecard
Pat Cummins,0,1,4,0,0,0.00,https://www.espncricinfo.com/cricketers/pat-cummins-489889,scorecard
Mitchell Starc,5,4,7,0,0,125.00,https://www.espncricinfo.com/cricketers/mitchell-starc-311592,scorecard
Dimuth Karunaratne (c),97,108,132,9,0,89.81,https://www.espncricinfo.com/cricketers/dimuth-karunaratne-227772,scorecard
Kusal Perera †,52,36,64,5,1,144.44,https://www.espncricinfo.com/cricketers/kusal-perera-300631,scorecard
Lahiru Thirimanne,16,26,34,1,0,61.53,https://www.espncricinfo.com/cricketers/lahiru-thirimanne-301236,scorecard
Kusal Mendis,30,37,68,0,2,81.08,https://www.espncricinfo.com/cricketers/kusal-mendis-629074,scorecard
Angelo Mathews,9,11,14,2,0,81.81,https://www.espncricinfo.com/cricketers/angelo-mathews-49764,scorecard
Milinda Siriwardana,3,4,5,0,0,75.00,https://www.espncricinfo.com/cricketers/milinda-siriwardana-222354,scorecard
Thisara Perera,7,3,4,0,1,233.33,https://www.espncricinfo.com/cricketers/thisara-perera-233514,scorecard
Dhananjaya de Silva,16,30,43,2,0,53.33,https://www.espncricinfo.com/cricketers/dhananjaya-de-silva-465793,scorecard
Isuru Udana,8,8,8,1,0,100.00,https://www.espncricinfo.com/cricketers/isuru-udana-328026,scorecard
Lasith Malinga,1,5,9,0,0,20.00,https://www.espncricinfo.com/cricketers/lasith-malinga-49758,scorecard
Nuwan Pradeep,0,7,21,0,0,0.00,https://www.espncricinfo.com/cricketers/nuwan-pradeep-324358,scorecard
Chris Gayle,36,41,57,5,1,87.80,https://www.espncricinfo.com/cricketers/chris-gayle-51880,scorecard
Evin Lewis,2,8,14,0,0,25.00,https://www.espncricinfo.com/cricketers/evin-lewis-431901,scorecard
Shai Hope †,11,30,47,1,0,36.66,https://www.espncricinfo.com/cricketers/shai-hope-581379,scorecard
Nicholas Pooran,63,78,116,3,1,80.76,https://www.espncricinfo.com/cricketers/nicholas-pooran-604302,scorecard
Shimron Hetmyer,39,48,70,4,0,81.25,https://www.espncricinfo.com/cricketers/shimron-hetmyer-670025,scorecard
Jason Holder (c),9,10,9,0,1,90.00,https://www.espncricinfo.com/cricketers/jason-holder-391485,scorecard
Andre Russell,21,16,19,1,2,131.25,https://www.espncricinfo.com/cricketers/andre-russell-276298,scorecard
Carlos Brathwaite,14,22,39,0,1,63.63,https://www.espncricinfo.com/cricketers/carlos-brathwaite-457249,scorecard
Sheldon Cottrell,0,1,3,0,0,0.00,https://www.espncricinfo.com/cricketers/sheldon-cottrell-495551,scorecard
Oshane Thomas,0,11,23,0,0,0.00,https://www.espncricinfo.com/cricketers/oshane-thomas-914567,scorecard
Shannon Gabriel,0,3,7,0,0,0.00,https://www.espncricinfo.com/cricketers/shannon-gabriel-446101,scorecard
Jonny Bairstow,45,46,72,7,0,97.82,https://www.espncricinfo.com/cricketers/jonny-bairstow-297433,scorecard
Joe Root,100,94,164,11,0,106.38,https://www.espncricinfo.com/cricketers/joe-root-303669,scorecard
Chris Woakes,40,54,78,4,0,74.07,https://www.espncricinfo.com/cricketers/chris-woakes-247235,scorecard
Ben Stokes,10,6,12,2,0,166.66,https://www.espncricinfo.com/cricketers/ben-stokes-311158,scorecard
Aaron Finch (c),82,84,94,6,4,97.61,https://www.espncricinfo.com/cricketers/aaron-finch-5334,scorecard
David Warner,107,111,161,11,1,96.39,https://www.espncricinfo.com/cricketers/david-warner-219889,scorecard
Steven Smith,10,13,28,1,0,76.92,https://www.espncricinfo.com/cricketers/steven-smith-267192,scorecard
Glenn Maxwell,20,10,20,2,1,200.00,https://www.espncricinfo.com/cricketers/glenn-maxwell-325026,scorecard
Shaun Marsh,23,26,46,2,0,88.46,https://www.espncricinfo.com/cricketers/shaun-marsh-6683,scorecard
Usman Khawaja,18,16,18,3,0,112.50,https://www.espncricinfo.com/cricketers/usman-khawaja-215155,scorecard
Alex Carey †,20,21,31,2,0,95.23,https://www.espncricinfo.com/cricketers/alex-carey-326434,scorecard
Nathan Coulter-Nile,2,3,9,0,0,66.66,https://www.espncricinfo.com/cricketers/nathan-coulter-nile-261354,scorecard
Pat Cummins,2,6,6,0,0,33.33,https://www.espncricinfo.com/cricketers/pat-cummins-489889,scorecard
Mitchell Starc,3,6,10,0,0,50.00,https://www.espncricinfo.com/cricketers/mitchell-starc-311592,scorecard
Kane Richardson,1,1,3,0,0,100.00,https://www.espncricinfo.com/cricketers/kane-richardson-272262,scorecard
Imam-ul-Haq,53,75,107,7,0,70.66,https://www.espncricinfo.com/cricketers/imam-ul-haq-568276,scorecard
Fakhar Zaman,0,3,12,0,0,0.00,https://www.espncricinfo.com/cricketers/fakhar-zaman-512191,scorecard
Babar Azam,30,28,37,7,0,107.14,https://www.espncricinfo.com/cricketers/babar-azam-348144,scorecard
Mohammad Hafeez,46,49,69,3,1,93.87,https://www.espncricinfo.com/cricketers/mohammad-hafeez-41434,scorecard
Sarfaraz Ahmed (c)†,40,48,96,1,0,83.33,https://www.espncricinfo.com/cricketers/sarfaraz-ahmed-227760,scorecard
Shoaib Malik,0,2,4,0,0,0.00,https://www.espncricinfo.com/cricketers/shoaib-malik-42657,scorecard
Asif Ali,5,8,9,0,0,62.50,https://www.espncricinfo.com/cricketers/asif-ali-494230,scorecard
Hasan Ali,32,15,17,3,3,213.33,https://www.espncricinfo.com/cricketers/hasan-ali-681305,scorecard
Wahab Riaz,45,39,49,2,3,115.38,https://www.espncricinfo.com/cricketers/wahab-riaz-43590,scorecard
Mohammad Amir,0,2,5,0,0,0.00,https://www.espncricinfo.com/cricketers/mohammad-amir-290948,scorecard
Shaheen Shah Afridi,1,6,5,0,0,16.66,https://www.espncricinfo.com/cricketers/shaheen-shah-afridi-1072470,scorecard
Quinton de Kock †,17,21,37,1,0,80.95,https://www.espncricinfo.com/cricketers/quinton-de-kock-379143,scorecard
Hashim Amla,6,7,13,1,0,85.71,https://www.espncricinfo.com/cricketers/hashim-amla-43906,scorecard
Aiden Markram,5,10,16,1,0,50.00,https://www.espncricinfo.com/cricketers/aiden-markram-600498,scorecard
Faf du Plessis (c),0,7,9,0,0,0.00,https://www.espncricinfo.com/cricketers/faf-du-plessis-44828,scorecard
Rohit Sharma,57,70,101,3,1,81.42,https://www.espncricinfo.com/cricketers/rohit-sharma-34102,scorecard
Shikhar Dhawan,117,109,163,16,0,107.33,https://www.espncricinfo.com/cricketers/shikhar-dhawan-28235,scorecard
Virat Kohli (c),82,77,128,4,2,106.49,https://www.espncricinfo.com/cricketers/virat-kohli-253802,scorecard
Hardik Pandya,48,27,41,4,3,177.77,https://www.espncricinfo.com/cricketers/hardik-pandya-625371,scorecard
MS Dhoni †,27,14,20,3,1,192.85,https://www.espncricinfo.com/cricketers/ms-dhoni-28081,scorecard
KL Rahul,11,3,6,1,1,366.66,https://www.espncricinfo.com/cricketers/kl-rahul-422108,scorecard
Kedar Jadhav,0,0,2,0,0,-,https://www.espncricinfo.com/cricketers/kedar-jadhav-290716,scorecard
David Warner,56,84,111,5,0,66.66,https://www.espncricinfo.com/cricketers/david-warner-219889,scorecard
Aaron Finch (c),36,35,60,3,1,102.85,https://www.espncricinfo.com/cricketers/aaron-finch-5334,scorecard
Steven Smith,69,70,115,5,1,98.57,https://www.espncricinfo.com/cricketers/steven-smith-267192,scorecard
Usman Khawaja,42,39,48,4,1,107.69,https://www.espncricinfo.com/cricketers/usman-khawaja-215155,scorecard
Glenn Maxwell,28,14,25,5,0,200.00,https://www.espncricinfo.com/cricketers/glenn-maxwell-325026,scorecard
Marcus Stoinis,0,2,3,0,0,0.00,https://www.espncricinfo.com/cricketers/marcus-stoinis-325012,scorecard
Alex Carey †,55,35,50,5,1,157.14,https://www.espncricinfo.com/cricketers/alex-carey-326434,scorecard
Nathan Coulter-Nile,4,9,22,0,0,44.44,https://www.espncricinfo.com/cricketers/nathan-coulter-nile-261354,scorecard
Pat Cummins,8,7,11,1,0,114.28,https://www.espncricinfo.com/cricketers/pat-cummins-489889,scorecard
Mitchell Starc,3,3,12,0,0,100.00,https://www.espncricinfo.com/cricketers/mitchell-starc-311592,scorecard
Adam Zampa,1,3,4,0,0,33.33,https://www.espncricinfo.com/cricketers/adam-zampa-379504,scorecard
Hazratullah Zazai,34,28,48,5,1,121.42,https://www.espncricinfo.com/cricketers/hazratullah-zazai-793457,scorecard
Noor Ali Zadran,31,38,52,5,0,81.57,https://www.espncricinfo.com/cricketers/noor-ali-zadran-318340,scorecard
Rahmat Shah,0,4,10,0,0,0.00,https://www.espncricinfo.com/cricketers/rahmat-shah-533956,scorecard
Hashmatullah Shahidi,59,99,143,9,0,59.59,https://www.espncricinfo.com/cricketers/hashmatullah-shahidi-440970,scorecard
Gulbadin Naib (c),4,4,9,1,0,100.00,https://www.espncricinfo.com/cricketers/gulbadin-naib-352048,scorecard
Mohammad Nabi,9,24,42,0,0,37.50,https://www.espncricinfo.com/cricketers/mohammad-nabi-25913,scorecard
Najibullah Zadran,4,3,2,1,0,133.33,https://www.espncricinfo.com/cricketers/najibullah-zadran-524049,scorecard
Ikram Alikhil †,2,22,34,0,0,9.09,https://www.espncricinfo.com/cricketers/ikram-alikhil-935553,scorecard
Rashid Khan,0,4,7,0,0,0.00,https://www.espncricinfo.com/cricketers/rashid-khan-793463,scorecard
Aftab Alam,14,10,10,3,0,140.00,https://www.espncricinfo.com/cricketers/aftab-alam-440963,scorecard
Hamid Hassan,7,11,26,1,0,63.63,https://www.espncricinfo.com/cricketers/hamid-hassan-311427,scorecard
Martin Guptill,0,1,3,0,0,0.00,https://www.espncricinfo.com/cricketers/martin-guptill-226492,scorecard
Colin Munro,22,24,38,4,0,91.66,https://www.espncricinfo.com/cricketers/colin-munro-232359,scorecard
Kane Williamson (c),79,99,136,9,0,79.79,https://www.espncricinfo.com/cricketers/kane-williamson-277906,scorecard
Ross Taylor,48,52,74,6,1,92.30,https://www.espncricinfo.com/cricketers/ross-taylor-38699,scorecard
Tom Latham †,13,18,27,1,0,72.22,https://www.espncricinfo.com/cricketers/tom-latham-388802,scorecard
Jason Roy,153,121,153,14,5,126.44,https://www.espncricinfo.com/cricketers/jason-roy-298438,scorecard
Jonny Bairstow,51,50,81,6,0,102.00,https://www.espncricinfo.com/cricketers/jonny-bairstow-297433,scorecard
Joe Root,21,29,54,1,0,72.41,https://www.espncricinfo.com/cricketers/joe-root-303669,scorecard
Jos Buttler †,64,44,66,2,4,145.45,https://www.espncricinfo.com/cricketers/jos-buttler-308967,scorecard
Eoin Morgan (c),35,33,56,1,2,106.06,https://www.espncricinfo.com/cricketers/eoin-morgan-24598,scorecard
Ben Stokes,6,7,13,0,0,85.71,https://www.espncricinfo.com/cricketers/ben-stokes-311158,scorecard
Chris Woakes,18,8,19,0,2,225.00,https://www.espncricinfo.com/cricketers/chris-woakes-247235,scorecard
Liam Plunkett,27,9,15,4,1,300.00,https://www.espncricinfo.com/cricketers/liam-plunkett-19264,scorecard
Tamim Iqbal,19,29,53,1,0,65.51,https://www.espncricinfo.com/cricketers/tamim-iqbal-56194,scorecard
Soumya Sarkar,2,8,14,0,0,25.00,https://www.espncricinfo.com/cricketers/soumya-sarkar-436677,scorecard
Shakib Al Hasan,121,119,147,12,1,101.68,https://www.espncricinfo.com/cricketers/shakib-al-hasan-56143,scorecard
Mushfiqur Rahim †,44,50,65,2,0,88.00,https://www.espncricinfo.com/cricketers/mushfiqur-rahim-56029,scorecard
Mohammad Mithun,0,2,4,0,0,0.00,https://www.espncricinfo.com/cricketers/mohammad-mithun-269237,scorecard
Mahmudullah,28,41,66,1,1,68.29,https://www.espncricinfo.com/cricketers/mahmudullah-56025,scorecard
Mosaddek Hossain,26,16,16,4,0,162.50,https://www.espncricinfo.com/cricketers/mosaddek-hossain-550133,scorecard
Mohammad Saifuddin,5,8,13,0,0,62.50,https://www.espncricinfo.com/cricketers/mohammad-saifuddin-629070,scorecard
Mehidy Hasan Miraz,12,8,16,2,0,150.00,https://www.espncricinfo.com/cricketers/mehidy-hasan-miraz-629063,scorecard
Mashrafe Mortaza (c),4,9,14,0,0,44.44,https://www.espncricinfo.com/cricketers/mashrafe-mortaza-56007,scorecard
Mustafizur Rahman,0,3,4,0,0,0.00,https://www.espncricinfo.com/cricketers/mustafizur-rahman-330902,scorecard
David Warner,3,8,24,0,0,37.50,https://www.espncricinfo.com/cricketers/david-warner-219889,scorecard
Aaron Finch (c),6,10,13,0,0,60.00,https://www.espncricinfo.com/cricketers/aaron-finch-5334,scorecard
Usman Khawaja,13,19,26,2,0,68.42,https://www.espncricinfo.com/cricketers/usman-khawaja-215155,scorecard
Steven Smith,73,103,178,7,0,70.87,https://www.espncricinfo.com/cricketers/steven-smith-267192,scorecard
Glenn Maxwell,0,2,5,0,0,0.00,https://www.espncricinfo.com/cricketers/glenn-maxwell-325026,scorecard
Marcus Stoinis,19,23,41,4,0,82.60,https://www.espncricinfo.com/cricketers/marcus-stoinis-325012,scorecard
Alex Carey †,45,55,62,7,0,81.81,https://www.espncricinfo.com/cricketers/alex-carey-326434,scorecard
Nathan Coulter-Nile,92,60,79,8,4,153.33,https://www.espncricinfo.com/cricketers/nathan-coulter-nile-261354,scorecard
Pat Cummins,2,6,12,0,0,33.33,https://www.espncricinfo.com/cricketers/pat-cummins-489889,scorecard
Mitchell Starc,8,9,13,1,0,88.88,https://www.espncricinfo.com/cricketers/mitchell-starc-311592,scorecard
Adam Zampa,0,0,2,0,0,-,https://www.espncricinfo.com/cricketers/adam-zampa-379504,scorecard
Chris Gayle,21,17,29,4,0,123.52,https://www.espncricinfo.com/cricketers/chris-gayle-51880,scorecard
Evin Lewis,1,5,10,0,0,20.00,https://www.espncricinfo.com/cricketers/evin-lewis-431901,scorecard
Shai Hope †,68,105,141,7,0,64.76,https://www.espncricinfo.com/cricketers/shai-hope-581379,scorecard
Nicholas Pooran,40,36,59,5,1,111.11,https://www.espncricinfo.com/cricketers/nicholas-pooran-604302,scorecard
Shimron Hetmyer,21,28,31,3,0,75.00,https://www.espncricinfo.com/cricketers/shimron-hetmyer-670025,scorecard
Jason Holder (c),51,57,83,7,1,89.47,https://www.espncricinfo.com/cricketers/jason-holder-391485,scorecard
Andre Russell,15,11,19,2,1,136.36,https://www.espncricinfo.com/cricketers/andre-russell-276298,scorecard
Carlos Brathwaite,16,17,31,1,1,94.11,https://www.espncricinfo.com/cricketers/carlos-brathwaite-457249,scorecard
Ashley Nurse,19,18,22,4,0,105.55,https://www.espncricinfo.com/cricketers/ashley-nurse-315594,scorecard
Sheldon Cottrell,1,2,7,0,0,50.00,https://www.espncricinfo.com/cricketers/sheldon-cottrell-495551,scorecard
Oshane Thomas,0,4,12,0,0,0.00,https://www.espncricinfo.com/cricketers/oshane-thomas-914567,scorecard
Tamim Iqbal,24,38,58,3,0,63.15,https://www.espncricinfo.com/cricketers/tamim-iqbal-56194,scorecard
Soumya Sarkar,25,25,35,3,0,100.00,https://www.espncricinfo.com/cricketers/soumya-sarkar-436677,scorecard
Shakib Al Hasan,64,68,98,7,0,94.11,https://www.espncricinfo.com/cricketers/shakib-al-hasan-56143,scorecard
Mushfiqur Rahim †,19,35,48,2,0,54.28,https://www.espncricinfo.com/cricketers/mushfiqur-rahim-56029,scorecard
Mohammad Mithun,26,33,59,3,0,78.78,https://www.espncricinfo.com/cricketers/mohammad-mithun-269237,scorecard
Mahmudullah,20,41,52,0,0,48.78,https://www.espncricinfo.com/cricketers/mahmudullah-56025,scorecard
Mosaddek Hossain,11,22,40,0,0,50.00,https://www.espncricinfo.com/cricketers/mosaddek-hossain-550133,scorecard
Mohammad Saifuddin,29,23,34,3,1,126.08,https://www.espncricinfo.com/cricketers/mohammad-saifuddin-629070,scorecard
Mehidy Hasan Miraz,7,9,9,0,0,77.77,https://www.espncricinfo.com/cricketers/mehidy-hasan-miraz-629063,scorecard
Mashrafe Mortaza (c),1,2,6,0,0,50.00,https://www.espncricinfo.com/cricketers/mashrafe-mortaza-56007,scorecard
Mustafizur Rahman,0,0,1,0,0,-,https://www.espncricinfo.com/cricketers/mustafizur-rahman-330902,scorecard
Martin Guptill,25,14,22,3,1,178.57,https://www.espncricinfo.com/cricketers/martin-guptill-226492,scorecard
Colin Munro,24,34,41,3,1,70.58,https://www.espncricinfo.com/cricketers/colin-munro-232359,scorecard
Kane Williamson (c),40,72,108,1,0,55.55,https://www.espncricinfo.com/cricketers/kane-williamson-277906,scorecard
Ross Taylor,82,91,122,9,0,90.10,https://www.espncricinfo.com/cricketers/ross-taylor-38699,scorecard
Tom Latham †,0,4,5,0,0,0.00,https://www.espncricinfo.com/cricketers/tom-latham-388802,scorecard
James Neesham,25,33,54,2,1,75.75,https://www.espncricinfo.com/cricketers/james-neesham-355269,scorecard
Colin de Grandhomme,15,13,23,2,0,115.38,https://www.espncricinfo.com/cricketers/colin-de-grandhomme-55395,scorecard
Mitchell Santner,17,12,26,2,0,141.66,https://www.espncricinfo.com/cricketers/mitchell-santner-502714,scorecard
Matt Henry,6,8,16,1,0,75.00,https://www.espncricinfo.com/cricketers/matt-henry-506612,scorecard
Lockie Ferguson,4,3,5,1,0,133.33,https://www.espncricinfo.com/cricketers/lockie-ferguson-493773,scorecard
Hashim Amla,6,9,16,1,0,66.66,https://www.espncricinfo.com/cricketers/hashim-amla-43906,scorecard
Quinton de Kock †,10,17,28,1,0,58.82,https://www.espncricinfo.com/cricketers/quinton-de-kock-379143,scorecard
Faf du Plessis (c),38,54,77,4,0,70.37,https://www.espncricinfo.com/cricketers/faf-du-plessis-44828,scorecard
Rassie van der Dussen,22,37,59,1,0,59.45,https://www.espncricinfo.com/cricketers/rassie-van-der-dussen-337790,scorecard
David Miller,31,40,69,1,0,77.50,https://www.espncricinfo.com/cricketers/david-miller-321777,scorecard
Jean-Paul Duminy,3,11,11,0,0,27.27,https://www.espncricinfo.com/cricketers/jean-paul-duminy-44932,scorecard
Andile Phehlukwayo,34,61,68,2,1,55.73,https://www.espncricinfo.com/cricketers/andile-phehlukwayo-540316,scorecard
Chris Morris,42,34,58,1,2,123.52,https://www.espncricinfo.com/cricketers/chris-morris-439952,scorecard
Kagiso Rabada,31,35,45,2,0,88.57,https://www.espncricinfo.com/cricketers/kagiso-rabada-550215,scorecard
Imran Tahir,0,2,2,0,0,0.00,https://www.espncricinfo.com/cricketers/imran-tahir-40618,scorecard
Shikhar Dhawan,8,12,23,1,0,66.66,https://www.espncricinfo.com/cricketers/shikhar-dhawan-28235,scorecard
Rohit Sharma,122,144,212,13,2,84.72,https://www.espncricinfo.com/cricketers/rohit-sharma-34102,scorecard
Virat Kohli (c),18,34,44,1,0,52.94,https://www.espncricinfo.com/cricketers/virat-kohli-253802,scorecard
KL Rahul,26,42,71,2,0,61.90,https://www.espncricinfo.com/cricketers/kl-rahul-422108,scorecard
MS Dhoni †,34,46,69,2,0,73.91,https://www.espncricinfo.com/cricketers/ms-dhoni-28081,scorecard
Hardik Pandya,15,7,8,3,0,214.28,https://www.espncricinfo.com/cricketers/hardik-pandya-625371,scorecard
Dimuth Karunaratne (c),30,45,57,3,0,66.66,https://www.espncricinfo.com/cricketers/dimuth-karunaratne-227772,scorecard
Kusal Perera †,78,81,150,8,0,96.29,https://www.espncricinfo.com/cricketers/kusal-perera-300631,scorecard
Lahiru Thirimanne,25,34,39,1,0,73.52,https://www.espncricinfo.com/cricketers/lahiru-thirimanne-301236,scorecard
Kusal Mendis,2,2,4,0,0,100.00,https://www.espncricinfo.com/cricketers/kusal-mendis-629074,scorecard
Angelo Mathews,0,2,5,0,0,0.00,https://www.espncricinfo.com/cricketers/angelo-mathews-49764,scorecard
Dhananjaya de Silva,0,4,7,0,0,0.00,https://www.espncricinfo.com/cricketers/dhananjaya-de-silva-465793,scorecard
Thisara Perera,2,4,12,0,0,50.00,https://www.espncricinfo.com/cricketers/thisara-perera-233514,scorecard
Isuru Udana,10,21,22,0,1,47.61,https://www.espncricinfo.com/cricketers/isuru-udana-328026,scorecard
Suranga Lakmal,15,13,26,2,0,115.38,https://www.espncricinfo.com/cricketers/suranga-lakmal-49619,scorecard
Lasith Malinga,4,14,15,1,0,28.57,https://www.espncricinfo.com/cricketers/lasith-malinga-49758,scorecard
Nuwan Pradeep,0,4,6,0,0,0.00,https://www.espncricinfo.com/cricketers/nuwan-pradeep-324358,scorecard
Mohammad Shahzad †,7,12,24,1,0,58.33,https://www.espncricinfo.com/cricketers/mohammad-shahzad-419873,scorecard
Hazratullah Zazai,30,25,48,3,1,120.00,https://www.espncricinfo.com/cricketers/hazratullah-zazai-793457,scorecard
Rahmat Shah,2,11,18,0,0,18.18,https://www.espncricinfo.com/cricketers/rahmat-shah-533956,scorecard
Hashmatullah Shahidi,4,17,24,0,0,23.52,https://www.espncricinfo.com/cricketers/hashmatullah-shahidi-440970,scorecard
Mohammad Nabi,11,16,21,1,0,68.75,https://www.espncricinfo.com/cricketers/mohammad-nabi-25913,scorecard
Gulbadin Naib (c),23,32,56,2,0,71.87,https://www.espncricinfo.com/cricketers/gulbadin-naib-352048,scorecard
Najibullah Zadran,43,56,92,6,0,76.78,https://www.espncricinfo.com/cricketers/najibullah-zadran-524049,scorecard
Rashid Khan,2,4,7,0,0,50.00,https://www.espncricinfo.com/cricketers/rashid-khan-793463,scorecard
Dawlat Zadran,6,18,25,1,0,33.33,https://www.espncricinfo.com/cricketers/dawlat-zadran-516561,scorecard
Hamid Hassan,6,5,12,0,1,120.00,https://www.espncricinfo.com/cricketers/hamid-hassan-311427,scorecard
Mujeeb Ur Rahman,1,1,4,0,0,100.00,https://www.espncricinfo.com/cricketers/mujeeb-ur-rahman-974109,scorecard
Imam-ul-Haq,44,58,92,3,1,75.86,https://www.espncricinfo.com/cricketers/imam-ul-haq-568276,scorecard
Fakhar Zaman,36,40,63,6,0,90.00,https://www.espncricinfo.com/cricketers/fakhar-zaman-512191,scorecard
Babar Azam,63,66,83,4,1,95.45,https://www.espncricinfo.com/cricketers/babar-azam-348144,scorecard
Mohammad Hafeez,84,62,99,8,2,135.48,https://www.espncricinfo.com/cricketers/mohammad-hafeez-41434,scorecard
Sarfaraz Ahmed (c)†,55,44,68,5,0,125.00,https://www.espncricinfo.com/cricketers/sarfaraz-ahmed-227760,scorecard
Asif Ali,14,11,17,0,1,127.27,https://www.espncricinfo.com/cricketers/asif-ali-494230,scorecard
Shoaib Malik,8,8,18,0,0,100.00,https://www.espncricinfo.com/cricketers/shoaib-malik-42657,scorecard
Wahab Riaz,4,2,4,1,0,200.00,https://www.espncricinfo.com/cricketers/wahab-riaz-43590,scorecard
Hasan Ali,10,5,10,0,1,200.00,https://www.espncricinfo.com/cricketers/hasan-ali-681305,scorecard
Shadab Khan,10,4,3,2,0,250.00,https://www.espncricinfo.com/cricketers/shadab-khan-922943,scorecard
Jason Roy,8,7,11,2,0,114.28,https://www.espncricinfo.com/cricketers/jason-roy-298438,scorecard
Jonny Bairstow,32,31,46,4,1,103.22,https://www.espncricinfo.com/cricketers/jonny-bairstow-297433,scorecard
Joe Root,107,104,168,10,1,102.88,https://www.espncricinfo.com/cricketers/joe-root-303669,scorecard
Eoin Morgan (c),9,18,31,1,0,50.00,https://www.espncricinfo.com/cricketers/eoin-morgan-24598,scorecard
Ben Stokes,13,18,27,1,0,72.22,https://www.espncricinfo.com/cricketers/ben-stokes-311158,scorecard
Jos Buttler †,103,76,103,9,2,135.52,https://www.espncricinfo.com/cricketers/jos-buttler-308967,scorecard
Moeen Ali,19,20,48,1,0,95.00,https://www.espncricinfo.com/cricketers/moeen-ali-8917,scorecard
Chris Woakes,21,14,23,1,1,150.00,https://www.espncricinfo.com/cricketers/chris-woakes-247235,scorecard
Jofra Archer,1,2,6,0,0,50.00,https://www.espncricinfo.com/cricketers/jofra-archer-669855,scorecard
Adil Rashid,3,4,9,0,0,75.00,https://www.espncricinfo.com/cricketers/adil-rashid-244497,scorecard
Mark Wood,10,6,6,2,0,166.66,https://www.espncricinfo.com/cricketers/mark-wood-351588,scorecard
Tamim Iqbal,16,29,40,2,0,55.17,https://www.espncricinfo.com/cricketers/tamim-iqbal-56194,scorecard
Soumya Sarkar,42,30,58,9,0,140.00,https://www.espncricinfo.com/cricketers/soumya-sarkar-436677,scorecard
Shakib Al Hasan,75,84,117,8,1,89.28,https://www.espncricinfo.com/cricketers/shakib-al-hasan-56143,scorecard
Mushfiqur Rahim †,78,80,131,8,0,97.50,https://www.espncricinfo.com/cricketers/mushfiqur-rahim-56029,scorecard
Mohammad Mithun,21,21,21,2,1,100.00,https://www.espncricinfo.com/cricketers/mohammad-mithun-269237,scorecard
Mahmudullah,46,33,48,3,1,139.39,https://www.espncricinfo.com/cricketers/mahmudullah-56025,scorecard
Mosaddek Hossain,26,20,32,4,0,130.00,https://www.espncricinfo.com/cricketers/mosaddek-hossain-550133,scorecard
Mehidy Hasan Miraz,5,3,4,1,0,166.66,https://www.espncricinfo.com/cricketers/mehidy-hasan-miraz-629063,scorecard
Quinton de Kock †,23,32,41,4,0,71.87,https://www.espncricinfo.com/cricketers/quinton-de-kock-379143,scorecard
Aiden Markram,45,56,78,4,0,80.35,https://www.espncricinfo.com/cricketers/aiden-markram-600498,scorecard
Faf du Plessis (c),62,53,64,5,1,116.98,https://www.espncricinfo.com/cricketers/faf-du-plessis-44828,scorecard
David Miller,38,43,62,2,0,88.37,https://www.espncricinfo.com/cricketers/david-miller-321777,scorecard
Rassie van der Dussen,41,38,61,2,1,107.89,https://www.espncricinfo.com/cricketers/rassie-van-der-dussen-337790,scorecard
Jean-Paul Duminy,45,37,62,4,0,121.62,https://www.espncricinfo.com/cricketers/jean-paul-duminy-44932,scorecard
Andile Phehlukwayo,8,13,18,1,0,61.53,https://www.espncricinfo.com/cricketers/andile-phehlukwayo-540316,scorecard
Chris Morris,10,10,16,1,0,100.00,https://www.espncricinfo.com/cricketers/chris-morris-439952,scorecard
Kagiso Rabada,13,9,21,0,1,144.44,https://www.espncricinfo.com/cricketers/kagiso-rabada-550215,scorecard
Imran Tahir,10,10,13,0,0,100.00,https://www.espncricinfo.com/cricketers/imran-tahir-40618,scorecard
Mohammad Shahzad †,0,3,4,0,0,0.00,https://www.espncricinfo.com/cricketers/mohammad-shahzad-419873,scorecard
Hazratullah Zazai,0,2,10,0,0,0.00,https://www.espncricinfo.com/cricketers/hazratullah-zazai-793457,scorecard
Rahmat Shah,43,60,86,6,0,71.66,https://www.espncricinfo.com/cricketers/rahmat-shah-533956,scorecard
Hashmatullah Shahidi,18,34,56,3,0,52.94,https://www.espncricinfo.com/cricketers/hashmatullah-shahidi-440970,scorecard
Mohammad Nabi,7,22,28,0,0,31.81,https://www.espncricinfo.com/cricketers/mohammad-nabi-25913,scorecard
Gulbadin Naib (c),31,33,67,4,1,93.93,https://www.espncricinfo.com/cricketers/gulbadin-naib-352048,scorecard
Najibullah Zadran,51,49,66,7,2,104.08,https://www.espncricinfo.com/cricketers/najibullah-zadran-524049,scorecard
Rashid Khan,27,11,23,2,3,245.45,https://www.espncricinfo.com/cricketers/rashid-khan-793463,scorecard
Dawlat Zadran,4,6,5,1,0,66.66,https://www.espncricinfo.com/cricketers/dawlat-zadran-516561,scorecard
Mujeeb Ur Rahman,13,9,18,1,1,144.44,https://www.espncricinfo.com/cricketers/mujeeb-ur-rahman-974109,scorecard
Hamid Hassan,1,2,3,0,0,50.00,https://www.espncricinfo.com/cricketers/hamid-hassan-311427,scorecard
Aaron Finch (c),66,49,63,6,4,134.69,https://www.espncricinfo.com/cricketers/aaron-finch-5334,scorecard
David Warner,89,114,131,8,0,78.07,https://www.espncricinfo.com/cricketers/david-warner-219889,scorecard
Usman Khawaja,15,20,32,1,0,75.00,https://www.espncricinfo.com/cricketers/usman-khawaja-215155,scorecard
Steven Smith,18,27,36,1,0,66.66,https://www.espncricinfo.com/cricketers/steven-smith-267192,scorecard
Glenn Maxwell,4,1,2,1,0,400.00,https://www.espncricinfo.com/cricketers/glenn-maxwell-325026,scorecard
Lahiru Thirimanne,4,2,4,1,0,200.00,https://www.espncricinfo.com/cricketers/lahiru-thirimanne-301236,scorecard
Dimuth Karunaratne (c),52,84,146,4,0,61.90,https://www.espncricinfo.com/cricketers/dimuth-karunaratne-227772,scorecard
Kusal Perera †,29,24,34,4,0,120.83,https://www.espncricinfo.com/cricketers/kusal-perera-300631,scorecard
Kusal Mendis,0,1,3,0,0,0.00,https://www.espncricinfo.com/cricketers/kusal-mendis-629074,scorecard
Dhananjaya de Silva,4,13,15,1,0,30.76,https://www.espncricinfo.com/cricketers/dhananjaya-de-silva-465793,scorecard
Angelo Mathews,0,9,14,0,0,0.00,https://www.espncricinfo.com/cricketers/angelo-mathews-49764,scorecard
Jeevan Mendis,1,4,5,0,0,25.00,https://www.espncricinfo.com/cricketers/jeevan-mendis-49700,scorecard
Thisara Perera,27,23,35,0,2,117.39,https://www.espncricinfo.com/cricketers/thisara-perera-233514,scorecard
Isuru Udana,0,3,5,0,0,0.00,https://www.espncricinfo.com/cricketers/isuru-udana-328026,scorecard
Suranga Lakmal,7,13,19,1,0,53.84,https://www.espncricinfo.com/cricketers/suranga-lakmal-49619,scorecard
Lasith Malinga,1,2,9,0,0,50.00,https://www.espncricinfo.com/cricketers/lasith-malinga-49758,scorecard
Martin Guptill,73,51,82,8,2,143.13,https://www.espncricinfo.com/cricketers/martin-guptill-226492,scorecard
Colin Munro,58,47,82,6,1,123.40,https://www.espncricinfo.com/cricketers/colin-munro-232359,scorecard
Imam-ul-Haq,2,11,15,0,0,18.18,https://www.espncricinfo.com/cricketers/imam-ul-haq-568276,scorecard
Fakhar Zaman,22,16,27,2,1,137.50,https://www.espncricinfo.com/cricketers/fakhar-zaman-512191,scorecard
Babar Azam,22,33,47,2,0,66.66,https://www.espncricinfo.com/cricketers/babar-azam-348144,scorecard
Haris Sohail,8,11,17,1,0,72.72,https://www.espncricinfo.com/cricketers/haris-sohail-318788,scorecard
Sarfaraz Ahmed (c)†,8,12,34,1,0,66.66,https://www.espncricinfo.com/cricketers/sarfaraz-ahmed-227760,scorecard
Mohammad Hafeez,16,24,36,2,0,66.66,https://www.espncricinfo.com/cricketers/mohammad-hafeez-41434,scorecard
Imad Wasim,1,3,6,0,0,33.33,https://www.espncricinfo.com/cricketers/imad-wasim-227758,scorecard
Shadab Khan,0,1,3,0,0,0.00,https://www.espncricinfo.com/cricketers/shadab-khan-922943,scorecard
Hasan Ali,1,4,6,0,0,25.00,https://www.espncricinfo.com/cricketers/hasan-ali-681305,scorecard
Wahab Riaz,18,11,19,1,2,163.63,https://www.espncricinfo.com/cricketers/wahab-riaz-43590,scorecard
Mohammad Amir,3,6,13,0,0,50.00,https://www.espncricinfo.com/cricketers/mohammad-amir-290948,scorecard
Chris Gayle,50,34,51,6,3,147.05,https://www.espncricinfo.com/cricketers/chris-gayle-51880,scorecard
Shai Hope †,11,17,21,1,0,64.70,https://www.espncricinfo.com/cricketers/shai-hope-581379,scorecard
Darren Bravo,0,4,10,0,0,0.00,https://www.espncricinfo.com/cricketers/darren-bravo-277472,scorecard
Nicholas Pooran,34,19,35,4,2,178.94,https://www.espncricinfo.com/cricketers/nicholas-pooran-604302,scorecard
Shimron Hetmyer,7,8,13,0,0,87.50,https://www.espncricinfo.com/cricketers/shimron-hetmyer-670025,scorecard
Jason Roy,54,53,80,8,0,101.88,https://www.espncricinfo.com/cricketers/jason-roy-298438,scorecard
Jonny Bairstow,0,1,2,0,0,0.00,https://www.espncricinfo.com/cricketers/jonny-bairstow-297433,scorecard
Joe Root,51,59,83,5,0,86.44,https://www.espncricinfo.com/cricketers/joe-root-303669,scorecard
Eoin Morgan (c),57,60,73,4,3,95.00,https://www.espncricinfo.com/cricketers/eoin-morgan-24598,scorecard
Ben Stokes,89,79,132,9,0,112.65,https://www.espncricinfo.com/cricketers/ben-stokes-311158,scorecard
Jos Buttler †,18,16,21,0,0,112.50,https://www.espncricinfo.com/cricketers/jos-buttler-308967,scorecard
Moeen Ali,3,9,13,0,0,33.33,https://www.espncricinfo.com/cricketers/moeen-ali-8917,scorecard
Chris Woakes,13,14,24,1,0,92.85,https://www.espncricinfo.com/cricketers/chris-woakes-247235,scorecard
Liam Plunkett,9,6,11,1,0,150.00,https://www.espncricinfo.com/cricketers/liam-plunkett-19264,scorecard
Jofra Archer,7,3,3,1,0,233.33,https://www.espncricinfo.com/cricketers/jofra-archer-669855,scorecard
Quinton de Kock †,68,74,94,6,2,91.89,https://www.espncricinfo.com/cricketers/quinton-de-kock-379143,scorecard
Hashim Amla,13,23,46,1,0,56.52,https://www.espncricinfo.com/cricketers/hashim-amla-43906,scorecard
Aiden Markram,11,12,17,2,0,91.66,https://www.espncricinfo.com/cricketers/aiden-markram-600498,scorecard
Faf du Plessis (c),5,7,11,1,0,71.42,https://www.espncricinfo.com/cricketers/faf-du-plessis-44828,scorecard
Rassie van der Dussen,50,61,85,4,1,81.96,https://www.espncricinfo.com/cricketers/rassie-van-der-dussen-337790,scorecard
Jean-Paul Duminy,8,11,12,1,0,72.72,https://www.espncricinfo.com/cricketers/jean-paul-duminy-44932,scorecard
Dwaine Pretorius,1,1,6,0,0,100.00,https://www.espncricinfo.com/cricketers/dwaine-pretorius-327830,scorecard
Andile Phehlukwayo,24,25,34,4,0,96.00,https://www.espncricinfo.com/cricketers/andile-phehlukwayo-540316,scorecard
Kagiso Rabada,11,19,23,2,0,57.89,https://www.espncricinfo.com/cricketers/kagiso-rabada-550215,scorecard
Lungi Ngidi,6,5,10,0,1,120.00,https://www.espncricinfo.com/cricketers/lungi-ngidi-542023,scorecard
Imran Tahir,0,1,2,0,0,0.00,https://www.espncricinfo.com/cricketers/imran-tahir-40618,scorecard
