bowlerName,overs,maidens,runs,wickets,economy,dots,fours,sixes,wides,no_balls,bowler_link,inningbowled,avg_bowling_economy,bowling SR,avg_bowling_strike,bowling_avg,average_bowling_avg,dot_ball_percentage,average_dot_ball_%
Aaron Finch,2.0,0,13,1,6.5,4,1,0,1,0,https://www.espncricinfo.com/cricketers/aaron-finch-5334,2,6.75,12.0,12.0,13.0,13.0,33.33,33.33
Aaron Finch,1.0,0,7,0,7.0,2,1,0,0,0,https://www.espncricinfo.com/cricketers/aaron-finch-5334,2,6.75,0.0,12.0,0.0,13.0,33.33,33.33
Adam Zampa,10.0,0,58,1,5.8,33,8,1,0,0,https://www.espncricinfo.com/cricketers/adam-zampa-379504,4,7.3,60.0,43.33,58.0,48.67,55.0,37.53
Adam Zampa,6.0,0,50,0,8.33,6,4,1,0,0,https://www.espncricinfo.com/cricketers/adam-zampa-379504,4,7.3,0.0,43.33,0.0,48.67,16.67,37.53
Adam Zampa,9.0,0,68,1,7.55,21,5,3,1,0,https://www.espncricinfo.com/cricketers/adam-zampa-379504,4,7.3,54.0,43.33,68.0,48.67,38.89,37.53
Adam Zampa,8.0,0,60,3,7.5,19,5,3,0,0,https://www.espncricinfo.com/cricketers/adam-zampa-379504,4,7.3,16.0,43.33,20.0,48.67,39.58,37.53
Adil Rashid,10.0,0,49,0,4.9,31,5,0,0,0,https://www.espncricinfo.com/cricketers/adil-rashid-244497,11,5.85,0.0,34.67,0.0,31.92,51.67,42.05
Adil Rashid,10.0,0,54,3,5.4,26,3,1,1,0,https://www.espncricinfo.com/cricketers/adil-rashid-244497,11,5.85,20.0,34.67,18.0,31.92,43.33,42.05
Adil Rashid,10.0,0,45,2,4.5,27,3,0,0,0,https://www.espncricinfo.com/cricketers/adil-rashid-244497,11,5.85,30.0,34.67,22.5,31.92,45.0,42.05
Adil Rashid,5.0,0,43,0,8.6,9,3,2,1,0,https://www.espncricinfo.com/cricketers/adil-rashid-244497,11,5.85,0.0,34.67,0.0,31.92,30.0,42.05
Adil Rashid,10.0,0,64,1,6.4,22,5,1,2,0,https://www.espncricinfo.com/cricketers/adil-rashid-244497,11,5.85,60.0,34.67,64.0,31.92,36.67,42.05
Adil Rashid,6.0,0,40,0,6.66,12,5,0,1,0,https://www.espncricinfo.com/cricketers/adil-rashid-244497,11,5.85,0.0,34.67,0.0,31.92,33.33,42.05
Adil Rashid,10.0,0,61,0,6.1,27,2,3,1,0,https://www.espncricinfo.com/cricketers/adil-rashid-244497,11,5.85,0.0,34.67,0.0,31.92,45.0,42.05
Adil Rashid,10.0,0,66,3,6.6,30,3,4,1,0,https://www.espncricinfo.com/cricketers/adil-rashid-244497,11,5.85,20.0,34.67,22.0,31.92,50.0,42.05
Adil Rashid,8.0,0,39,0,4.87,15,1,0,0,0,https://www.espncricinfo.com/cricketers/adil-rashid-244497,11,5.85,0.0,34.67,0.0,31.92,31.25,42.05
Adil Rashid,5.0,0,30,1,6.0,12,3,0,0,0,https://www.espncricinfo.com/cricketers/adil-rashid-244497,11,5.85,30.0,34.67,30.0,31.92,40.0,42.05
Adil Rashid,8.0,0,35,1,4.37,27,4,0,0,0,https://www.espncricinfo.com/cricketers/adil-rashid-244497,11,5.85,48.0,34.67,35.0,31.92,56.25,42.05
Aftab Alam,5.0,1,16,0,3.2,23,2,0,2,0,https://www.espncricinfo.com/cricketers/aftab-alam-440963,3,5.47,0.0,29.1,0.0,34.5,76.67,57.1
Aftab Alam,8.1,0,45,3,5.51,24,6,0,1,0,https://www.espncricinfo.com/cricketers/aftab-alam-440963,3,5.47,16.2,29.1,15.0,34.5,49.38,57.1
Aftab Alam,7.0,1,54,1,7.71,19,7,1,0,0,https://www.espncricinfo.com/cricketers/aftab-alam-440963,3,5.47,42.0,29.1,54.0,34.5,45.24,57.1
Aiden Markram,3.0,0,16,0,5.33,10,1,1,0,0,https://www.espncricinfo.com/cricketers/aiden-markram-600498,3,6.14,0.0,24.0,0.0,22.0,55.56,43.52
Aiden Markram,5.0,0,38,0,7.6,10,4,1,0,0,https://www.espncricinfo.com/cricketers/aiden-markram-600498,3,6.14,0.0,24.0,0.0,22.0,33.33,43.52
Aiden Markram,4.0,0,22,1,5.5,10,1,0,1,0,https://www.espncricinfo.com/cricketers/aiden-markram-600498,3,6.14,24.0,24.0,22.0,22.0,41.67,43.52
Andile Phehlukwayo,8.3,0,73,1,8.58,17,7,2,3,1,https://www.espncricinfo.com/cricketers/andile-phehlukwayo-540316,8,5.61,49.8,38.14,73.0,36.25,34.14,49.66
Andile Phehlukwayo,8.0,1,18,2,2.25,36,1,0,0,0,https://www.espncricinfo.com/cricketers/andile-phehlukwayo-540316,8,5.61,24.0,38.14,9.0,36.25,75.0,49.66
Andile Phehlukwayo,8.0,0,44,1,5.5,23,4,0,4,0,https://www.espncricinfo.com/cricketers/andile-phehlukwayo-540316,8,5.61,48.0,38.14,44.0,36.25,47.92,49.66
Andile Phehlukwayo,2.5,0,22,2,7.76,5,2,0,1,0,https://www.espncricinfo.com/cricketers/andile-phehlukwayo-540316,8,5.61,7.5,38.14,11.0,36.25,33.33,49.66
Andile Phehlukwayo,10.0,1,52,2,5.2,28,4,0,3,0,https://www.espncricinfo.com/cricketers/andile-phehlukwayo-540316,8,5.61,30.0,38.14,26.0,36.25,46.67,49.66
Andile Phehlukwayo,8.3,0,40,1,4.7,30,5,0,1,0,https://www.espncricinfo.com/cricketers/andile-phehlukwayo-540316,8,5.61,49.8,38.14,40.0,36.25,60.24,49.66
Andile Phehlukwayo,8.0,0,38,1,4.75,24,3,0,2,0,https://www.espncricinfo.com/cricketers/andile-phehlukwayo-540316,8,5.61,48.0,38.14,38.0,36.25,50.0,49.66
Andile Phehlukwayo,8.0,0,49,1,6.12,24,4,1,2,1,https://www.espncricinfo.com/cricketers/andile-phehlukwayo-540316,8,5.61,48.0,38.14,49.0,36.25,50.0,49.66
Andre Russell,8.0,0,41,2,5.12,31,3,1,5,0,https://www.espncricinfo.com/cricketers/andre-russell-276298,4,5.11,24.0,23.0,20.5,21.5,64.58,61.28
Andre Russell,3.0,1,4,2,1.33,14,0,0,0,0,https://www.espncricinfo.com/cricketers/andre-russell-276298,4,5.11,9.0,23.0,2.0,21.5,77.78,61.28
Andre Russell,2.0,0,14,0,7.0,7,2,0,1,0,https://www.espncricinfo.com/cricketers/andre-russell-276298,4,5.11,0.0,23.0,0.0,21.5,58.33,61.28
Andre Russell,6.0,0,42,1,7.0,16,3,1,1,0,https://www.espncricinfo.com/cricketers/andre-russell-276298,4,5.11,36.0,23.0,42.0,21.5,44.44,61.28
Angelo Mathews,2.0,0,6,1,3.0,7,0,0,0,0,https://www.espncricinfo.com/cricketers/angelo-mathews-49764,1,3.0,12.0,12.0,6.0,6.0,58.33,58.33
Ashley Nurse,5.0,0,31,0,6.2,8,2,0,2,0,https://www.espncricinfo.com/cricketers/ashley-nurse-315594,2,6.16,0.0,0.0,0.0,0.0,26.67,25.37
Ashley Nurse,9.0,0,55,0,6.11,13,3,0,0,0,https://www.espncricinfo.com/cricketers/ashley-nurse-315594,2,6.16,0.0,0.0,0.0,0.0,24.07,25.37
Ben Stokes,6.0,0,29,1,4.83,17,2,0,0,0,https://www.espncricinfo.com/cricketers/ben-stokes-311158,11,4.92,36.0,21.38,29.0,13.17,47.22,50.62
Ben Stokes,4.0,0,12,0,3.0,13,0,0,0,0,https://www.espncricinfo.com/cricketers/ben-stokes-311158,11,4.92,0.0,21.38,0.0,13.17,54.17,50.62
Ben Stokes,5.0,0,10,1,2.0,21,0,0,1,0,https://www.espncricinfo.com/cricketers/ben-stokes-311158,11,4.92,30.0,21.38,10.0,13.17,70.0,50.62
Ben Stokes,5.0,0,16,0,3.2,20,2,0,0,0,https://www.espncricinfo.com/cricketers/ben-stokes-311158,11,4.92,0.0,21.38,0.0,13.17,66.67,50.62
Ben Stokes,4.0,0,34,0,8.5,7,5,0,0,0,https://www.espncricinfo.com/cricketers/ben-stokes-311158,11,4.92,0.0,21.38,0.0,13.17,29.17,50.62
Ben Stokes,2.5,0,12,2,4.23,11,2,0,0,0,https://www.espncricinfo.com/cricketers/ben-stokes-311158,11,4.92,7.5,21.38,6.0,13.17,73.33,50.62
Ben Stokes,4.0,0,25,0,6.25,10,3,0,0,0,https://www.espncricinfo.com/cricketers/ben-stokes-311158,11,4.92,0.0,21.38,0.0,13.17,41.67,50.62
Ben Stokes,7.0,0,43,0,6.14,15,4,0,0,0,https://www.espncricinfo.com/cricketers/ben-stokes-311158,11,4.92,0.0,21.38,0.0,13.17,35.71,50.62
Ben Stokes,4.0,0,22,0,5.5,12,2,0,0,0,https://www.espncricinfo.com/cricketers/ben-stokes-311158,11,4.92,0.0,21.38,0.0,13.17,50.0,50.62
Ben Stokes,6.0,1,23,3,3.83,20,1,0,1,0,https://www.espncricinfo.com/cricketers/ben-stokes-311158,11,4.92,12.0,21.38,7.67,13.17,55.56,50.62
Ben Stokes,3.0,0,20,0,6.66,6,2,0,2,0,https://www.espncricinfo.com/cricketers/ben-stokes-311158,11,4.92,0.0,21.38,0.0,13.17,33.33,50.62
Beuran Hendricks,5.0,1,25,0,5.0,21,5,0,1,0,https://www.espncricinfo.com/cricketers/beuran-hendricks-379927,1,5.0,0.0,0.0,0.0,0.0,70.0,70.0
Bhuvneshwar Kumar,10.0,0,73,1,7.3,26,10,0,3,0,https://www.espncricinfo.com/cricketers/bhuvneshwar-kumar-326016,6,4.94,60.0,36.8,73.0,35.4,43.33,55.8
Bhuvneshwar Kumar,10.0,0,44,2,4.4,33,3,0,2,0,https://www.espncricinfo.com/cricketers/bhuvneshwar-kumar-326016,6,4.94,30.0,36.8,22.0,35.4,55.0,55.8
Bhuvneshwar Kumar,10.0,0,50,3,5.0,31,5,0,1,0,https://www.espncricinfo.com/cricketers/bhuvneshwar-kumar-326016,6,4.94,20.0,36.8,16.67,35.4,51.67,55.8
Bhuvneshwar Kumar,2.4,0,8,0,3.0,12,1,0,1,0,https://www.espncricinfo.com/cricketers/bhuvneshwar-kumar-326016,6,4.94,0.0,36.8,0.0,35.4,83.33,55.8
Bhuvneshwar Kumar,10.0,1,43,3,4.3,32,2,0,0,0,https://www.espncricinfo.com/cricketers/bhuvneshwar-kumar-326016,6,4.94,20.0,36.8,14.33,35.4,53.33,55.8
Bhuvneshwar Kumar,9.0,0,51,1,5.66,26,2,1,3,0,https://www.espncricinfo.com/cricketers/bhuvneshwar-kumar-326016,6,4.94,54.0,36.8,51.0,35.4,48.15,55.8
Carlos Brathwaite,7.0,0,53,0,7.57,15,5,0,1,0,https://www.espncricinfo.com/cricketers/carlos-brathwaite-457249,7,7.49,0.0,17.17,0.0,22.36,35.71,35.05
Carlos Brathwaite,4.0,0,14,0,3.5,14,1,0,0,0,https://www.espncricinfo.com/cricketers/carlos-brathwaite-457249,7,7.49,0.0,17.17,0.0,22.36,58.33,35.05
Carlos Brathwaite,6.0,0,58,2,9.66,8,3,3,1,0,https://www.espncricinfo.com/cricketers/carlos-brathwaite-457249,7,7.49,18.0,17.17,29.0,22.36,22.22,35.05
Carlos Brathwaite,3.0,0,33,0,11.0,0,3,0,2,0,https://www.espncricinfo.com/cricketers/carlos-brathwaite-457249,7,7.49,0.0,17.17,0.0,22.36,0.0,35.05
Carlos Brathwaite,10.0,0,67,3,6.7,31,9,1,2,0,https://www.espncricinfo.com/cricketers/carlos-brathwaite-457249,7,7.49,20.0,17.17,22.33,22.36,51.67,35.05
Carlos Brathwaite,9.0,0,63,4,7.0,22,3,3,3,1,https://www.espncricinfo.com/cricketers/carlos-brathwaite-457249,7,7.49,13.5,17.17,15.75,22.36,40.74,35.05
Carlos Brathwaite,5.0,0,35,0,7.0,11,4,0,1,0,https://www.espncricinfo.com/cricketers/carlos-brathwaite-457249,7,7.49,0.0,17.17,0.0,22.36,36.67,35.05
Chris Gayle,2.0,0,22,0,11.0,2,2,0,1,0,https://www.espncricinfo.com/cricketers/chris-gayle-51880,4,6.02,0.0,24.0,0.0,18.0,16.67,37.36
Chris Gayle,5.0,0,22,0,4.4,14,1,0,2,0,https://www.espncricinfo.com/cricketers/chris-gayle-51880,4,6.02,0.0,24.0,0.0,18.0,46.67,37.36
Chris Gayle,2.0,0,8,1,4.0,5,0,0,1,0,https://www.espncricinfo.com/cricketers/chris-gayle-51880,4,6.02,12.0,24.0,8.0,18.0,41.67,37.36
Chris Gayle,6.0,0,28,1,4.66,16,1,0,1,0,https://www.espncricinfo.com/cricketers/chris-gayle-51880,4,6.02,36.0,24.0,28.0,18.0,44.44,37.36
Chris Morris,9.0,0,61,0,6.77,24,9,0,0,0,https://www.espncricinfo.com/cricketers/chris-morris-439952,7,5.22,0.0,32.47,0.0,28.58,44.44,57.43
Chris Morris,10.0,3,36,1,3.6,43,5,0,1,0,https://www.espncricinfo.com/cricketers/chris-morris-439952,7,5.22,60.0,32.47,36.0,28.58,71.67,57.43
Chris Morris,9.0,0,63,1,7.0,24,7,2,0,0,https://www.espncricinfo.com/cricketers/chris-morris-439952,7,5.22,54.0,32.47,63.0,28.58,44.44,57.43
Chris Morris,9.3,0,46,3,4.84,36,4,1,3,0,https://www.espncricinfo.com/cricketers/chris-morris-439952,7,5.22,18.6,32.47,15.33,28.58,64.52,57.43
Chris Morris,10.0,0,49,3,4.9,34,6,0,0,0,https://www.espncricinfo.com/cricketers/chris-morris-439952,7,5.22,20.0,32.47,16.33,28.58,56.67,57.43
Chris Morris,10.0,0,73,2,7.3,23,8,1,2,0,https://www.espncricinfo.com/cricketers/chris-morris-439952,7,5.22,30.0,32.47,36.5,28.58,38.33,57.43
Chris Morris,6.1,2,13,3,2.1,30,1,0,0,0,https://www.espncricinfo.com/cricketers/chris-morris-439952,7,5.22,12.2,32.47,4.33,28.58,81.97,57.43
Chris Woakes,8.0,0,44,1,5.5,29,6,0,1,0,https://www.espncricinfo.com/cricketers/chris-woakes-247235,11,5.15,48.0,27.25,44.0,22.08,60.42,58.63
Chris Woakes,5.0,0,24,0,4.8,20,4,0,0,0,https://www.espncricinfo.com/cricketers/chris-woakes-247235,11,5.15,0.0,27.25,0.0,22.08,66.67,58.63
Chris Woakes,8.0,0,67,0,8.37,13,9,0,0,0,https://www.espncricinfo.com/cricketers/chris-woakes-247235,11,5.15,0.0,27.25,0.0,22.08,27.08,58.63
Chris Woakes,10.0,3,58,2,5.8,35,7,1,0,0,https://www.espncricinfo.com/cricketers/chris-woakes-247235,11,5.15,30.0,27.25,29.0,22.08,58.33,58.63
Chris Woakes,8.0,1,71,3,8.87,19,10,1,2,0,https://www.espncricinfo.com/cricketers/chris-woakes-247235,11,5.15,16.0,27.25,23.67,22.08,39.58,58.63
Chris Woakes,10.0,0,46,2,4.6,35,6,0,1,0,https://www.espncricinfo.com/cricketers/chris-woakes-247235,11,5.15,30.0,27.25,23.0,22.08,58.33,58.63
Chris Woakes,5.0,0,22,1,4.4,17,2,0,0,0,https://www.espncricinfo.com/cricketers/chris-woakes-247235,11,5.15,30.0,27.25,22.0,22.08,56.67,58.63
Chris Woakes,5.0,2,16,1,3.2,23,1,1,1,0,https://www.espncricinfo.com/cricketers/chris-woakes-247235,11,5.15,30.0,27.25,16.0,22.08,76.67,58.63
Chris Woakes,9.0,0,41,0,4.55,30,3,1,2,0,https://www.espncricinfo.com/cricketers/chris-woakes-247235,11,5.15,0.0,27.25,0.0,22.08,55.56,58.63
Chris Woakes,9.0,0,37,3,4.11,37,3,0,4,1,https://www.espncricinfo.com/cricketers/chris-woakes-247235,11,5.15,18.0,27.25,12.33,22.08,68.52,58.63
Chris Woakes,8.0,0,20,3,2.5,37,3,0,0,0,https://www.espncricinfo.com/cricketers/chris-woakes-247235,11,5.15,16.0,27.25,6.67,22.08,77.08,58.63
Colin Munro,1.0,0,9,0,9.0,1,1,0,1,0,https://www.espncricinfo.com/cricketers/colin-munro-232359,1,9.0,0.0,0.0,0.0,0.0,16.67,16.67
Colin de Grandhomme,2.0,0,14,1,7.0,5,0,1,0,0,https://www.espncricinfo.com/cricketers/colin-de-grandhomme-55395,10,5.38,12.0,38.0,14.0,24.5,41.67,51.58
Colin de Grandhomme,4.0,1,14,1,3.5,16,2,0,0,0,https://www.espncricinfo.com/cricketers/colin-de-grandhomme-55395,10,5.38,24.0,38.0,14.0,24.5,66.67,51.58
Colin de Grandhomme,10.0,0,33,1,3.3,36,1,0,0,0,https://www.espncricinfo.com/cricketers/colin-de-grandhomme-55395,10,5.38,60.0,38.0,33.0,24.5,60.0,51.58
Colin de Grandhomme,1.0,0,11,0,11.0,1,2,0,0,0,https://www.espncricinfo.com/cricketers/colin-de-grandhomme-55395,10,5.38,0.0,38.0,0.0,24.5,16.67,51.58
Colin de Grandhomme,2.0,0,12,0,6.0,6,1,0,0,0,https://www.espncricinfo.com/cricketers/colin-de-grandhomme-55395,10,5.38,0.0,38.0,0.0,24.5,50.0,51.58
Colin de Grandhomme,2.0,0,13,0,6.5,4,0,0,1,0,https://www.espncricinfo.com/cricketers/colin-de-grandhomme-55395,10,5.38,0.0,38.0,0.0,24.5,33.33,51.58
Colin de Grandhomme,10.0,2,25,1,2.5,41,1,0,1,0,https://www.espncricinfo.com/cricketers/colin-de-grandhomme-55395,10,5.38,60.0,38.0,25.0,24.5,68.33,51.58
Colin de Grandhomme,8.0,1,29,0,3.62,31,3,0,1,0,https://www.espncricinfo.com/cricketers/colin-de-grandhomme-55395,10,5.38,0.0,38.0,0.0,24.5,64.58,51.58
Colin de Grandhomme,8.0,0,39,1,4.87,25,4,0,1,0,https://www.espncricinfo.com/cricketers/colin-de-grandhomme-55395,10,5.38,48.0,38.0,39.0,24.5,52.08,51.58
Colin de Grandhomme,4.0,0,22,1,5.5,15,4,0,0,0,https://www.espncricinfo.com/cricketers/colin-de-grandhomme-55395,10,5.38,24.0,38.0,22.0,24.5,62.5,51.58
Dawlat Zadran,10.0,0,85,3,8.5,25,8,3,4,0,https://www.espncricinfo.com/cricketers/dawlat-zadran-516561,5,7.16,20.0,29.75,28.33,36.46,41.67,51.89
Dawlat Zadran,9.0,1,73,2,8.11,28,6,4,1,0,https://www.espncricinfo.com/cricketers/dawlat-zadran-516561,5,7.16,27.0,29.75,36.5,36.46,51.85,51.89
Dawlat Zadran,6.0,0,34,2,5.66,24,5,0,3,0,https://www.espncricinfo.com/cricketers/dawlat-zadran-516561,5,7.16,18.0,29.75,17.0,36.46,66.67,51.89
Dawlat Zadran,9.0,0,64,1,7.11,23,5,1,3,0,https://www.espncricinfo.com/cricketers/dawlat-zadran-516561,5,7.16,54.0,29.75,64.0,36.46,42.59,51.89
Dawlat Zadran,5.0,0,32,0,6.4,17,3,1,1,1,https://www.espncricinfo.com/cricketers/dawlat-zadran-516561,5,7.16,0.0,29.75,0.0,36.46,56.67,51.89
Dhananjaya de Silva,6.0,0,51,0,8.5,13,3,3,1,0,https://www.espncricinfo.com/cricketers/dhananjaya-de-silva-465793,6,5.65,0.0,20.0,0.0,15.33,36.11,46.57
Dhananjaya de Silva,10.0,0,49,0,4.9,31,4,1,0,0,https://www.espncricinfo.com/cricketers/dhananjaya-de-silva-465793,6,5.65,0.0,20.0,0.0,15.33,51.67,46.57
Dhananjaya de Silva,8.0,0,40,2,5.0,24,1,2,2,0,https://www.espncricinfo.com/cricketers/dhananjaya-de-silva-465793,6,5.65,24.0,20.0,20.0,15.33,50.0,46.57
Dhananjaya de Silva,1.0,0,7,0,7.0,2,1,0,0,0,https://www.espncricinfo.com/cricketers/dhananjaya-de-silva-465793,6,5.65,0.0,20.0,0.0,15.33,33.33,46.57
Dhananjaya de Silva,4.0,0,18,0,4.5,14,2,0,1,0,https://www.espncricinfo.com/cricketers/dhananjaya-de-silva-465793,6,5.65,0.0,20.0,0.0,15.33,58.33,46.57
Dhananjaya de Silva,8.0,0,32,3,4.0,24,0,1,0,0,https://www.espncricinfo.com/cricketers/dhananjaya-de-silva-465793,6,5.65,16.0,20.0,10.67,15.33,50.0,46.57
Dimuth Karunaratne,1.0,0,7,0,7.0,4,0,1,0,0,https://www.espncricinfo.com/cricketers/dimuth-karunaratne-227772,1,7.0,0.0,0.0,0.0,0.0,66.67,66.67
Dwaine Pretorius,10.0,2,25,3,2.5,46,3,0,1,0,https://www.espncricinfo.com/cricketers/dwaine-pretorius-327830,3,4.33,20.0,19.0,8.33,10.92,76.67,63.12
Dwaine Pretorius,6.0,2,27,2,4.5,26,5,0,1,0,https://www.espncricinfo.com/cricketers/dwaine-pretorius-327830,3,4.33,18.0,19.0,13.5,10.92,72.22,63.12
Dwaine Pretorius,7.0,0,42,0,6.0,17,5,0,0,0,https://www.espncricinfo.com/cricketers/dwaine-pretorius-327830,3,4.33,0.0,19.0,0.0,10.92,40.48,63.12
Fabian Allen,10.0,0,52,0,5.2,27,5,0,0,0,https://www.espncricinfo.com/cricketers/fabian-allen-670013,3,6.45,0.0,48.0,0.0,44.0,45.0,40.23
Fabian Allen,8.0,0,44,1,5.5,23,4,1,0,0,https://www.espncricinfo.com/cricketers/fabian-allen-670013,3,6.45,48.0,48.0,44.0,44.0,47.92,40.23
Fabian Allen,3.0,0,26,0,8.66,5,4,0,0,0,https://www.espncricinfo.com/cricketers/fabian-allen-670013,3,6.45,0.0,48.0,0.0,44.0,27.78,40.23
Glenn Maxwell,7.0,0,58,0,8.28,13,4,3,1,0,https://www.espncricinfo.com/cricketers/glenn-maxwell-325026,8,6.31,0.0,0.0,0.0,0.0,30.95,40.61
Glenn Maxwell,10.0,0,46,0,4.6,26,1,1,1,0,https://www.espncricinfo.com/cricketers/glenn-maxwell-325026,8,6.31,0.0,0.0,0.0,0.0,43.33,40.61
Glenn Maxwell,7.0,0,45,0,6.42,14,4,1,0,0,https://www.espncricinfo.com/cricketers/glenn-maxwell-325026,8,6.31,0.0,0.0,0.0,0.0,33.33,40.61
Glenn Maxwell,4.0,0,18,0,4.5,10,1,0,0,0,https://www.espncricinfo.com/cricketers/glenn-maxwell-325026,8,6.31,0.0,0.0,0.0,0.0,41.67,40.61
Glenn Maxwell,3.0,0,25,0,8.33,5,3,0,0,0,https://www.espncricinfo.com/cricketers/glenn-maxwell-325026,8,6.31,0.0,0.0,0.0,0.0,27.78,40.61
Glenn Maxwell,2.0,0,15,0,7.5,7,0,2,0,0,https://www.espncricinfo.com/cricketers/glenn-maxwell-325026,8,6.31,0.0,0.0,0.0,0.0,58.33,40.61
Glenn Maxwell,6.0,1,31,0,5.16,19,3,0,0,0,https://www.espncricinfo.com/cricketers/glenn-maxwell-325026,8,6.31,0.0,0.0,0.0,0.0,52.78,40.61
Glenn Maxwell,10.0,0,57,0,5.7,22,1,2,1,0,https://www.espncricinfo.com/cricketers/glenn-maxwell-325026,8,6.31,0.0,0.0,0.0,0.0,36.67,40.61
Gulbadin Naib,5.0,0,32,1,6.4,16,2,1,2,1,https://www.espncricinfo.com/cricketers/gulbadin-naib-352048,9,6.49,30.0,28.6,32.0,27.43,53.33,43.88
Gulbadin Naib,10.0,0,68,3,6.8,29,3,5,0,1,https://www.espncricinfo.com/cricketers/gulbadin-naib-352048,9,6.49,20.0,28.6,22.67,27.43,48.33,43.88
Gulbadin Naib,4.0,0,38,0,9.5,6,3,0,2,3,https://www.espncricinfo.com/cricketers/gulbadin-naib-352048,9,6.49,0.0,28.6,0.0,27.43,25.0,43.88
Gulbadin Naib,10.0,1,56,2,5.6,23,4,0,0,0,https://www.espncricinfo.com/cricketers/gulbadin-naib-352048,9,6.49,30.0,28.6,28.0,27.43,38.33,43.88
Gulbadin Naib,9.0,0,51,2,5.66,20,2,0,2,0,https://www.espncricinfo.com/cricketers/gulbadin-naib-352048,9,6.49,27.0,28.6,25.5,27.43,37.04,43.88
Gulbadin Naib,6.0,0,29,1,4.83,18,3,0,0,0,https://www.espncricinfo.com/cricketers/gulbadin-naib-352048,9,6.49,36.0,28.6,29.0,27.43,50.0,43.88
Gulbadin Naib,3.0,0,18,0,6.0,10,1,1,0,0,https://www.espncricinfo.com/cricketers/gulbadin-naib-352048,9,6.49,0.0,28.6,0.0,27.43,55.56,43.88
Gulbadin Naib,9.4,0,73,0,7.55,20,9,0,1,0,https://www.espncricinfo.com/cricketers/gulbadin-naib-352048,9,6.49,0.0,28.6,0.0,27.43,35.46,43.88
Gulbadin Naib,9.0,1,55,0,6.11,28,8,0,1,1,https://www.espncricinfo.com/cricketers/gulbadin-naib-352048,9,6.49,0.0,28.6,0.0,27.43,51.85,43.88
Hamid Hassan,2.0,0,13,0,6.5,8,3,0,0,0,https://www.espncricinfo.com/cricketers/hamid-hassan-311427,5,4.72,0.0,42.0,0.0,53.0,66.67,62.22
Hamid Hassan,6.0,2,15,0,2.5,28,2,0,1,0,https://www.espncricinfo.com/cricketers/hamid-hassan-311427,5,4.72,0.0,42.0,0.0,53.0,77.78,62.22
Hamid Hassan,7.0,0,53,1,7.57,17,4,0,2,0,https://www.espncricinfo.com/cricketers/hamid-hassan-311427,5,4.72,42.0,42.0,53.0,53.0,40.48,62.22
Hamid Hassan,4.0,1,11,0,2.75,16,1,0,0,0,https://www.espncricinfo.com/cricketers/hamid-hassan-311427,5,4.72,0.0,42.0,0.0,53.0,66.67,62.22
Hamid Hassan,7.0,0,30,0,4.28,25,3,0,3,0,https://www.espncricinfo.com/cricketers/hamid-hassan-311427,5,4.72,0.0,42.0,0.0,53.0,59.52,62.22
Hardik Pandya,6.0,0,31,0,5.16,16,2,0,0,0,https://www.espncricinfo.com/cricketers/hardik-pandya-625371,9,5.63,0.0,37.33,0.0,33.42,44.44,43.87
Hardik Pandya,10.0,0,55,1,5.5,29,5,0,5,0,https://www.espncricinfo.com/cricketers/hardik-pandya-625371,9,5.63,60.0,37.33,55.0,33.42,48.33,43.87
Hardik Pandya,10.0,0,68,0,6.8,24,6,1,2,1,https://www.espncricinfo.com/cricketers/hardik-pandya-625371,9,5.63,0.0,37.33,0.0,33.42,40.0,43.87
Hardik Pandya,10.0,0,60,3,6.0,26,5,1,2,0,https://www.espncricinfo.com/cricketers/hardik-pandya-625371,9,5.63,20.0,37.33,20.0,33.42,43.33,43.87
Hardik Pandya,5.0,0,28,1,5.6,13,3,0,0,1,https://www.espncricinfo.com/cricketers/hardik-pandya-625371,9,5.63,30.0,37.33,28.0,33.42,43.33,43.87
Hardik Pandya,10.0,1,51,2,5.1,32,3,0,2,0,https://www.espncricinfo.com/cricketers/hardik-pandya-625371,9,5.63,30.0,37.33,25.5,33.42,53.33,43.87
Hardik Pandya,10.0,0,60,0,6.0,22,4,1,1,0,https://www.espncricinfo.com/cricketers/hardik-pandya-625371,9,5.63,0.0,37.33,0.0,33.42,36.67,43.87
Hardik Pandya,8.0,0,44,2,5.5,21,5,0,1,0,https://www.espncricinfo.com/cricketers/hardik-pandya-625371,9,5.63,24.0,37.33,22.0,33.42,43.75,43.87
Hardik Pandya,10.0,0,50,1,5.0,25,4,0,1,1,https://www.espncricinfo.com/cricketers/hardik-pandya-625371,9,5.63,60.0,37.33,50.0,33.42,41.67,43.87
Hasan Ali,10.0,0,66,0,6.6,20,5,0,1,0,https://www.espncricinfo.com/cricketers/hasan-ali-681305,4,8.1,0.0,57.0,0.0,75.5,33.33,40.72
Hasan Ali,10.0,0,67,1,6.7,28,9,0,3,1,https://www.espncricinfo.com/cricketers/hasan-ali-681305,4,8.1,60.0,57.0,67.0,75.5,46.67,40.72
Hasan Ali,4.0,0,39,0,9.75,11,4,2,1,0,https://www.espncricinfo.com/cricketers/hasan-ali-681305,4,8.1,0.0,57.0,0.0,75.5,45.83,40.72
Hasan Ali,9.0,0,84,1,9.33,20,8,3,1,0,https://www.espncricinfo.com/cricketers/hasan-ali-681305,4,8.1,54.0,57.0,84.0,75.5,37.04,40.72
Imad Wasim,10.0,0,49,0,4.9,23,2,0,2,0,https://www.espncricinfo.com/cricketers/imad-wasim-227758,5,4.9,0.0,30.0,0.0,24.0,38.33,44.33
Imad Wasim,3.0,0,17,0,5.66,7,1,0,0,0,https://www.espncricinfo.com/cricketers/imad-wasim-227758,5,4.9,0.0,30.0,0.0,24.0,38.89,44.33
Imad Wasim,10.0,0,48,2,4.8,34,5,1,0,0,https://www.espncricinfo.com/cricketers/imad-wasim-227758,5,4.9,30.0,30.0,24.0,24.0,56.67,44.33
Imad Wasim,10.0,0,48,0,4.8,26,4,0,0,0,https://www.espncricinfo.com/cricketers/imad-wasim-227758,5,4.9,0.0,30.0,0.0,24.0,43.33,44.33
Imad Wasim,6.0,0,26,0,4.33,16,2,0,0,0,https://www.espncricinfo.com/cricketers/imad-wasim-227758,5,4.9,0.0,30.0,0.0,24.0,44.44,44.33
Imran Tahir,10.0,0,57,2,5.7,25,6,0,0,0,https://www.espncricinfo.com/cricketers/imran-tahir-40618,8,4.91,30.0,30.9,28.5,29.15,41.67,47.05
Imran Tahir,7.0,0,29,4,4.14,24,3,0,0,0,https://www.espncricinfo.com/cricketers/imran-tahir-40618,8,4.91,10.5,30.9,7.25,29.15,57.14,47.05
Imran Tahir,9.0,0,59,1,6.55,23,7,1,0,0,https://www.espncricinfo.com/cricketers/imran-tahir-40618,8,4.91,54.0,30.9,59.0,29.15,42.59,47.05
Imran Tahir,10.0,0,61,2,6.1,20,4,0,0,0,https://www.espncricinfo.com/cricketers/imran-tahir-40618,8,4.91,30.0,30.9,30.5,29.15,33.33,47.05
Imran Tahir,10.0,0,41,2,4.1,33,2,1,1,0,https://www.espncricinfo.com/cricketers/imran-tahir-40618,8,4.91,30.0,30.9,20.5,29.15,55.0,47.05
Imran Tahir,10.0,0,33,0,3.3,34,2,0,0,0,https://www.espncricinfo.com/cricketers/imran-tahir-40618,8,4.91,0.0,30.9,0.0,29.15,56.67,47.05
Imran Tahir,10.0,0,58,0,5.8,20,4,0,0,0,https://www.espncricinfo.com/cricketers/imran-tahir-40618,8,4.91,0.0,30.9,0.0,29.15,33.33,47.05
Imran Tahir,10.0,0,36,0,3.6,34,2,0,0,0,https://www.espncricinfo.com/cricketers/imran-tahir-40618,8,4.91,0.0,30.9,0.0,29.15,56.67,47.05
Ish Sodhi,6.0,0,35,0,5.83,12,2,0,0,0,https://www.espncricinfo.com/cricketers/ish-sodhi-559066,1,5.83,0.0,0.0,0.0,0.0,33.33,33.33
Isuru Udana,6.0,0,28,1,4.66,22,2,0,0,1,https://www.espncricinfo.com/cricketers/isuru-udana-328026,7,5.89,36.0,36.45,28.0,31.75,61.11,46.63
Isuru Udana,5.0,0,29,0,5.8,11,2,0,2,0,https://www.espncricinfo.com/cricketers/isuru-udana-328026,7,5.89,0.0,36.45,0.0,31.75,36.67,46.63
Isuru Udana,8.0,0,41,2,5.12,28,3,2,1,0,https://www.espncricinfo.com/cricketers/isuru-udana-328026,7,5.89,24.0,36.45,20.5,31.75,58.33,46.63
Isuru Udana,10.0,0,67,0,6.7,27,7,1,3,0,https://www.espncricinfo.com/cricketers/isuru-udana-328026,7,5.89,0.0,36.45,0.0,31.75,45.0,46.63
Isuru Udana,9.3,0,50,1,5.26,29,6,0,0,0,https://www.espncricinfo.com/cricketers/isuru-udana-328026,7,5.89,55.8,36.45,50.0,31.75,51.97,46.63
Isuru Udana,10.0,0,57,2,5.7,24,4,0,1,0,https://www.espncricinfo.com/cricketers/isuru-udana-328026,7,5.89,30.0,36.45,28.5,31.75,40.0,46.63
Isuru Udana,3.0,0,24,0,8.0,6,2,1,0,0,https://www.espncricinfo.com/cricketers/isuru-udana-328026,7,5.89,0.0,36.45,0.0,31.75,33.33,46.63
James Neesham,2.0,0,24,0,12.0,2,4,0,1,0,https://www.espncricinfo.com/cricketers/james-neesham-355269,9,6.22,0.0,24.54,0.0,22.86,16.67,49.37
James Neesham,7.0,0,43,3,6.14,19,3,1,1,0,https://www.espncricinfo.com/cricketers/james-neesham-355269,9,6.22,14.0,24.54,14.33,22.86,45.24,49.37
James Neesham,10.0,1,41,2,4.1,31,2,0,2,0,https://www.espncricinfo.com/cricketers/james-neesham-355269,9,6.22,30.0,24.54,20.5,22.86,51.67,49.37
James Neesham,3.0,0,20,0,6.66,9,3,0,1,0,https://www.espncricinfo.com/cricketers/james-neesham-355269,9,6.22,0.0,24.54,0.0,22.86,50.0,49.37
James Neesham,7.3,0,49,1,6.53,22,3,1,3,0,https://www.espncricinfo.com/cricketers/james-neesham-355269,9,6.22,43.8,24.54,49.0,22.86,50.23,49.37
James Neesham,6.0,0,28,2,4.66,21,4,0,1,0,https://www.espncricinfo.com/cricketers/james-neesham-355269,9,6.22,18.0,24.54,14.0,22.86,58.33,49.37
James Neesham,3.0,0,21,1,7.0,7,0,1,1,1,https://www.espncricinfo.com/cricketers/james-neesham-355269,9,6.22,18.0,24.54,21.0,22.86,38.89,49.37
James Neesham,10.0,1,31,5,3.1,45,4,0,2,0,https://www.espncricinfo.com/cricketers/james-neesham-355269,9,6.22,12.0,24.54,6.2,22.86,75.0,49.37
James Neesham,6.0,0,35,1,5.83,21,6,0,0,0,https://www.espncricinfo.com/cricketers/james-neesham-355269,9,6.22,36.0,24.54,35.0,22.86,58.33,49.37
Jason Behrendorff,8.1,2,38,0,4.65,31,5,0,1,0,https://www.espncricinfo.com/cricketers/jason-behrendorff-272477,5,5.18,0.0,35.25,0.0,34.58,63.79,57.03
Jason Behrendorff,9.0,0,59,1,6.55,22,4,1,0,0,https://www.espncricinfo.com/cricketers/jason-behrendorff-272477,5,5.18,54.0,35.25,59.0,34.58,40.74,57.03
Jason Behrendorff,10.0,0,44,5,4.4,41,8,0,1,0,https://www.espncricinfo.com/cricketers/jason-behrendorff-272477,5,5.18,12.0,35.25,8.8,34.58,68.33,57.03
Jason Behrendorff,9.0,0,31,2,3.44,37,2,0,3,0,https://www.espncricinfo.com/cricketers/jason-behrendorff-272477,5,5.18,27.0,35.25,15.5,34.58,68.52,57.03
Jason Behrendorff,8.0,0,55,1,6.87,21,6,1,0,0,https://www.espncricinfo.com/cricketers/jason-behrendorff-272477,5,5.18,48.0,35.25,55.0,34.58,43.75,57.03
Jason Holder,8.0,0,46,0,5.75,26,6,0,2,1,https://www.espncricinfo.com/cricketers/jason-holder-391485,8,5.78,0.0,28.0,0.0,22.0,54.17,53.28
Jason Holder,10.0,2,33,2,3.3,46,6,0,0,0,https://www.espncricinfo.com/cricketers/jason-holder-391485,8,5.78,30.0,28.0,16.5,22.0,76.67,53.28
Jason Holder,9.0,0,62,0,6.88,20,8,0,1,0,https://www.espncricinfo.com/cricketers/jason-holder-391485,8,5.78,0.0,28.0,0.0,22.0,37.04,53.28
Jason Holder,5.1,0,31,0,6.0,18,4,0,1,1,https://www.espncricinfo.com/cricketers/jason-holder-391485,8,5.78,0.0,28.0,0.0,22.0,58.82,53.28
Jason Holder,7.0,0,42,0,6.0,17,5,0,0,1,https://www.espncricinfo.com/cricketers/jason-holder-391485,8,5.78,0.0,28.0,0.0,22.0,40.48,53.28
Jason Holder,10.0,0,59,2,5.9,24,4,0,1,2,https://www.espncricinfo.com/cricketers/jason-holder-391485,8,5.78,30.0,28.0,29.5,22.0,40.0,53.28
Jason Holder,5.0,0,42,3,8.4,15,2,3,0,0,https://www.espncricinfo.com/cricketers/jason-holder-391485,8,5.78,10.0,28.0,14.0,22.0,50.0,53.28
Jason Holder,7.0,2,28,1,4.0,29,4,0,0,0,https://www.espncricinfo.com/cricketers/jason-holder-391485,8,5.78,42.0,28.0,28.0,22.0,69.05,53.28
Jasprit Bumrah,6.0,1,9,2,1.5,28,0,0,0,0,https://www.espncricinfo.com/cricketers/jasprit-bumrah-625383,9,4.33,18.0,31.62,4.5,21.36,77.78,59.01
Jasprit Bumrah,10.0,1,61,3,6.1,34,9,0,1,0,https://www.espncricinfo.com/cricketers/jasprit-bumrah-625383,9,4.33,20.0,31.62,20.33,21.36,56.67,59.01
Jasprit Bumrah,8.0,0,52,0,6.5,24,8,0,0,1,https://www.espncricinfo.com/cricketers/jasprit-bumrah-625383,9,4.33,0.0,31.62,0.0,21.36,50.0,59.01
Jasprit Bumrah,10.0,1,35,2,3.5,41,4,0,0,0,https://www.espncricinfo.com/cricketers/jasprit-bumrah-625383,9,4.33,30.0,31.62,17.5,21.36,68.33,59.01
Jasprit Bumrah,10.0,1,39,1,3.9,31,1,0,0,0,https://www.espncricinfo.com/cricketers/jasprit-bumrah-625383,9,4.33,60.0,31.62,39.0,21.36,51.67,59.01
Jasprit Bumrah,10.0,1,39,2,3.9,37,1,1,0,0,https://www.espncricinfo.com/cricketers/jasprit-bumrah-625383,9,4.33,30.0,31.62,19.5,21.36,61.67,59.01
Jasprit Bumrah,10.0,1,55,4,5.5,33,7,0,2,0,https://www.espncricinfo.com/cricketers/jasprit-bumrah-625383,9,4.33,15.0,31.62,13.75,21.36,55.0,59.01
Jasprit Bumrah,10.0,2,37,3,3.7,36,3,0,2,0,https://www.espncricinfo.com/cricketers/jasprit-bumrah-625383,9,4.33,20.0,31.62,12.33,21.36,60.0,59.01
Jasprit Bumrah,10.0,1,44,1,4.4,30,3,0,0,0,https://www.espncricinfo.com/cricketers/jasprit-bumrah-625383,9,4.33,60.0,31.62,44.0,21.36,50.0,59.01
Jean-Paul Duminy,2.0,0,14,0,7.0,3,1,0,0,0,https://www.espncricinfo.com/cricketers/jean-paul-duminy-44932,4,7.5,0.0,12.0,0.0,15.0,25.0,40.62
Jean-Paul Duminy,1.0,0,10,0,10.0,2,2,0,0,0,https://www.espncricinfo.com/cricketers/jean-paul-duminy-44932,4,7.5,0.0,12.0,0.0,15.0,33.33,40.62
Jean-Paul Duminy,2.0,0,15,1,7.5,7,1,0,1,0,https://www.espncricinfo.com/cricketers/jean-paul-duminy-44932,4,7.5,12.0,12.0,15.0,15.0,58.33,40.62
Jean-Paul Duminy,4.0,0,22,0,5.5,11,3,0,0,0,https://www.espncricinfo.com/cricketers/jean-paul-duminy-44932,4,7.5,0.0,12.0,0.0,15.0,45.83,40.62
Jeevan Mendis,1.1,0,11,0,9.42,2,0,1,0,0,https://www.espncricinfo.com/cricketers/jeevan-mendis-49700,3,7.41,0.0,0.0,0.0,0.0,30.3,32.06
Jeevan Mendis,7.0,0,36,0,5.14,16,1,0,3,0,https://www.espncricinfo.com/cricketers/jeevan-mendis-49700,3,7.41,0.0,0.0,0.0,0.0,38.1,32.06
Jeevan Mendis,3.0,0,23,0,7.66,5,0,2,0,0,https://www.espncricinfo.com/cricketers/jeevan-mendis-49700,3,7.41,0.0,0.0,0.0,0.0,27.78,32.06
Jeffrey Vandersay,7.0,0,50,1,7.14,19,5,0,4,0,https://www.espncricinfo.com/cricketers/jeffrey-vandersay-370040,1,7.14,42.0,42.0,50.0,50.0,45.24,45.24
Joe Root,5.0,0,27,2,5.4,14,0,1,1,0,https://www.espncricinfo.com/cricketers/joe-root-303669,3,5.63,15.0,15.0,13.5,13.5,46.67,36.85
Joe Root,2.0,0,13,0,6.5,3,1,0,0,0,https://www.espncricinfo.com/cricketers/joe-root-303669,3,5.63,0.0,15.0,0.0,13.5,25.0,36.85
Joe Root,3.0,0,15,0,5.0,7,1,0,0,0,https://www.espncricinfo.com/cricketers/joe-root-303669,3,5.63,0.0,15.0,0.0,13.5,38.89,36.85
Jofra Archer,7.0,1,27,3,3.85,29,4,0,1,0,https://www.espncricinfo.com/cricketers/jofra-archer-669855,11,4.48,14.0,30.56,9.0,21.59,69.05,62.26
Jofra Archer,10.0,0,79,0,7.9,25,5,2,4,0,https://www.espncricinfo.com/cricketers/jofra-archer-669855,11,4.48,0.0,30.56,0.0,21.59,41.67,62.26
Jofra Archer,10.0,0,32,2,3.2,38,1,0,2,0,https://www.espncricinfo.com/cricketers/jofra-archer-669855,11,4.48,30.0,30.56,16.0,21.59,63.33,62.26
Jofra Archer,10.0,2,52,3,5.2,38,4,3,2,0,https://www.espncricinfo.com/cricketers/jofra-archer-669855,11,4.48,20.0,30.56,17.33,21.59,63.33,62.26
Jofra Archer,9.0,0,56,1,6.22,31,7,1,1,0,https://www.espncricinfo.com/cricketers/jofra-archer-669855,11,4.48,54.0,30.56,56.0,21.59,57.41,62.26
Jofra Archer,10.0,0,42,1,4.2,33,1,1,5,0,https://www.espncricinfo.com/cricketers/jofra-archer-669855,11,4.48,60.0,30.56,42.0,21.59,55.0,62.26
Jofra Archer,10.0,0,45,0,4.5,33,5,0,0,0,https://www.espncricinfo.com/cricketers/jofra-archer-669855,11,4.48,0.0,30.56,0.0,21.59,55.0,62.26
Jofra Archer,10.0,1,52,3,5.2,38,5,1,2,0,https://www.espncricinfo.com/cricketers/jofra-archer-669855,11,4.48,20.0,30.56,17.33,21.59,63.33,62.26
Jofra Archer,7.0,1,17,1,2.42,31,1,0,1,0,https://www.espncricinfo.com/cricketers/jofra-archer-669855,11,4.48,42.0,30.56,17.0,21.59,73.81,62.26
Jofra Archer,9.0,1,30,3,3.33,38,4,0,1,0,https://www.espncricinfo.com/cricketers/jofra-archer-669855,11,4.48,18.0,30.56,10.0,21.59,70.37,62.26
Jofra Archer,8.5,2,29,3,3.28,37,0,1,1,0,https://www.espncricinfo.com/cricketers/jofra-archer-669855,11,4.48,17.0,30.56,9.67,21.59,72.55,62.26
Kagiso Rabada,10.0,0,42,1,4.2,39,3,1,1,0,https://www.espncricinfo.com/cricketers/kagiso-rabada-550215,8,5.08,60.0,36.33,42.0,27.86,65.0,58.75
Kagiso Rabada,10.0,1,39,2,3.9,40,4,1,1,0,https://www.espncricinfo.com/cricketers/kagiso-rabada-550215,8,5.08,30.0,36.33,19.5,27.86,66.67,58.75
Kagiso Rabada,10.0,0,57,0,5.7,36,6,1,3,0,https://www.espncricinfo.com/cricketers/kagiso-rabada-550215,8,5.08,0.0,36.33,0.0,27.86,60.0,58.75
Kagiso Rabada,8.0,1,36,1,4.5,32,5,0,2,0,https://www.espncricinfo.com/cricketers/kagiso-rabada-550215,8,5.08,48.0,36.33,36.0,27.86,66.67,58.75
Kagiso Rabada,10.0,2,36,2,3.6,40,3,0,2,0,https://www.espncricinfo.com/cricketers/kagiso-rabada-550215,8,5.08,30.0,36.33,18.0,27.86,66.67,58.75
Kagiso Rabada,10.0,0,66,2,6.6,24,8,0,2,0,https://www.espncricinfo.com/cricketers/kagiso-rabada-550215,8,5.08,30.0,36.33,33.0,27.86,40.0,58.75
Kagiso Rabada,10.0,0,56,3,5.6,33,6,1,0,0,https://www.espncricinfo.com/cricketers/kagiso-rabada-550215,8,5.08,20.0,36.33,18.67,27.86,55.0,58.75
Kagiso Rabada,10.0,0,65,0,6.5,30,8,1,1,0,https://www.espncricinfo.com/cricketers/kagiso-rabada-550215,8,5.08,0.0,36.33,0.0,27.86,50.0,58.75
Kane Richardson,9.0,1,47,3,5.22,32,6,0,2,0,https://www.espncricinfo.com/cricketers/kane-richardson-272262,2,6.18,18.0,21.6,15.67,23.33,59.26,51.46
Kane Richardson,8.4,0,62,2,7.15,22,6,2,2,0,https://www.espncricinfo.com/cricketers/kane-richardson-272262,2,6.18,25.2,21.6,31.0,23.33,43.65,51.46
Kane Williamson,8.0,0,39,1,4.87,24,4,0,1,0,https://www.espncricinfo.com/cricketers/kane-williamson-277906,2,4.22,48.0,45.0,39.0,32.0,50.0,47.62
Kane Williamson,7.0,0,25,1,3.57,19,0,0,0,0,https://www.espncricinfo.com/cricketers/kane-williamson-277906,2,4.22,42.0,45.0,25.0,32.0,45.24,47.62
Kasun Rajitha,10.0,0,76,1,7.6,28,6,4,4,1,https://www.espncricinfo.com/cricketers/kasun-rajitha-499594,2,6.74,60.0,54.0,76.0,61.5,46.67,50.42
Kasun Rajitha,8.0,0,47,1,5.87,26,8,0,0,0,https://www.espncricinfo.com/cricketers/kasun-rajitha-499594,2,6.74,48.0,54.0,47.0,61.5,54.17,50.42
Kedar Jadhav,4.0,0,16,0,4.0,13,1,0,0,0,https://www.espncricinfo.com/cricketers/kedar-jadhav-290716,3,7.33,0.0,0.0,0.0,0.0,54.17,56.94
Kedar Jadhav,1.0,0,4,0,4.0,5,1,0,0,0,https://www.espncricinfo.com/cricketers/kedar-jadhav-290716,3,7.33,0.0,0.0,0.0,0.0,83.33,56.94
Kedar Jadhav,1.0,0,14,0,14.0,2,1,1,2,0,https://www.espncricinfo.com/cricketers/kedar-jadhav-290716,3,7.33,0.0,0.0,0.0,0.0,33.33,56.94
Kemar Roach,10.0,2,38,0,3.8,41,5,0,0,0,https://www.espncricinfo.com/cricketers/kemar-roach-230553,4,3.61,0.0,20.0,0.0,12.17,68.33,67.22
Kemar Roach,10.0,0,36,3,3.6,41,2,1,0,0,https://www.espncricinfo.com/cricketers/kemar-roach-230553,4,3.61,20.0,20.0,12.0,12.17,68.33,67.22
Kemar Roach,3.0,0,10,0,3.33,13,1,0,1,0,https://www.espncricinfo.com/cricketers/kemar-roach-230553,4,3.61,0.0,20.0,0.0,12.17,72.22,67.22
Kemar Roach,10.0,2,37,3,3.7,36,3,0,1,0,https://www.espncricinfo.com/cricketers/kemar-roach-230553,4,3.61,20.0,20.0,12.33,12.17,60.0,67.22
Kuldeep Yadav,10.0,0,39,0,3.9,30,2,0,0,0,https://www.espncricinfo.com/cricketers/kuldeep-yadav-559235,7,5.01,0.0,52.2,0.0,45.4,50.0,45.79
Kuldeep Yadav,9.0,1,35,1,3.88,28,1,0,2,0,https://www.espncricinfo.com/cricketers/kuldeep-yadav-559235,7,5.01,54.0,52.2,35.0,45.4,51.85,45.79
Kuldeep Yadav,10.0,0,72,1,7.2,25,5,3,0,0,https://www.espncricinfo.com/cricketers/kuldeep-yadav-559235,7,5.01,60.0,52.2,72.0,45.4,41.67,45.79
Kuldeep Yadav,10.0,0,46,1,4.6,28,2,1,1,0,https://www.espncricinfo.com/cricketers/kuldeep-yadav-559235,7,5.01,60.0,52.2,46.0,45.4,46.67,45.79
Kuldeep Yadav,9.0,0,55,0,6.11,19,4,1,0,0,https://www.espncricinfo.com/cricketers/kuldeep-yadav-559235,7,5.01,0.0,52.2,0.0,45.4,35.19,45.79
Kuldeep Yadav,9.0,1,32,2,3.55,28,1,0,0,0,https://www.espncricinfo.com/cricketers/kuldeep-yadav-559235,7,5.01,27.0,52.2,16.0,45.4,51.85,45.79
Kuldeep Yadav,10.0,0,58,1,5.8,26,6,0,1,0,https://www.espncricinfo.com/cricketers/kuldeep-yadav-559235,7,5.01,60.0,52.2,58.0,45.4,43.33,45.79
Lasith Malinga,10.0,1,47,1,4.7,38,6,0,2,0,https://www.espncricinfo.com/cricketers/lasith-malinga-49758,7,6.26,60.0,37.97,47.0,38.68,63.33,50.94
Lasith Malinga,10.0,1,43,4,4.3,39,5,0,2,0,https://www.espncricinfo.com/cricketers/lasith-malinga-49758,7,6.26,15.0,37.97,10.75,38.68,65.0,50.94
Lasith Malinga,10.0,1,82,1,8.2,20,12,0,4,0,https://www.espncricinfo.com/cricketers/lasith-malinga-49758,7,6.26,60.0,37.97,82.0,38.68,33.33,50.94
Lasith Malinga,6.4,0,39,3,5.85,23,4,1,3,0,https://www.espncricinfo.com/cricketers/lasith-malinga-49758,7,6.26,12.8,37.97,13.0,38.68,59.9,50.94
Lasith Malinga,10.0,0,55,3,5.5,34,6,0,4,1,https://www.espncricinfo.com/cricketers/lasith-malinga-49758,7,6.26,20.0,37.97,18.33,38.68,56.67,50.94
Lasith Malinga,5.0,0,46,0,9.2,9,6,0,1,1,https://www.espncricinfo.com/cricketers/lasith-malinga-49758,7,6.26,0.0,37.97,0.0,38.68,30.0,50.94
Lasith Malinga,10.0,1,61,1,6.1,29,5,1,3,1,https://www.espncricinfo.com/cricketers/lasith-malinga-49758,7,6.26,60.0,37.97,61.0,38.68,48.33,50.94
Liam Plunkett,10.0,0,55,3,5.5,27,4,0,4,0,https://www.espncricinfo.com/cricketers/liam-plunkett-19264,7,4.93,20.0,31.17,18.33,24.14,45.0,48.23
Liam Plunkett,8.0,0,28,1,3.5,26,1,0,1,0,https://www.espncricinfo.com/cricketers/liam-plunkett-19264,7,4.93,48.0,31.17,28.0,24.14,54.17,48.23
Liam Plunkett,7.0,0,37,2,5.28,20,1,2,0,0,https://www.espncricinfo.com/cricketers/liam-plunkett-19264,7,4.93,21.0,31.17,18.5,24.14,47.62,48.23
Liam Plunkett,8.0,0,36,1,4.5,17,1,0,2,0,https://www.espncricinfo.com/cricketers/liam-plunkett-19264,7,4.93,48.0,31.17,36.0,24.14,35.42,48.23
Liam Plunkett,5.0,0,30,1,6.0,13,3,0,3,0,https://www.espncricinfo.com/cricketers/liam-plunkett-19264,7,4.93,30.0,31.17,30.0,24.14,43.33,48.23
Liam Plunkett,10.0,0,42,3,4.2,36,4,0,0,0,https://www.espncricinfo.com/cricketers/liam-plunkett-19264,7,4.93,20.0,31.17,14.0,24.14,60.0,48.23
Liam Plunkett,8.0,0,44,0,5.5,25,3,1,3,0,https://www.espncricinfo.com/cricketers/liam-plunkett-19264,7,4.93,0.0,31.17,0.0,24.14,52.08,48.23
Lockie Ferguson,10.0,0,40,1,4.0,35,3,0,5,0,https://www.espncricinfo.com/cricketers/lockie-ferguson-493773,9,4.85,60.0,31.63,40.0,25.56,58.33,60.67
Lockie Ferguson,10.0,0,59,3,5.9,35,6,2,2,0,https://www.espncricinfo.com/cricketers/lockie-ferguson-493773,9,4.85,20.0,31.63,19.67,25.56,58.33,60.67
Lockie Ferguson,10.0,0,59,3,5.9,32,6,1,3,0,https://www.espncricinfo.com/cricketers/lockie-ferguson-493773,9,4.85,20.0,31.63,19.67,25.56,53.33,60.67
Lockie Ferguson,10.0,0,43,1,4.3,36,1,2,2,0,https://www.espncricinfo.com/cricketers/lockie-ferguson-493773,9,4.85,60.0,31.63,43.0,25.56,60.0,60.67
Lockie Ferguson,9.1,3,37,4,4.03,40,7,0,0,0,https://www.espncricinfo.com/cricketers/lockie-ferguson-493773,9,4.85,13.65,31.63,9.25,25.56,73.26,60.67
Lockie Ferguson,10.0,0,50,3,5.0,35,5,0,3,0,https://www.espncricinfo.com/cricketers/lockie-ferguson-493773,9,4.85,20.0,31.63,16.67,25.56,58.33,60.67
Lockie Ferguson,8.1,0,50,1,6.12,26,7,0,4,0,https://www.espncricinfo.com/cricketers/lockie-ferguson-493773,9,4.85,48.6,31.63,50.0,25.56,53.5,60.67
Lockie Ferguson,10.0,0,49,2,4.9,35,7,0,0,0,https://www.espncricinfo.com/cricketers/lockie-ferguson-493773,9,4.85,30.0,31.63,24.5,25.56,58.33,60.67
Lockie Ferguson,6.2,0,22,3,3.47,27,2,0,1,1,https://www.espncricinfo.com/cricketers/lockie-ferguson-493773,9,4.85,12.4,31.63,7.33,25.56,72.58,60.67
Lungi Ngidi,10.0,1,47,1,4.7,35,6,0,2,0,https://www.espncricinfo.com/cricketers/lungi-ngidi-542023,4,6.73,60.0,32.67,47.0,30.11,58.33,50.79
Lungi Ngidi,9.0,0,64,3,7.11,26,7,2,0,0,https://www.espncricinfo.com/cricketers/lungi-ngidi-542023,4,6.73,18.0,32.67,21.33,30.11,48.15,50.79
Lungi Ngidi,10.0,0,66,3,6.6,28,6,2,2,0,https://www.espncricinfo.com/cricketers/lungi-ngidi-542023,4,6.73,20.0,32.67,22.0,30.11,46.67,50.79
Lungi Ngidi,4.0,0,34,0,8.5,12,7,0,0,0,https://www.espncricinfo.com/cricketers/lungi-ngidi-542023,4,6.73,0.0,32.67,0.0,30.11,50.0,50.79
Marcus Stoinis,3.0,0,19,0,6.33,5,1,0,1,0,https://www.espncricinfo.com/cricketers/marcus-stoinis-325012,8,6.04,0.0,27.0,0.0,26.38,27.78,47.48
Marcus Stoinis,8.0,0,54,2,6.75,13,5,0,0,0,https://www.espncricinfo.com/cricketers/marcus-stoinis-325012,8,6.04,24.0,27.0,27.0,26.38,27.08,47.48
Marcus Stoinis,2.0,0,13,0,6.5,7,2,0,1,0,https://www.espncricinfo.com/cricketers/marcus-stoinis-325012,8,6.04,0.0,27.0,0.0,26.38,58.33,47.48
Marcus Stoinis,7.0,1,37,2,5.28,30,4,2,3,0,https://www.espncricinfo.com/cricketers/marcus-stoinis-325012,8,6.04,21.0,27.0,18.5,26.38,71.43,47.48
Marcus Stoinis,7.0,0,62,2,8.85,12,6,1,3,0,https://www.espncricinfo.com/cricketers/marcus-stoinis-325012,8,6.04,21.0,27.0,31.0,26.38,28.57,47.48
Marcus Stoinis,2.0,0,12,0,6.0,7,0,1,0,0,https://www.espncricinfo.com/cricketers/marcus-stoinis-325012,8,6.04,0.0,27.0,0.0,26.38,58.33,47.48
Marcus Stoinis,7.0,0,29,1,4.14,21,2,0,1,0,https://www.espncricinfo.com/cricketers/marcus-stoinis-325012,8,6.04,42.0,27.0,29.0,26.38,50.0,47.48
Marcus Stoinis,4.0,0,18,0,4.5,14,1,1,0,0,https://www.espncricinfo.com/cricketers/marcus-stoinis-325012,8,6.04,0.0,27.0,0.0,26.38,58.33,47.48
Mark Wood,10.0,1,40,2,4.0,37,3,1,1,0,https://www.espncricinfo.com/cricketers/mark-wood-351588,10,5.1,30.0,33.2,20.0,28.46,61.67,52.36
Mark Wood,9.0,0,34,3,3.77,35,2,0,2,0,https://www.espncricinfo.com/cricketers/mark-wood-351588,10,5.1,18.0,33.2,11.33,28.46,64.81,52.36
Mark Wood,10.0,1,49,1,4.9,33,3,1,2,0,https://www.espncricinfo.com/cricketers/mark-wood-351588,10,5.1,60.0,33.2,49.0,28.46,55.0,52.36
Mark Wood,8.0,0,40,3,5.0,23,3,0,1,0,https://www.espncricinfo.com/cricketers/mark-wood-351588,10,5.1,16.0,33.2,13.33,28.46,47.92,52.36
Mark Wood,9.0,0,59,1,6.55,28,9,0,2,0,https://www.espncricinfo.com/cricketers/mark-wood-351588,10,5.1,54.0,33.2,59.0,28.46,51.85,52.36
Mark Wood,6.4,0,18,3,2.7,31,1,1,1,0,https://www.espncricinfo.com/cricketers/mark-wood-351588,10,5.1,12.8,33.2,6.0,28.46,80.73,52.36
Mark Wood,8.0,0,52,2,6.5,16,6,0,0,0,https://www.espncricinfo.com/cricketers/mark-wood-351588,10,5.1,24.0,33.2,26.0,28.46,33.33,52.36
Mark Wood,10.0,0,73,0,7.3,19,9,0,1,0,https://www.espncricinfo.com/cricketers/mark-wood-351588,10,5.1,0.0,33.2,0.0,28.46,31.67,52.36
Mark Wood,10.0,0,53,2,5.3,28,3,1,2,0,https://www.espncricinfo.com/cricketers/mark-wood-351588,10,5.1,30.0,33.2,26.5,28.46,46.67,52.36
Mark Wood,9.0,0,45,1,5.0,27,3,0,4,0,https://www.espncricinfo.com/cricketers/mark-wood-351588,10,5.1,54.0,33.2,45.0,28.46,50.0,52.36
Mashrafe Mortaza,6.0,0,49,0,8.16,6,5,0,0,0,https://www.espncricinfo.com/cricketers/mashrafe-mortaza-56007,8,6.5,0.0,60.0,0.0,68.0,16.67,43.96
Mashrafe Mortaza,5.0,0,36,0,7.2,15,2,2,1,0,https://www.espncricinfo.com/cricketers/mashrafe-mortaza-56007,8,6.5,0.0,60.0,0.0,68.0,50.0,43.96
Mashrafe Mortaza,10.0,0,68,1,6.8,24,6,2,0,0,https://www.espncricinfo.com/cricketers/mashrafe-mortaza-56007,8,6.5,60.0,60.0,68.0,68.0,40.0,43.96
Mashrafe Mortaza,5.0,0,32,0,6.4,16,5,0,0,1,https://www.espncricinfo.com/cricketers/mashrafe-mortaza-56007,8,6.5,0.0,60.0,0.0,68.0,53.33,43.96
Mashrafe Mortaza,8.0,1,37,0,4.62,30,3,2,0,0,https://www.espncricinfo.com/cricketers/mashrafe-mortaza-56007,8,6.5,0.0,60.0,0.0,68.0,62.5,43.96
Mashrafe Mortaza,8.0,0,56,0,7.0,22,6,2,0,0,https://www.espncricinfo.com/cricketers/mashrafe-mortaza-56007,8,6.5,0.0,60.0,0.0,68.0,45.83,43.96
Mashrafe Mortaza,7.0,0,46,0,6.57,12,2,0,0,0,https://www.espncricinfo.com/cricketers/mashrafe-mortaza-56007,8,6.5,0.0,60.0,0.0,68.0,28.57,43.96
Mashrafe Mortaza,7.0,0,37,0,5.28,23,2,0,2,0,https://www.espncricinfo.com/cricketers/mashrafe-mortaza-56007,8,6.5,0.0,60.0,0.0,68.0,54.76,43.96
Matt Henry,10.0,1,37,3,3.7,42,5,0,3,0,https://www.espncricinfo.com/cricketers/matt-henry-506612,9,4.88,20.0,31.97,12.33,29.46,70.0,61.84
Matt Henry,10.0,2,40,1,4.0,39,5,0,0,0,https://www.espncricinfo.com/cricketers/matt-henry-506612,9,4.88,60.0,31.97,40.0,29.46,65.0,61.84
Matt Henry,10.0,0,54,2,5.4,30,5,0,2,0,https://www.espncricinfo.com/cricketers/matt-henry-506612,9,4.88,30.0,31.97,27.0,29.46,50.0,61.84
Matt Henry,7.0,0,29,3,4.14,29,4,0,1,0,https://www.espncricinfo.com/cricketers/matt-henry-506612,9,4.88,14.0,31.97,9.67,29.46,69.05,61.84
Matt Henry,9.2,0,47,4,5.03,31,5,0,1,0,https://www.espncricinfo.com/cricketers/matt-henry-506612,9,4.88,13.8,31.97,11.75,29.46,56.16,61.84
Matt Henry,9.0,0,76,1,8.44,29,6,6,2,0,https://www.espncricinfo.com/cricketers/matt-henry-506612,9,4.88,54.0,31.97,76.0,29.46,53.7,61.84
Matt Henry,7.0,0,25,0,3.57,27,2,0,0,0,https://www.espncricinfo.com/cricketers/matt-henry-506612,9,4.88,0.0,31.97,0.0,29.46,64.29,61.84
Matt Henry,8.0,0,50,0,6.25,28,8,1,0,0,https://www.espncricinfo.com/cricketers/matt-henry-506612,9,4.88,0.0,31.97,0.0,29.46,58.33,61.84
Matt Henry,10.0,2,34,0,3.4,42,2,1,0,0,https://www.espncricinfo.com/cricketers/matt-henry-506612,9,4.88,0.0,31.97,0.0,29.46,70.0,61.84
Mehidy Hasan Miraz,10.0,0,67,2,6.7,22,3,3,1,0,https://www.espncricinfo.com/cricketers/mehidy-hasan-miraz-629063,7,5.09,30.0,45.0,33.5,32.75,36.67,46.4
Mehidy Hasan Miraz,10.0,0,47,2,4.7,37,4,2,1,0,https://www.espncricinfo.com/cricketers/mehidy-hasan-miraz-629063,7,5.09,30.0,45.0,23.5,32.75,61.67,46.4
Mehidy Hasan Miraz,10.0,0,44,1,4.4,27,3,0,0,0,https://www.espncricinfo.com/cricketers/mehidy-hasan-miraz-629063,7,5.09,60.0,45.0,44.0,32.75,45.0,46.4
Mehidy Hasan Miraz,8.0,0,37,0,4.62,24,3,0,0,0,https://www.espncricinfo.com/cricketers/mehidy-hasan-miraz-629063,7,5.09,0.0,45.0,0.0,32.75,50.0,46.4
Mehidy Hasan Miraz,10.0,0,30,1,3.0,38,0,0,1,0,https://www.espncricinfo.com/cricketers/mehidy-hasan-miraz-629063,7,5.09,60.0,45.0,30.0,32.75,63.33,46.4
Mehidy Hasan Miraz,9.0,0,57,0,6.33,17,3,1,1,0,https://www.espncricinfo.com/cricketers/mehidy-hasan-miraz-629063,7,5.09,0.0,45.0,0.0,32.75,31.48,46.4
Mehidy Hasan Miraz,10.0,0,59,0,5.9,22,3,1,1,0,https://www.espncricinfo.com/cricketers/mehidy-hasan-miraz-629063,7,5.09,0.0,45.0,0.0,32.75,36.67,46.4
Milinda Siriwardana,2.0,0,17,0,8.5,4,1,1,0,0,https://www.espncricinfo.com/cricketers/milinda-siriwardana-222354,1,8.5,0.0,0.0,0.0,0.0,33.33,33.33
Mitchell Santner,10.0,1,41,1,4.1,32,1,1,0,0,https://www.espncricinfo.com/cricketers/mitchell-santner-502714,9,4.75,60.0,43.2,41.0,34.6,53.33,52.37
Mitchell Santner,10.0,2,34,2,3.4,40,0,2,1,0,https://www.espncricinfo.com/cricketers/mitchell-santner-502714,9,4.75,30.0,43.2,17.0,34.6,66.67,52.37
Mitchell Santner,2.0,0,5,1,2.5,8,0,0,1,0,https://www.espncricinfo.com/cricketers/mitchell-santner-502714,9,4.75,12.0,43.2,5.0,34.6,66.67,52.37
Mitchell Santner,3.0,0,11,0,3.66,8,0,0,1,0,https://www.espncricinfo.com/cricketers/mitchell-santner-502714,9,4.75,0.0,43.2,0.0,34.6,44.44,52.37
Mitchell Santner,10.0,0,65,1,6.5,24,7,0,2,0,https://www.espncricinfo.com/cricketers/mitchell-santner-502714,9,4.75,60.0,43.2,65.0,34.6,40.0,52.37
Mitchell Santner,9.0,0,45,1,5.0,22,2,1,0,0,https://www.espncricinfo.com/cricketers/mitchell-santner-502714,9,4.75,54.0,43.2,45.0,34.6,40.74,52.37
Mitchell Santner,3.0,0,23,0,7.66,8,2,0,1,0,https://www.espncricinfo.com/cricketers/mitchell-santner-502714,9,4.75,0.0,43.2,0.0,34.6,44.44,52.37
Mitchell Santner,10.0,1,61,0,6.1,32,2,5,0,0,https://www.espncricinfo.com/cricketers/mitchell-santner-502714,9,4.75,0.0,43.2,0.0,34.6,53.33,52.37
Mitchell Santner,10.0,0,38,0,3.8,37,2,1,0,0,https://www.espncricinfo.com/cricketers/mitchell-santner-502714,9,4.75,0.0,43.2,0.0,34.6,61.67,52.37
Mitchell Starc,9.0,1,43,2,4.77,32,6,0,2,0,https://www.espncricinfo.com/cricketers/mitchell-starc-311592,10,5.42,27.0,29.09,21.5,29.24,59.26,58.38
Mitchell Starc,10.0,0,55,4,5.5,34,5,2,1,0,https://www.espncricinfo.com/cricketers/mitchell-starc-311592,10,5.42,15.0,29.09,13.75,29.24,56.67,58.38
Mitchell Starc,8.4,1,43,4,4.96,29,5,0,0,0,https://www.espncricinfo.com/cricketers/mitchell-starc-311592,10,5.42,12.6,29.09,10.75,29.24,57.54,58.38
Mitchell Starc,9.0,0,59,2,6.55,27,7,0,4,0,https://www.espncricinfo.com/cricketers/mitchell-starc-311592,10,5.42,27.0,29.09,29.5,29.24,50.0,58.38
Mitchell Starc,7.0,1,31,1,4.42,30,5,0,2,0,https://www.espncricinfo.com/cricketers/mitchell-starc-311592,10,5.42,42.0,29.09,31.0,29.24,71.43,58.38
Mitchell Starc,10.0,0,55,2,5.5,25,5,0,0,0,https://www.espncricinfo.com/cricketers/mitchell-starc-311592,10,5.42,30.0,29.09,27.5,29.24,41.67,58.38
Mitchell Starc,10.0,1,46,5,4.6,44,5,1,4,0,https://www.espncricinfo.com/cricketers/mitchell-starc-311592,10,5.42,12.0,29.09,9.2,29.24,73.33,58.38
Mitchell Starc,9.4,1,26,5,2.68,45,2,0,4,0,https://www.espncricinfo.com/cricketers/mitchell-starc-311592,10,5.42,11.28,29.09,5.2,29.24,79.79,58.38
Mitchell Starc,10.0,0,74,1,7.4,22,4,3,0,0,https://www.espncricinfo.com/cricketers/mitchell-starc-311592,10,5.42,60.0,29.09,74.0,29.24,36.67,58.38
Mitchell Starc,9.0,0,70,1,7.77,31,12,1,3,0,https://www.espncricinfo.com/cricketers/mitchell-starc-311592,10,5.42,54.0,29.09,70.0,29.24,57.41,58.38
Moeen Ali,10.0,0,50,3,5.0,24,4,0,0,0,https://www.espncricinfo.com/cricketers/moeen-ali-8917,5,5.46,20.0,38.67,16.67,40.56,40.0,42.38
Moeen Ali,10.0,0,63,1,6.3,28,6,2,0,0,https://www.espncricinfo.com/cricketers/moeen-ali-8917,5,5.46,60.0,38.67,63.0,40.56,46.67,42.38
Moeen Ali,6.0,0,42,1,7.0,12,1,2,0,0,https://www.espncricinfo.com/cricketers/moeen-ali-8917,5,5.46,36.0,38.67,42.0,40.56,33.33,42.38
Moeen Ali,7.0,0,35,0,5.0,19,2,1,0,0,https://www.espncricinfo.com/cricketers/moeen-ali-8917,5,5.46,0.0,38.67,0.0,40.56,45.24,42.38
Moeen Ali,10.0,0,40,0,4.0,28,0,0,3,0,https://www.espncricinfo.com/cricketers/moeen-ali-8917,5,5.46,0.0,38.67,0.0,40.56,46.67,42.38
Mohammad Amir,10.0,2,30,5,3.0,37,1,0,1,0,https://www.espncricinfo.com/cricketers/mohammad-amir-290948,8,4.86,12.0,29.43,6.0,26.62,61.67,55.53
Mohammad Amir,7.0,0,31,1,4.42,23,3,0,1,0,https://www.espncricinfo.com/cricketers/mohammad-amir-290948,8,4.86,42.0,29.43,31.0,26.62,54.76,55.53
Mohammad Amir,10.0,0,67,2,6.7,25,8,0,3,0,https://www.espncricinfo.com/cricketers/mohammad-amir-290948,8,4.86,30.0,29.43,33.5,26.62,41.67,55.53
Mohammad Amir,6.0,0,26,3,4.33,22,3,0,1,0,https://www.espncricinfo.com/cricketers/mohammad-amir-290948,8,4.86,12.0,29.43,8.67,26.62,61.11,55.53
Mohammad Amir,10.0,0,67,1,6.7,31,9,1,2,0,https://www.espncricinfo.com/cricketers/mohammad-amir-290948,8,4.86,60.0,29.43,67.0,26.62,51.67,55.53
Mohammad Amir,10.0,1,41,0,4.1,39,6,0,1,0,https://www.espncricinfo.com/cricketers/mohammad-amir-290948,8,4.86,0.0,29.43,0.0,26.62,65.0,55.53
Mohammad Amir,10.0,1,47,3,4.7,33,5,0,1,0,https://www.espncricinfo.com/cricketers/mohammad-amir-290948,8,4.86,20.0,29.43,15.67,26.62,55.0,55.53
Mohammad Amir,10.0,1,49,2,4.9,32,4,0,1,0,https://www.espncricinfo.com/cricketers/mohammad-amir-290948,8,4.86,30.0,29.43,24.5,26.62,53.33,55.53
Mohammad Hafeez,1.0,0,11,0,11.0,3,1,1,0,0,https://www.espncricinfo.com/cricketers/mohammad-hafeez-41434,7,6.38,0.0,42.0,0.0,51.5,50.0,42.52
Mohammad Hafeez,7.0,0,60,1,8.57,14,4,4,0,0,https://www.espncricinfo.com/cricketers/mohammad-hafeez-41434,7,6.38,42.0,42.0,60.0,51.5,33.33,42.52
Mohammad Hafeez,6.0,1,32,0,5.33,18,4,0,0,0,https://www.espncricinfo.com/cricketers/mohammad-hafeez-41434,7,6.38,0.0,42.0,0.0,51.5,50.0,42.52
Mohammad Hafeez,7.0,0,22,0,3.14,25,1,0,0,0,https://www.espncricinfo.com/cricketers/mohammad-hafeez-41434,7,6.38,0.0,42.0,0.0,51.5,59.52,42.52
Mohammad Hafeez,7.0,0,43,1,6.14,16,2,2,0,0,https://www.espncricinfo.com/cricketers/mohammad-hafeez-41434,7,6.38,42.0,42.0,43.0,51.5,38.1,42.52
Mohammad Hafeez,2.0,0,11,0,5.5,4,0,0,1,0,https://www.espncricinfo.com/cricketers/mohammad-hafeez-41434,7,6.38,0.0,42.0,0.0,51.5,33.33,42.52
Mohammad Hafeez,2.0,0,10,0,5.0,4,0,0,0,0,https://www.espncricinfo.com/cricketers/mohammad-hafeez-41434,7,6.38,0.0,42.0,0.0,51.5,33.33,42.52
Mohammad Nabi,10.0,0,56,1,5.6,32,4,3,0,0,https://www.espncricinfo.com/cricketers/mohammad-nabi-25913,9,4.75,60.0,38.1,56.0,27.1,53.33,50.48
Mohammad Nabi,9.0,0,30,4,3.33,33,0,1,1,0,https://www.espncricinfo.com/cricketers/mohammad-nabi-25913,9,4.75,13.5,38.1,7.5,27.1,61.11,50.48
Mohammad Nabi,6.0,0,32,0,5.33,18,1,0,2,0,https://www.espncricinfo.com/cricketers/mohammad-nabi-25913,9,4.75,0.0,38.1,0.0,27.1,50.0,50.48
Mohammad Nabi,9.0,0,70,0,7.77,19,4,4,0,0,https://www.espncricinfo.com/cricketers/mohammad-nabi-25913,9,4.75,0.0,38.1,0.0,27.1,35.19,50.48
Mohammad Nabi,6.4,0,29,0,4.35,23,2,1,1,0,https://www.espncricinfo.com/cricketers/mohammad-nabi-25913,9,4.75,0.0,38.1,0.0,27.1,59.9,50.48
Mohammad Nabi,10.0,0,44,1,4.4,30,3,0,1,0,https://www.espncricinfo.com/cricketers/mohammad-nabi-25913,9,4.75,60.0,38.1,44.0,27.1,50.0,50.48
Mohammad Nabi,3.0,0,18,0,6.0,7,0,1,1,0,https://www.espncricinfo.com/cricketers/mohammad-nabi-25913,9,4.75,0.0,38.1,0.0,27.1,38.89,50.48
Mohammad Nabi,10.0,0,23,2,2.3,38,0,0,0,0,https://www.espncricinfo.com/cricketers/mohammad-nabi-25913,9,4.75,30.0,38.1,11.5,27.1,63.33,50.48
Mohammad Nabi,9.0,0,33,2,3.66,23,0,0,1,0,https://www.espncricinfo.com/cricketers/mohammad-nabi-25913,9,4.75,27.0,38.1,16.5,27.1,42.59,50.48
Mohammad Saifuddin,7.0,0,59,0,8.42,17,9,1,0,0,https://www.espncricinfo.com/cricketers/mohammad-saifuddin-629070,7,7.13,0.0,26.33,0.0,28.44,40.48,42.11
Mohammad Saifuddin,9.0,0,77,3,8.55,22,10,1,3,1,https://www.espncricinfo.com/cricketers/mohammad-saifuddin-629070,7,7.13,18.0,26.33,25.67,28.44,40.74,42.11
Mohammad Saifuddin,9.0,0,78,2,8.66,18,7,2,2,0,https://www.espncricinfo.com/cricketers/mohammad-saifuddin-629070,7,7.13,27.0,26.33,39.0,28.44,33.33,42.11
Mohammad Saifuddin,7.0,0,41,2,5.85,19,4,0,3,0,https://www.espncricinfo.com/cricketers/mohammad-saifuddin-629070,7,7.13,21.0,26.33,20.5,28.44,45.24,42.11
Mohammad Saifuddin,10.0,1,72,3,7.2,31,4,4,6,0,https://www.espncricinfo.com/cricketers/mohammad-saifuddin-629070,7,7.13,20.0,26.33,24.0,28.44,51.67,42.11
Mohammad Saifuddin,8.0,1,57,2,7.12,17,7,0,2,1,https://www.espncricinfo.com/cricketers/mohammad-saifuddin-629070,7,7.13,24.0,26.33,28.5,28.44,35.42,42.11
Mohammad Saifuddin,8.0,0,33,1,4.12,23,1,0,1,0,https://www.espncricinfo.com/cricketers/mohammad-saifuddin-629070,7,7.13,48.0,26.33,33.0,28.44,47.92,42.11
Mohammed Shami,6.2,0,16,4,2.52,29,2,0,1,0,https://www.espncricinfo.com/cricketers/mohammed-shami-481896,4,5.26,9.3,22.39,4.0,23.95,77.96,61.76
Mohammed Shami,9.0,0,68,1,7.55,22,11,0,1,0,https://www.espncricinfo.com/cricketers/mohammed-shami-481896,4,5.26,54.0,22.39,68.0,23.95,40.74,61.76
Mohammed Shami,9.5,1,40,4,4.06,38,4,0,3,0,https://www.espncricinfo.com/cricketers/mohammed-shami-481896,4,5.26,14.25,22.39,10.0,23.95,66.67,61.76
Mohammed Shami,10.0,1,69,5,6.9,37,8,3,1,0,https://www.espncricinfo.com/cricketers/mohammed-shami-481896,4,5.26,12.0,22.39,13.8,23.95,61.67,61.76
Mosaddek Hossain,4.0,0,27,0,6.75,10,3,0,1,0,https://www.espncricinfo.com/cricketers/mosaddek-hossain-550133,7,6.77,0.0,30.0,0.0,20.75,41.67,37.6
Mosaddek Hossain,6.0,0,36,0,6.0,14,2,1,0,0,https://www.espncricinfo.com/cricketers/mosaddek-hossain-550133,7,6.77,0.0,30.0,0.0,20.75,38.89,37.6
Mosaddek Hossain,6.0,0,38,0,6.33,11,0,1,1,0,https://www.espncricinfo.com/cricketers/mosaddek-hossain-550133,7,6.77,0.0,30.0,0.0,20.75,30.56,37.6
Mosaddek Hossain,4.0,0,32,0,8.0,7,1,2,1,0,https://www.espncricinfo.com/cricketers/mosaddek-hossain-550133,7,6.77,0.0,30.0,0.0,20.75,29.17,37.6
Mosaddek Hossain,8.0,0,33,2,4.12,27,3,0,1,0,https://www.espncricinfo.com/cricketers/mosaddek-hossain-550133,7,6.77,24.0,30.0,16.5,20.75,56.25,37.6
Mosaddek Hossain,2.0,0,24,0,12.0,1,1,2,0,0,https://www.espncricinfo.com/cricketers/mosaddek-hossain-550133,7,6.77,0.0,30.0,0.0,20.75,8.33,37.6
Mosaddek Hossain,6.0,0,25,1,4.16,21,3,0,0,0,https://www.espncricinfo.com/cricketers/mosaddek-hossain-550133,7,6.77,36.0,30.0,25.0,20.75,58.33,37.6
Mujeeb Ur Rahman,3.0,0,19,0,6.33,9,3,0,1,0,https://www.espncricinfo.com/cricketers/mujeeb-ur-rahman-974109,7,5.02,0.0,34.25,0.0,25.25,50.0,54.05
Mujeeb Ur Rahman,10.0,1,34,2,3.4,35,2,0,0,0,https://www.espncricinfo.com/cricketers/mujeeb-ur-rahman-974109,7,5.02,30.0,34.25,17.0,25.25,58.33,54.05
Mujeeb Ur Rahman,10.0,0,26,1,2.6,38,1,0,1,0,https://www.espncricinfo.com/cricketers/mujeeb-ur-rahman-974109,7,5.02,60.0,34.25,26.0,25.25,63.33,54.05
Mujeeb Ur Rahman,10.0,0,52,0,5.2,35,6,1,2,0,https://www.espncricinfo.com/cricketers/mujeeb-ur-rahman-974109,7,5.02,0.0,34.25,0.0,25.25,58.33,54.05
Mujeeb Ur Rahman,4.5,0,45,1,9.31,9,5,1,0,0,https://www.espncricinfo.com/cricketers/mujeeb-ur-rahman-974109,7,5.02,27.0,34.25,45.0,25.25,33.33,54.05
Mujeeb Ur Rahman,10.0,0,44,0,4.4,36,2,1,2,0,https://www.espncricinfo.com/cricketers/mujeeb-ur-rahman-974109,7,5.02,0.0,34.25,0.0,25.25,60.0,54.05
Mujeeb Ur Rahman,10.0,0,39,3,3.9,33,1,0,3,0,https://www.espncricinfo.com/cricketers/mujeeb-ur-rahman-974109,7,5.02,20.0,34.25,13.0,25.25,55.0,54.05
Mustafizur Rahman,8.0,1,32,2,4.0,31,4,0,2,0,https://www.espncricinfo.com/cricketers/mustafizur-rahman-330902,8,6.67,24.0,27.71,16.0,32.69,64.58,46.22
Mustafizur Rahman,9.0,0,59,3,6.55,25,4,1,5,0,https://www.espncricinfo.com/cricketers/mustafizur-rahman-330902,8,6.67,18.0,27.71,19.67,32.69,46.3,46.22
Mustafizur Rahman,9.0,0,75,1,8.33,19,4,3,2,1,https://www.espncricinfo.com/cricketers/mustafizur-rahman-330902,8,6.67,54.0,27.71,75.0,32.69,35.19,46.22
Mustafizur Rahman,10.0,0,75,5,7.5,24,12,0,1,0,https://www.espncricinfo.com/cricketers/mustafizur-rahman-330902,8,6.67,12.0,27.71,15.0,32.69,40.0,46.22
Mustafizur Rahman,10.0,0,67,3,6.7,30,6,2,2,0,https://www.espncricinfo.com/cricketers/mustafizur-rahman-330902,8,6.67,20.0,27.71,22.33,32.69,50.0,46.22
Mustafizur Rahman,7.1,0,48,0,6.69,19,6,0,3,0,https://www.espncricinfo.com/cricketers/mustafizur-rahman-330902,8,6.67,0.0,27.71,0.0,32.69,44.6,46.22
Mustafizur Rahman,10.0,1,59,5,5.9,29,5,1,2,1,https://www.espncricinfo.com/cricketers/mustafizur-rahman-330902,8,6.67,12.0,27.71,11.8,32.69,48.33,46.22
Mustafizur Rahman,9.0,0,69,1,7.66,22,9,1,1,0,https://www.espncricinfo.com/cricketers/mustafizur-rahman-330902,8,6.67,54.0,27.71,69.0,32.69,40.74,46.22
Nathan Coulter-Nile,10.0,0,70,0,7.0,28,10,1,0,0,https://www.espncricinfo.com/cricketers/nathan-coulter-nile-261354,5,5.9,0.0,48.0,0.0,48.33,46.67,48.94
Nathan Coulter-Nile,8.0,1,36,0,4.5,33,4,1,2,0,https://www.espncricinfo.com/cricketers/nathan-coulter-nile-261354,5,5.9,0.0,48.0,0.0,48.33,68.75,48.94
Nathan Coulter-Nile,10.0,1,63,1,6.3,28,8,1,1,0,https://www.espncricinfo.com/cricketers/nathan-coulter-nile-261354,5,5.9,60.0,48.0,63.0,48.33,46.67,48.94
Nathan Coulter-Nile,9.0,0,53,1,5.88,23,2,2,2,0,https://www.espncricinfo.com/cricketers/nathan-coulter-nile-261354,5,5.9,54.0,48.0,53.0,48.33,42.59,48.94
Nathan Coulter-Nile,10.0,0,58,2,5.8,24,6,0,1,0,https://www.espncricinfo.com/cricketers/nathan-coulter-nile-261354,5,5.9,30.0,48.0,29.0,48.33,40.0,48.94
Nathan Lyon,5.0,0,49,0,9.8,9,7,1,0,0,https://www.espncricinfo.com/cricketers/nathan-lyon-272279,4,5.87,0.0,45.0,0.0,31.25,30.0,48.75
Nathan Lyon,10.0,0,53,2,5.3,32,4,2,0,0,https://www.espncricinfo.com/cricketers/nathan-lyon-272279,4,5.87,30.0,45.0,26.5,31.25,53.33,48.75
Nathan Lyon,10.0,0,36,1,3.6,37,1,1,1,0,https://www.espncricinfo.com/cricketers/nathan-lyon-272279,4,5.87,60.0,45.0,36.0,31.25,61.67,48.75
Nathan Lyon,9.0,0,43,0,4.77,27,2,1,0,0,https://www.espncricinfo.com/cricketers/nathan-lyon-272279,4,5.87,0.0,45.0,0.0,31.25,50.0,48.75
Nuwan Pradeep,10.0,0,88,0,8.8,26,13,2,1,0,https://www.espncricinfo.com/cricketers/nuwan-pradeep-324358,3,5.35,0.0,36.75,0.0,22.88,43.33,61.98
Nuwan Pradeep,9.0,1,31,4,3.44,41,3,0,4,0,https://www.espncricinfo.com/cricketers/nuwan-pradeep-324358,3,5.35,13.5,36.75,7.75,22.88,75.93,61.98
Nuwan Pradeep,10.0,1,38,1,3.8,40,5,0,2,0,https://www.espncricinfo.com/cricketers/nuwan-pradeep-324358,3,5.35,60.0,36.75,38.0,22.88,66.67,61.98
Oshane Thomas,10.0,1,58,1,5.8,32,7,0,0,2,https://www.espncricinfo.com/cricketers/oshane-thomas-914567,9,6.09,60.0,35.22,58.0,38.25,53.33,58.36
Oshane Thomas,5.4,0,27,4,4.76,21,3,0,1,2,https://www.espncricinfo.com/cricketers/oshane-thomas-914567,9,6.09,8.1,35.22,6.75,38.25,64.81,58.36
Oshane Thomas,7.0,0,63,0,9.0,18,7,2,2,0,https://www.espncricinfo.com/cricketers/oshane-thomas-914567,9,6.09,0.0,35.22,0.0,38.25,42.86,58.36
Oshane Thomas,10.0,0,63,2,6.3,34,7,0,8,1,https://www.espncricinfo.com/cricketers/oshane-thomas-914567,9,6.09,30.0,35.22,31.5,38.25,56.67,58.36
Oshane Thomas,6.0,0,52,1,8.66,14,7,0,5,0,https://www.espncricinfo.com/cricketers/oshane-thomas-914567,9,6.09,36.0,35.22,52.0,38.25,38.89,58.36
Oshane Thomas,6.0,0,43,0,7.16,17,6,0,2,0,https://www.espncricinfo.com/cricketers/oshane-thomas-914567,9,6.09,0.0,35.22,0.0,38.25,47.22,58.36
Oshane Thomas,0.3,0,1,0,2.0,2,0,0,0,0,https://www.espncricinfo.com/cricketers/oshane-thomas-914567,9,6.09,0.0,35.22,0.0,38.25,111.11,58.36
Oshane Thomas,7.0,0,43,1,6.14,23,6,1,0,0,https://www.espncricinfo.com/cricketers/oshane-thomas-914567,9,6.09,42.0,35.22,43.0,38.25,54.76,58.36
Oshane Thomas,6.0,0,30,0,5.0,20,4,0,0,0,https://www.espncricinfo.com/cricketers/oshane-thomas-914567,9,6.09,0.0,35.22,0.0,38.25,55.56,58.36
Pat Cummins,10.0,1,65,0,6.5,28,6,1,3,0,https://www.espncricinfo.com/cricketers/pat-cummins-489889,10,4.87,0.0,35.11,0.0,29.1,46.67,63.59
Pat Cummins,9.0,0,66,1,7.33,28,6,2,3,0,https://www.espncricinfo.com/cricketers/pat-cummins-489889,10,4.87,54.0,35.11,66.0,29.1,51.85,63.59
Pat Cummins,10.0,3,41,2,4.1,42,6,0,3,0,https://www.espncricinfo.com/cricketers/pat-cummins-489889,10,4.87,30.0,35.11,20.5,29.1,70.0,63.59
Pat Cummins,7.0,0,34,1,4.85,28,4,0,2,0,https://www.espncricinfo.com/cricketers/pat-cummins-489889,10,4.87,42.0,35.11,34.0,29.1,66.67,63.59
Pat Cummins,7.5,0,38,2,4.85,28,4,0,2,0,https://www.espncricinfo.com/cricketers/pat-cummins-489889,10,4.87,22.5,35.11,19.0,29.1,62.22,63.59
Pat Cummins,6.0,1,14,1,2.33,28,2,0,0,0,https://www.espncricinfo.com/cricketers/pat-cummins-489889,10,4.87,36.0,35.11,14.0,29.1,77.78,63.59
Pat Cummins,10.0,0,55,1,5.5,34,5,1,3,0,https://www.espncricinfo.com/cricketers/pat-cummins-489889,10,4.87,60.0,35.11,55.0,29.1,56.67,63.59
Pat Cummins,8.2,0,40,3,4.8,36,6,1,1,1,https://www.espncricinfo.com/cricketers/pat-cummins-489889,10,4.87,16.4,35.11,13.33,29.1,73.17,63.59
Pat Cummins,8.0,1,41,0,5.12,30,7,0,1,0,https://www.espncricinfo.com/cricketers/pat-cummins-489889,10,4.87,0.0,35.11,0.0,29.1,62.5,63.59
Pat Cummins,10.0,0,33,3,3.3,41,4,0,0,1,https://www.espncricinfo.com/cricketers/pat-cummins-489889,10,4.87,20.0,35.11,11.0,29.1,68.33,63.59
Rahmat Shah,5.0,0,21,0,4.2,18,3,0,0,0,https://www.espncricinfo.com/cricketers/rahmat-shah-533956,4,6.28,0.0,30.0,0.0,22.0,60.0,42.92
Rahmat Shah,5.0,0,22,1,4.4,16,2,0,1,0,https://www.espncricinfo.com/cricketers/rahmat-shah-533956,4,6.28,30.0,30.0,22.0,22.0,53.33,42.92
Rahmat Shah,1.0,0,7,0,7.0,2,1,0,0,0,https://www.espncricinfo.com/cricketers/rahmat-shah-533956,4,6.28,0.0,30.0,0.0,22.0,33.33,42.92
Rahmat Shah,2.0,0,19,0,9.5,3,1,1,0,0,https://www.espncricinfo.com/cricketers/rahmat-shah-533956,4,6.28,0.0,30.0,0.0,22.0,25.0,42.92
Rashid Khan,7.5,1,17,2,2.17,34,0,0,1,0,https://www.espncricinfo.com/cricketers/rashid-khan-793463,8,5.81,22.5,50.1,8.5,40.1,75.56,51.16
Rashid Khan,9.0,0,110,0,12.22,18,3,11,0,0,https://www.espncricinfo.com/cricketers/rashid-khan-793463,8,5.81,0.0,50.1,0.0,40.1,33.33,51.16
Rashid Khan,7.0,0,45,0,6.42,21,6,0,1,0,https://www.espncricinfo.com/cricketers/rashid-khan-793463,8,5.81,0.0,50.1,0.0,40.1,50.0,51.16
Rashid Khan,10.0,0,52,1,5.2,31,4,1,2,0,https://www.espncricinfo.com/cricketers/rashid-khan-793463,8,5.81,60.0,50.1,52.0,40.1,51.67,51.16
Rashid Khan,10.0,0,50,1,5.0,35,4,1,3,0,https://www.espncricinfo.com/cricketers/rashid-khan-793463,8,5.81,60.0,50.1,50.0,40.1,58.33,51.16
Rashid Khan,10.0,0,38,1,3.8,36,3,0,2,0,https://www.espncricinfo.com/cricketers/rashid-khan-793463,8,5.81,60.0,50.1,38.0,40.1,60.0,51.16
Rashid Khan,10.0,0,52,0,5.2,27,3,0,1,0,https://www.espncricinfo.com/cricketers/rashid-khan-793463,8,5.81,0.0,50.1,0.0,40.1,45.0,51.16
Rashid Khan,8.0,0,52,1,6.5,17,4,1,0,0,https://www.espncricinfo.com/cricketers/rashid-khan-793463,8,5.81,48.0,50.1,52.0,40.1,35.42,51.16
Ravindra Jadeja,10.0,0,34,1,3.4,38,2,0,0,0,https://www.espncricinfo.com/cricketers/ravindra-jadeja-234675,2,3.7,60.0,60.0,34.0,37.0,63.33,62.5
Ravindra Jadeja,10.0,0,40,1,4.0,37,1,2,0,0,https://www.espncricinfo.com/cricketers/ravindra-jadeja-234675,2,3.7,60.0,60.0,40.0,37.0,61.67,62.5
Rubel Hossain,8.0,0,48,1,6.0,21,6,0,0,0,https://www.espncricinfo.com/cricketers/rubel-hossain-300619,2,7.61,48.0,48.0,48.0,48.0,43.75,36.69
Rubel Hossain,9.0,0,83,0,9.22,16,6,3,3,1,https://www.espncricinfo.com/cricketers/rubel-hossain-300619,2,7.61,0.0,48.0,0.0,48.0,29.63,36.69
Samiullah Shinwari,8.0,0,32,0,4.0,27,2,0,1,0,https://www.espncricinfo.com/cricketers/samiullah-shinwari-318339,1,4.0,0.0,0.0,0.0,0.0,56.25,56.25
Sayed Shirzad,8.0,0,56,1,7.0,18,4,2,0,0,https://www.espncricinfo.com/cricketers/sayed-shirzad-524050,1,7.0,48.0,48.0,56.0,56.0,37.5,37.5
Shadab Khan,10.0,0,44,1,4.4,29,2,1,1,0,https://www.espncricinfo.com/cricketers/shadab-khan-922943,6,5.55,60.0,39.4,44.0,32.93,48.33,44.1
Shadab Khan,10.0,0,43,1,4.3,32,1,2,0,0,https://www.espncricinfo.com/cricketers/shadab-khan-922943,6,5.55,60.0,39.4,43.0,32.93,53.33,44.1
Shadab Khan,10.0,1,50,3,5.0,26,3,1,1,0,https://www.espncricinfo.com/cricketers/shadab-khan-922943,6,5.55,20.0,39.4,16.67,32.93,43.33,44.1
Shadab Khan,10.0,0,63,2,6.3,24,4,2,0,0,https://www.espncricinfo.com/cricketers/shadab-khan-922943,6,5.55,30.0,39.4,31.5,32.93,40.0,44.1
Shadab Khan,9.0,0,59,2,6.55,24,7,1,0,0,https://www.espncricinfo.com/cricketers/shadab-khan-922943,6,5.55,27.0,39.4,29.5,32.93,44.44,44.1
Shadab Khan,9.0,0,61,0,6.77,19,5,1,0,0,https://www.espncricinfo.com/cricketers/shadab-khan-922943,6,5.55,0.0,39.4,0.0,32.93,35.19,44.1
Shaheen Shah Afridi,10.0,0,47,4,4.7,38,6,0,4,0,https://www.espncricinfo.com/cricketers/shaheen-shah-afridi-1072470,5,5.01,15.0,24.42,11.75,23.18,63.33,58.37
Shaheen Shah Afridi,8.0,0,54,1,6.75,23,6,2,0,0,https://www.espncricinfo.com/cricketers/shaheen-shah-afridi-1072470,5,5.01,48.0,24.42,54.0,23.18,47.92,58.37
Shaheen Shah Afridi,10.0,3,28,3,2.8,43,2,0,0,0,https://www.espncricinfo.com/cricketers/shaheen-shah-afridi-1072470,5,5.01,20.0,24.42,9.33,23.18,71.67,58.37
Shaheen Shah Afridi,9.1,0,35,6,3.81,34,1,1,4,0,https://www.espncricinfo.com/cricketers/shaheen-shah-afridi-1072470,5,5.01,9.1,24.42,5.83,23.18,62.27,58.37
Shaheen Shah Afridi,10.0,0,70,2,7.0,28,7,1,1,1,https://www.espncricinfo.com/cricketers/shaheen-shah-afridi-1072470,5,5.01,30.0,24.42,35.0,23.18,46.67,58.37
Shakib Al Hasan,10.0,1,29,5,2.9,40,0,1,0,0,https://www.espncricinfo.com/cricketers/shakib-al-hasan-56143,8,5.57,12.0,37.2,5.8,29.46,66.67,45.21
Shakib Al Hasan,8.0,0,54,2,6.75,20,4,2,0,0,https://www.espncricinfo.com/cricketers/shakib-al-hasan-56143,8,5.57,24.0,37.2,27.0,29.46,41.67,45.21
Shakib Al Hasan,10.0,0,41,1,4.1,32,2,1,1,0,https://www.espncricinfo.com/cricketers/shakib-al-hasan-56143,8,5.57,60.0,37.2,41.0,29.46,53.33,45.21
Shakib Al Hasan,10.0,0,57,0,5.7,20,3,0,1,0,https://www.espncricinfo.com/cricketers/shakib-al-hasan-56143,8,5.57,0.0,37.2,0.0,29.46,33.33,45.21
Shakib Al Hasan,6.0,0,50,0,8.33,12,4,2,0,0,https://www.espncricinfo.com/cricketers/shakib-al-hasan-56143,8,5.57,0.0,37.2,0.0,29.46,33.33,45.21
Shakib Al Hasan,10.0,0,71,0,7.1,28,7,2,2,0,https://www.espncricinfo.com/cricketers/shakib-al-hasan-56143,8,5.57,0.0,37.2,0.0,29.46,46.67,45.21
Shakib Al Hasan,10.0,0,50,1,5.0,21,2,0,0,0,https://www.espncricinfo.com/cricketers/shakib-al-hasan-56143,8,5.57,60.0,37.2,50.0,29.46,35.0,45.21
Shakib Al Hasan,10.0,0,47,2,4.7,31,2,1,1,0,https://www.espncricinfo.com/cricketers/shakib-al-hasan-56143,8,5.57,30.0,37.2,23.5,29.46,51.67,45.21
Shannon Gabriel,7.0,0,49,2,7.0,22,5,0,7,0,https://www.espncricinfo.com/cricketers/shannon-gabriel-446101,3,8.46,21.0,21.0,24.5,24.5,52.38,40.83
Shannon Gabriel,5.0,0,46,0,9.2,12,7,0,1,1,https://www.espncricinfo.com/cricketers/shannon-gabriel-446101,3,8.46,0.0,21.0,0.0,24.5,40.0,40.83
Shannon Gabriel,8.3,0,78,0,9.17,15,7,3,2,0,https://www.espncricinfo.com/cricketers/shannon-gabriel-446101,3,8.46,0.0,21.0,0.0,24.5,30.12,40.83
Sheldon Cottrell,10.0,0,65,0,6.5,30,5,2,3,0,https://www.espncricinfo.com/cricketers/sheldon-cottrell-495551,9,5.67,0.0,28.0,0.0,27.17,50.0,55.88
Sheldon Cottrell,9.0,0,56,2,6.22,25,4,2,3,0,https://www.espncricinfo.com/cricketers/sheldon-cottrell-495551,9,5.67,27.0,28.0,28.0,27.17,46.3,55.88
Sheldon Cottrell,10.0,0,69,1,6.9,28,5,2,2,0,https://www.espncricinfo.com/cricketers/sheldon-cottrell-495551,9,5.67,60.0,28.0,69.0,27.17,46.67,55.88
Sheldon Cottrell,4.0,0,18,1,4.5,17,3,0,1,0,https://www.espncricinfo.com/cricketers/sheldon-cottrell-495551,9,5.67,24.0,28.0,18.0,27.17,70.83,55.88
Sheldon Cottrell,3.0,0,17,0,5.66,12,2,0,1,0,https://www.espncricinfo.com/cricketers/sheldon-cottrell-495551,9,5.67,0.0,28.0,0.0,27.17,66.67,55.88
Sheldon Cottrell,10.0,1,56,4,5.6,30,3,1,1,0,https://www.espncricinfo.com/cricketers/sheldon-cottrell-495551,9,5.67,15.0,28.0,14.0,27.17,50.0,55.88
Sheldon Cottrell,10.0,0,50,2,5.0,31,4,0,2,0,https://www.espncricinfo.com/cricketers/sheldon-cottrell-495551,9,5.67,30.0,28.0,25.0,27.17,51.67,55.88
Sheldon Cottrell,7.0,0,43,0,6.14,21,4,1,3,0,https://www.espncricinfo.com/cricketers/sheldon-cottrell-495551,9,5.67,0.0,28.0,0.0,27.17,50.0,55.88
Sheldon Cottrell,4.0,1,18,2,4.5,17,2,0,0,0,https://www.espncricinfo.com/cricketers/sheldon-cottrell-495551,9,5.67,12.0,28.0,9.0,27.17,70.83,55.88
Shoaib Malik,1.0,0,11,0,11.0,0,0,1,0,0,https://www.espncricinfo.com/cricketers/shoaib-malik-42657,3,6.94,0.0,18.0,0.0,10.0,0.0,35.65
Shoaib Malik,4.0,0,26,0,6.5,11,1,1,0,1,https://www.espncricinfo.com/cricketers/shoaib-malik-42657,3,6.94,0.0,18.0,0.0,10.0,45.83,35.65
Shoaib Malik,3.0,0,10,1,3.33,11,1,0,0,0,https://www.espncricinfo.com/cricketers/shoaib-malik-42657,3,6.94,18.0,18.0,10.0,10.0,61.11,35.65
Soumya Sarkar,8.0,0,58,3,7.25,17,6,1,0,0,https://www.espncricinfo.com/cricketers/soumya-sarkar-436677,2,6.38,16.0,26.0,19.33,26.17,35.42,38.54
Soumya Sarkar,6.0,0,33,1,5.5,15,2,0,1,0,https://www.espncricinfo.com/cricketers/soumya-sarkar-436677,2,6.38,36.0,26.0,33.0,26.17,41.67,38.54
Steven Smith,1.0,0,21,0,21.0,1,0,3,1,0,https://www.espncricinfo.com/cricketers/steven-smith-267192,3,9.67,0.0,12.0,0.0,6.0,16.67,44.44
Steven Smith,2.0,0,6,1,3.0,6,0,0,0,0,https://www.espncricinfo.com/cricketers/steven-smith-267192,3,9.67,12.0,12.0,6.0,6.0,50.0,44.44
Steven Smith,1.0,0,5,0,5.0,4,1,0,0,0,https://www.espncricinfo.com/cricketers/steven-smith-267192,3,9.67,0.0,12.0,0.0,6.0,66.67,44.44
Suranga Lakmal,6.0,0,27,0,4.5,23,2,1,2,0,https://www.espncricinfo.com/cricketers/suranga-lakmal-49619,3,6.44,0.0,0.0,0.0,0.0,63.89,51.85
Suranga Lakmal,4.0,0,28,0,7.0,12,2,1,1,0,https://www.espncricinfo.com/cricketers/suranga-lakmal-49619,3,6.44,0.0,0.0,0.0,0.0,50.0,51.85
Suranga Lakmal,6.0,0,47,0,7.83,15,4,1,1,0,https://www.espncricinfo.com/cricketers/suranga-lakmal-49619,3,6.44,0.0,0.0,0.0,0.0,41.67,51.85
Tabraiz Shamsi,9.0,0,62,0,6.88,20,7,0,1,0,https://www.espncricinfo.com/cricketers/tabraiz-shamsi-379145,2,6.44,0.0,0.0,0.0,0.0,37.04,41.67
Tabraiz Shamsi,9.0,0,54,0,6.0,25,4,1,1,0,https://www.espncricinfo.com/cricketers/tabraiz-shamsi-379145,2,6.44,0.0,0.0,0.0,0.0,46.3,41.67
Thisara Perera,10.0,0,67,0,6.7,19,6,1,1,0,https://www.espncricinfo.com/cricketers/thisara-perera-233514,6,5.45,0.0,24.0,0.0,19.0,31.67,46.83
Thisara Perera,4.0,0,19,1,4.75,16,2,0,2,0,https://www.espncricinfo.com/cricketers/thisara-perera-233514,6,5.45,24.0,24.0,19.0,19.0,66.67,46.83
Thisara Perera,10.0,0,34,0,3.4,32,1,0,0,0,https://www.espncricinfo.com/cricketers/thisara-perera-233514,6,5.45,0.0,24.0,0.0,19.0,53.33,46.83
Thisara Perera,5.2,1,28,0,5.25,15,3,0,0,0,https://www.espncricinfo.com/cricketers/thisara-perera-233514,6,5.45,0.0,24.0,0.0,19.0,48.08,46.83
Thisara Perera,3.0,0,25,0,8.33,6,4,0,0,0,https://www.espncricinfo.com/cricketers/thisara-perera-233514,6,5.45,0.0,24.0,0.0,19.0,33.33,46.83
Thisara Perera,8.0,0,34,0,4.25,23,2,0,0,0,https://www.espncricinfo.com/cricketers/thisara-perera-233514,6,5.45,0.0,24.0,0.0,19.0,47.92,46.83
Tim Southee,9.0,0,70,1,7.77,23,10,1,0,0,https://www.espncricinfo.com/cricketers/tim-southee-232364,1,7.77,54.0,54.0,70.0,70.0,42.59,42.59
Trent Boult,10.0,0,67,0,6.7,31,8,1,2,0,https://www.espncricinfo.com/cricketers/trent-boult-277912,10,4.84,0.0,36.75,0.0,30.78,51.67,59.13
Trent Boult,10.0,0,56,2,5.6,30,6,0,1,0,https://www.espncricinfo.com/cricketers/trent-boult-277912,10,4.84,30.0,36.75,28.0,30.78,50.0,59.13
Trent Boult,10.0,0,44,2,4.4,32,4,0,1,0,https://www.espncricinfo.com/cricketers/trent-boult-277912,10,4.84,30.0,36.75,22.0,30.78,53.33,59.13
Trent Boult,9.0,0,44,1,4.88,34,5,0,4,0,https://www.espncricinfo.com/cricketers/trent-boult-277912,10,4.84,54.0,36.75,44.0,30.78,62.96,59.13
Trent Boult,10.0,1,51,4,5.1,35,6,0,0,0,https://www.espncricinfo.com/cricketers/trent-boult-277912,10,4.84,15.0,36.75,12.75,30.78,58.33,59.13
Trent Boult,10.0,0,63,1,6.3,30,7,1,1,0,https://www.espncricinfo.com/cricketers/trent-boult-277912,10,4.84,60.0,36.75,63.0,30.78,50.0,59.13
Trent Boult,10.0,1,30,4,3.0,42,3,0,1,0,https://www.espncricinfo.com/cricketers/trent-boult-277912,10,4.84,15.0,36.75,7.5,30.78,70.0,59.13
Trent Boult,10.0,0,34,0,3.4,39,4,0,0,0,https://www.espncricinfo.com/cricketers/trent-boult-277912,10,4.84,0.0,36.75,0.0,30.78,65.0,59.13
Trent Boult,10.0,2,42,2,4.2,36,4,0,3,0,https://www.espncricinfo.com/cricketers/trent-boult-277912,10,4.84,30.0,36.75,21.0,30.78,60.0,59.13
Trent Boult,10.0,0,48,1,4.8,42,7,1,0,0,https://www.espncricinfo.com/cricketers/trent-boult-277912,10,4.84,60.0,36.75,48.0,30.78,70.0,59.13
Vijay Shankar,5.2,0,22,2,4.12,19,2,0,2,0,https://www.espncricinfo.com/cricketers/vijay-shankar-477021,1,4.12,15.6,15.6,11.0,11.0,60.9,60.9
Wahab Riaz,3.4,1,40,0,10.9,11,4,3,1,0,https://www.espncricinfo.com/cricketers/wahab-riaz-43590,8,6.27,0.0,35.67,0.0,34.19,53.92,47.71
Wahab Riaz,10.0,0,46,3,4.6,29,2,1,2,0,https://www.espncricinfo.com/cricketers/wahab-riaz-43590,8,6.27,20.0,35.67,15.33,34.19,48.33,47.71
Wahab Riaz,7.0,0,33,1,4.71,22,3,0,1,0,https://www.espncricinfo.com/cricketers/wahab-riaz-43590,8,6.27,42.0,35.67,33.0,34.19,52.38,47.71
Wahab Riaz,10.0,0,82,3,8.2,20,11,1,1,0,https://www.espncricinfo.com/cricketers/wahab-riaz-43590,8,6.27,20.0,35.67,27.33,34.19,33.33,47.71
Wahab Riaz,8.0,0,44,1,5.5,23,5,0,1,0,https://www.espncricinfo.com/cricketers/wahab-riaz-43590,8,6.27,48.0,35.67,44.0,34.19,47.92,47.71
Wahab Riaz,8.0,0,29,2,3.62,30,2,0,4,0,https://www.espncricinfo.com/cricketers/wahab-riaz-43590,8,6.27,24.0,35.67,14.5,34.19,62.5,47.71
Wahab Riaz,10.0,0,71,1,7.1,20,7,0,5,0,https://www.espncricinfo.com/cricketers/wahab-riaz-43590,8,6.27,60.0,35.67,71.0,34.19,33.33,47.71
Wahab Riaz,10.0,0,55,0,5.5,30,4,1,2,0,https://www.espncricinfo.com/cricketers/wahab-riaz-43590,8,6.27,0.0,35.67,0.0,34.19,50.0,47.71
Yuzvendra Chahal,7.0,0,39,2,5.57,24,5,1,0,0,https://www.espncricinfo.com/cricketers/yuzvendra-chahal-430246,8,6.02,21.0,36.0,19.5,32.38,57.14,48.72
Yuzvendra Chahal,10.0,0,51,4,5.1,32,1,2,3,0,https://www.espncricinfo.com/cricketers/yuzvendra-chahal-430246,8,6.02,15.0,36.0,12.75,32.38,53.33,48.72
Yuzvendra Chahal,10.0,0,88,0,8.8,28,7,6,2,0,https://www.espncricinfo.com/cricketers/yuzvendra-chahal-430246,8,6.02,0.0,36.0,0.0,32.38,46.67,48.72
Yuzvendra Chahal,10.0,0,50,1,5.0,31,6,0,2,0,https://www.espncricinfo.com/cricketers/yuzvendra-chahal-430246,8,6.02,60.0,36.0,50.0,32.38,51.67,48.72
Yuzvendra Chahal,10.0,0,62,2,6.2,21,3,1,1,0,https://www.espncricinfo.com/cricketers/yuzvendra-chahal-430246,8,6.02,30.0,36.0,31.0,32.38,35.0,48.72
Yuzvendra Chahal,10.0,0,36,2,3.6,41,5,0,0,0,https://www.espncricinfo.com/cricketers/yuzvendra-chahal-430246,8,6.02,30.0,36.0,18.0,32.38,68.33,48.72
Yuzvendra Chahal,7.0,0,53,0,7.57,13,1,3,2,0,https://www.espncricinfo.com/cricketers/yuzvendra-chahal-430246,8,6.02,0.0,36.0,0.0,32.38,30.95,48.72
Yuzvendra Chahal,10.0,0,63,1,6.3,28,5,1,4,0,https://www.espncricinfo.com/cricketers/yuzvendra-chahal-430246,8,6.02,60.0,36.0,63.0,32.38,46.67,48.72
