bowlerName,overs,maidens,runs,wickets,economy,dots,fours,sixes,wides,no_balls,bowler_link,match_id
Mitchell Starc,3,0,14,2,4.66,11,2,0,0,0,https://www.espncricinfo.com/cricketers/mitchell-starc-311592,scorecard
Vaibhav Arora,3,0,24,1,8.00,9,2,1,4,0,https://www.espncricinfo.com/cricketers/vaibhav-arora-1209292,scorecard
Harshit Rana,4,1,24,2,6.00,13,2,1,1,0,https://www.espncricinfo.com/cricketers/harshit-rana-1312645,scorecard
Sunil Narine,4,0,16,1,4.00,9,0,0,0,0,https://www.espncricinfo.com/cricketers/sunil-narine-230558,scorecard
Andre Russell,2.3,0,19,3,7.60,7,1,1,1,0,https://www.espncricinfo.com/cricketers/andre-russell-276298,scorecard
Varun Chakravarthy,2,0,9,1,4.50,7,1,0,0,0,https://www.espncricinfo.com/cricketers/varun-chakravarthy-1108375,scorecard
Bhuvneshwar Kumar,2,0,25,0,12.50,5,2,2,1,0,https://www.espncricinfo.com/cricketers/bhuvneshwar-kumar-326016,scorecard
Pat Cummins,2,0,18,1,9.00,7,2,1,1,0,https://www.espncricinfo.com/cricketers/pat-cummins-489889,scorecard
T Natarajan,2,0,29,0,14.50,2,4,1,2,0,https://www.espncricinfo.com/cricketers/t-natarajan-802575,scorecard
Shahbaz Ahmed,2.3,0,22,1,8.80,7,1,2,0,0,https://www.espncricinfo.com/cricketers/shahbaz-ahmed-1159711,scorecard
Jaydev Unadkat,1,0,9,0,9.00,1,1,0,0,0,https://www.espncricinfo.com/cricketers/jaydev-unadkat-390484,scorecard
Aiden Markram,1,0,5,0,5.00,2,0,0,0,0,https://www.espncricinfo.com/cricketers/aiden-markram-600498,scorecard
Trent Boult,4,0,45,3,11.25,7,3,3,2,0,https://www.espncricinfo.com/cricketers/trent-boult-277912,scorecard
Ravichandran Ashwin,4,0,43,0,10.75,4,3,2,0,0,https://www.espncricinfo.com/cricketers/ravichandran-ashwin-26421,scorecard
Sandeep Sharma,4,0,25,2,6.25,10,3,0,1,0,https://www.espncricinfo.com/cricketers/sandeep-sharma-438362,scorecard
Avesh Khan,4,0,27,3,6.75,11,2,1,2,0,https://www.espncricinfo.com/cricketers/avesh-khan-694211,scorecard
Yuzvendra Chahal,4,0,34,0,8.50,9,0,3,2,0,https://www.espncricinfo.com/cricketers/yuzvendra-chahal-430246,scorecard
Bhuvneshwar Kumar,3,0,33,0,11.00,7,4,2,0,0,https://www.espncricinfo.com/cricketers/bhuvneshwar-kumar-326016,scorecard
Pat Cummins,4,0,30,1,7.50,10,3,1,1,0,https://www.espncricinfo.com/cricketers/pat-cummins-489889,scorecard
T Natarajan,3,0,13,1,4.33,13,2,0,1,0,https://www.espncricinfo.com/cricketers/t-natarajan-802575,scorecard
Jaydev Unadkat,1,0,5,0,5.00,2,0,0,1,0,https://www.espncricinfo.com/cricketers/jaydev-unadkat-390484,scorecard
Shahbaz Ahmed,4,0,23,3,5.75,13,2,1,0,0,https://www.espncricinfo.com/cricketers/shahbaz-ahmed-1159711,scorecard
Abhishek Sharma,4,0,24,2,6.00,8,2,0,0,0,https://www.espncricinfo.com/cricketers/abhishek-sharma-1070183,scorecard
Aiden Markram,1,0,10,0,10.00,2,0,1,0,1,https://www.espncricinfo.com/cricketers/aiden-markram-600498,scorecard
Trent Boult,4,0,16,1,4.00,14,1,0,0,0,https://www.espncricinfo.com/cricketers/trent-boult-277912,scorecard
Sandeep Sharma,4,0,48,1,12.00,3,5,2,0,0,https://www.espncricinfo.com/cricketers/sandeep-sharma-438362,scorecard
Avesh Khan,4,0,44,3,11.00,6,5,2,0,0,https://www.espncricinfo.com/cricketers/avesh-khan-694211,scorecard
Ravichandran Ashwin,4,0,19,2,4.75,9,0,0,2,0,https://www.espncricinfo.com/cricketers/ravichandran-ashwin-26421,scorecard
Yuzvendra Chahal,4,0,43,1,10.75,7,2,4,0,0,https://www.espncricinfo.com/cricketers/yuzvendra-chahal-430246,scorecard
Swapnil Singh,2,0,19,0,9.50,4,2,1,0,0,https://www.espncricinfo.com/cricketers/swapnil-singh-232292,scorecard
Mohammed Siraj,4,0,33,2,8.25,7,4,0,3,0,https://www.espncricinfo.com/cricketers/mohammed-siraj-940973,scorecard
Yash Dayal,3,0,37,0,12.33,5,8,0,0,0,https://www.espncricinfo.com/cricketers/yash-dayal-1159720,scorecard
Lockie Ferguson,4,0,37,1,9.25,9,3,2,0,0,https://www.espncricinfo.com/cricketers/lockie-ferguson-493773,scorecard
Karn Sharma,2,0,19,1,9.50,1,2,0,2,0,https://www.espncricinfo.com/cricketers/karn-sharma-30288,scorecard
Cameron Green,4,0,28,1,7.00,9,1,2,0,0,https://www.espncricinfo.com/cricketers/cameron-green-1076713,scorecard
Mitchell Starc,4,0,34,3,8.50,11,5,1,1,0,https://www.espncricinfo.com/cricketers/mitchell-starc-311592,scorecard
Vaibhav Arora,2,0,17,1,8.50,5,1,0,2,1,https://www.espncricinfo.com/cricketers/vaibhav-arora-1209292,scorecard
Harshit Rana,4,0,27,1,6.75,9,2,1,1,0,https://www.espncricinfo.com/cricketers/harshit-rana-1312645,scorecard
Sunil Narine,4,0,40,1,10.00,7,2,3,0,0,https://www.espncricinfo.com/cricketers/sunil-narine-230558,scorecard
Andre Russell,1.3,0,15,1,10.00,2,2,0,0,0,https://www.espncricinfo.com/cricketers/andre-russell-276298,scorecard
Varun Chakravarthy,4,0,26,2,6.50,9,1,1,1,1,https://www.espncricinfo.com/cricketers/varun-chakravarthy-1108375,scorecard
Bhuvneshwar Kumar,3,0,28,0,9.33,9,4,1,0,0,https://www.espncricinfo.com/cricketers/bhuvneshwar-kumar-326016,scorecard
Pat Cummins,3,0,38,1,12.66,6,5,2,1,0,https://www.espncricinfo.com/cricketers/pat-cummins-489889,scorecard
T Natarajan,3,0,22,1,7.33,11,3,1,1,0,https://www.espncricinfo.com/cricketers/t-natarajan-802575,scorecard
Vijayakanth Viyaskanth,2,0,22,0,11.00,1,0,2,0,0,https://www.espncricinfo.com/cricketers/vijayakanth-viyaskanth-1153149,scorecard
Travis Head,1.4,0,32,0,19.20,2,3,3,0,0,https://www.espncricinfo.com/cricketers/travis-head-530011,scorecard
Nitish Kumar Reddy,1,0,13,0,13.00,1,1,1,0,0,https://www.espncricinfo.com/cricketers/nitish-kumar-reddy-1175496,scorecard
Bhuvneshwar Kumar,4,0,36,0,9.00,8,4,1,0,0,https://www.espncricinfo.com/cricketers/bhuvneshwar-kumar-326016,scorecard
Pat Cummins,4,0,36,1,9.00,7,4,1,0,0,https://www.espncricinfo.com/cricketers/pat-cummins-489889,scorecard
T Natarajan,4,0,33,2,8.25,8,3,1,2,0,https://www.espncricinfo.com/cricketers/t-natarajan-802575,scorecard
Vijayakanth Viyaskanth,4,0,37,1,9.25,10,2,3,0,0,https://www.espncricinfo.com/cricketers/vijayakanth-viyaskanth-1153149,scorecard
Shahbaz Ahmed,1,0,13,0,13.00,1,1,1,0,0,https://www.espncricinfo.com/cricketers/shahbaz-ahmed-1159711,scorecard
Nitish Kumar Reddy,3,0,54,0,18.00,2,3,5,2,1,https://www.espncricinfo.com/cricketers/nitish-kumar-reddy-1175496,scorecard
Arshdeep Singh,4,0,37,2,9.25,10,5,1,1,0,https://www.espncricinfo.com/cricketers/arshdeep-singh-1125976,scorecard
Rishi Dhawan,3,0,35,0,11.66,5,2,3,1,0,https://www.espncricinfo.com/cricketers/rishi-dhawan-290727,scorecard
Harshal Patel,4,0,49,2,12.25,6,5,2,2,1,https://www.espncricinfo.com/cricketers/harshal-patel-390481,scorecard
Rahul Chahar,4,0,43,0,10.75,6,1,4,1,0,https://www.espncricinfo.com/cricketers/rahul-chahar-1064812,scorecard
Harpreet Brar,3,0,36,1,12.00,7,0,4,1,0,https://www.espncricinfo.com/cricketers/harpreet-brar-1168641,scorecard
Shashank Singh,1,0,5,1,5.00,1,0,0,0,0,https://www.espncricinfo.com/cricketers/shashank-singh-377534,scorecard
Atharva Taide,0.1,0,4,0,24.00,0,1,0,0,0,https://www.espncricinfo.com/cricketers/atharva-taide-1125958,scorecard
Tushar Deshpande,4,0,49,1,12.25,10,2,5,4,0,https://www.espncricinfo.com/cricketers/tushar-deshpande-822553,scorecard
Shardul Thakur,4,0,61,2,15.25,5,5,5,0,0,https://www.espncricinfo.com/cricketers/shardul-thakur-475281,scorecard
Maheesh Theekshana,4,0,25,0,6.25,11,2,1,1,0,https://www.espncricinfo.com/cricketers/maheesh-theekshana-1138316,scorecard
Mitchell Santner,4,0,23,1,5.75,10,1,1,0,0,https://www.espncricinfo.com/cricketers/mitchell-santner-502714,scorecard
Ravindra Jadeja,3,0,40,0,13.33,2,2,3,0,0,https://www.espncricinfo.com/cricketers/ravindra-jadeja-234675,scorecard
Simarjeet Singh,1,0,19,0,19.00,0,2,1,2,0,https://www.espncricinfo.com/cricketers/simarjeet-singh-1159722,scorecard
Glenn Maxwell,4,0,25,1,6.25,7,1,0,1,0,https://www.espncricinfo.com/cricketers/glenn-maxwell-325026,scorecard
Mohammed Siraj,4,0,35,1,8.75,7,3,1,1,0,https://www.espncricinfo.com/cricketers/mohammed-siraj-940973,scorecard
Yash Dayal,4,0,42,2,10.50,9,4,3,0,0,https://www.espncricinfo.com/cricketers/yash-dayal-1159720,scorecard
Swapnil Singh,2,0,13,0,6.50,1,0,0,1,0,https://www.espncricinfo.com/cricketers/swapnil-singh-232292,scorecard
Karn Sharma,1,0,14,0,14.00,0,1,1,0,0,https://www.espncricinfo.com/cricketers/karn-sharma-30288,scorecard
Lockie Ferguson,3,0,39,1,13.00,6,3,3,0,2,https://www.espncricinfo.com/cricketers/lockie-ferguson-493773,scorecard
Cameron Green,2,0,18,1,9.00,3,2,0,1,0,https://www.espncricinfo.com/cricketers/cameron-green-1076713,scorecard
Nuwan Thushara,4,0,28,3,7.00,11,4,0,2,0,https://www.espncricinfo.com/cricketers/nuwan-thushara-955235,scorecard
Arjun Tendulkar,2.2,0,22,0,9.42,7,1,2,1,0,https://www.espncricinfo.com/cricketers/arjun-tendulkar-1148776,scorecard
Anshul Kamboj,3,0,48,0,16.00,4,5,3,4,0,https://www.espncricinfo.com/cricketers/anshul-kamboj-1175428,scorecard
Piyush Chawla,4,0,29,3,7.25,10,0,3,0,0,https://www.espncricinfo.com/cricketers/piyush-chawla-32966,scorecard
Nehal Wadhera,2,0,13,0,6.50,2,1,0,0,0,https://www.espncricinfo.com/cricketers/nehal-wadhera-1151273,scorecard
Hardik Pandya,2,0,27,0,13.50,1,1,2,0,0,https://www.espncricinfo.com/cricketers/hardik-pandya-625371,scorecard
Naman Dhir,0.4,0,17,0,25.50,0,1,2,0,0,https://www.espncricinfo.com/cricketers/naman-dhir-1287032,scorecard
Romario Shepherd,2,0,30,0,15.00,5,3,2,3,0,https://www.espncricinfo.com/cricketers/romario-shepherd-677077,scorecard
Arshad Khan,2,0,11,0,5.50,7,1,0,2,0,https://www.espncricinfo.com/cricketers/arshad-khan-1244751,scorecard
Matt Henry,2,0,24,0,12.00,4,1,2,2,0,https://www.espncricinfo.com/cricketers/matt-henry-506612,scorecard
Krunal Pandya,4,0,29,1,7.25,10,1,2,1,0,https://www.espncricinfo.com/cricketers/krunal-pandya-471342,scorecard
Mohsin Khan,4,0,45,1,11.25,9,4,3,2,0,https://www.espncricinfo.com/cricketers/mohsin-khan-1132005,scorecard
Naveen-ul-Haq,4,0,50,2,12.50,8,5,3,1,1,https://www.espncricinfo.com/cricketers/naveen-ul-haq-793447,scorecard
Ravi Bishnoi,4,0,37,2,9.25,9,5,1,0,0,https://www.espncricinfo.com/cricketers/ravi-bishnoi-1175441,scorecard
Sam Curran,3,0,24,2,8.00,11,4,1,0,0,https://www.espncricinfo.com/cricketers/sam-curran-662973,scorecard
Arshdeep Singh,4,0,31,1,7.75,12,6,0,0,0,https://www.espncricinfo.com/cricketers/arshdeep-singh-1125976,scorecard
Nathan Ellis,4,0,24,1,6.00,10,3,0,0,0,https://www.espncricinfo.com/cricketers/nathan-ellis-826915,scorecard
Harshal Patel,4,0,28,2,7.00,8,2,0,1,0,https://www.espncricinfo.com/cricketers/harshal-patel-390481,scorecard
Rahul Chahar,4,0,26,2,6.50,9,2,1,0,0,https://www.espncricinfo.com/cricketers/rahul-chahar-1064812,scorecard
Harpreet Brar,1,0,10,0,10.00,1,1,0,0,0,https://www.espncricinfo.com/cricketers/harpreet-brar-1168641,scorecard
Trent Boult,3,0,27,1,9.00,7,5,0,0,0,https://www.espncricinfo.com/cricketers/trent-boult-277912,scorecard
Sandeep Sharma,4,0,28,0,7.00,11,3,1,0,0,https://www.espncricinfo.com/cricketers/sandeep-sharma-438362,scorecard
Avesh Khan,3.5,0,28,2,7.30,9,1,2,0,0,https://www.espncricinfo.com/cricketers/avesh-khan-694211,scorecard
Ravichandran Ashwin,4,0,31,0,7.75,11,1,3,0,0,https://www.espncricinfo.com/cricketers/ravichandran-ashwin-26421,scorecard
Yuzvendra Chahal,4,0,31,2,7.75,5,3,0,1,0,https://www.espncricinfo.com/cricketers/yuzvendra-chahal-430246,scorecard
Arshad Khan,3,0,45,1,15.00,5,5,2,5,0,https://www.espncricinfo.com/cricketers/arshad-khan-1244751,scorecard
Mohsin Khan,4,0,29,0,7.25,11,2,2,0,0,https://www.espncricinfo.com/cricketers/mohsin-khan-1132005,scorecard
Yudhvir Singh,2,0,28,0,14.00,3,3,1,0,0,https://www.espncricinfo.com/cricketers/yudhvir-singh-1206052,scorecard
Naveen-ul-Haq,4,0,51,2,12.75,6,3,4,1,0,https://www.espncricinfo.com/cricketers/naveen-ul-haq-793447,scorecard
Ravi Bishnoi,4,0,26,1,6.50,9,1,1,0,0,https://www.espncricinfo.com/cricketers/ravi-bishnoi-1175441,scorecard
Krunal Pandya,2,0,20,0,10.00,3,3,0,1,0,https://www.espncricinfo.com/cricketers/krunal-pandya-471342,scorecard
Deepak Hooda,1,0,9,0,9.00,1,1,0,1,0,https://www.espncricinfo.com/cricketers/deepak-hooda-497121,scorecard
Ishant Sharma,4,0,34,3,8.50,10,4,1,2,0,https://www.espncricinfo.com/cricketers/ishant-sharma-236779,scorecard
Khaleel Ahmed,2,0,22,1,11.00,7,2,2,1,0,https://www.espncricinfo.com/cricketers/khaleel-ahmed-942645,scorecard
Axar Patel,1,0,20,1,20.00,2,2,2,0,0,https://www.espncricinfo.com/cricketers/axar-patel-554691,scorecard
Mukesh Kumar,4,0,33,1,8.25,9,3,1,2,0,https://www.espncricinfo.com/cricketers/mukesh-kumar-926851,scorecard
Kuldeep Yadav,4,0,33,1,8.25,9,2,2,0,0,https://www.espncricinfo.com/cricketers/kuldeep-yadav-559235,scorecard
Tristan Stubbs,1,0,4,1,4.00,3,0,0,0,0,https://www.espncricinfo.com/cricketers/tristan-stubbs-595978,scorecard
Gulbadin Naib,1,0,12,0,12.00,1,2,0,0,0,https://www.espncricinfo.com/cricketers/gulbadin-naib-352048,scorecard
Rasikh Salam,3,0,30,0,10.00,5,1,2,0,0,https://www.espncricinfo.com/cricketers/rasikh-salam-1161489,scorecard
Ishant Sharma,3,0,31,1,10.33,5,1,2,3,0,https://www.espncricinfo.com/cricketers/ishant-sharma-236779,scorecard
Khaleel Ahmed,4,0,31,2,7.75,9,3,1,0,0,https://www.espncricinfo.com/cricketers/khaleel-ahmed-942645,scorecard
Mukesh Kumar,3,0,23,1,7.66,9,4,0,0,0,https://www.espncricinfo.com/cricketers/mukesh-kumar-926851,scorecard
Axar Patel,3,0,24,0,8.00,5,0,2,0,0,https://www.espncricinfo.com/cricketers/axar-patel-554691,scorecard
Kuldeep Yadav,4,0,52,1,13.00,6,0,6,1,0,https://www.espncricinfo.com/cricketers/kuldeep-yadav-559235,scorecard
Rasikh Salam,3,0,23,2,7.66,5,2,0,3,0,https://www.espncricinfo.com/cricketers/rasikh-salam-1161489,scorecard
Swapnil Singh,1,0,9,1,9.00,2,0,1,0,0,https://www.espncricinfo.com/cricketers/swapnil-singh-232292,scorecard
Mohammed Siraj,4,0,33,1,8.25,13,4,1,2,0,https://www.espncricinfo.com/cricketers/mohammed-siraj-940973,scorecard
Yash Dayal,3.1,0,20,3,6.31,12,4,0,1,0,https://www.espncricinfo.com/cricketers/yash-dayal-1159720,scorecard
Karn Sharma,2,0,19,0,9.50,2,1,1,0,0,https://www.espncricinfo.com/cricketers/karn-sharma-30288,scorecard
Lockie Ferguson,4,0,23,2,5.75,9,2,0,0,0,https://www.espncricinfo.com/cricketers/lockie-ferguson-493773,scorecard
Cameron Green,4,0,19,1,4.75,12,1,0,2,0,https://www.espncricinfo.com/cricketers/cameron-green-1076713,scorecard
Will Jacks,1,0,16,0,16.00,0,0,2,0,0,https://www.espncricinfo.com/cricketers/will-jacks-897549,scorecard
Tushar Deshpande,4,0,30,2,7.50,10,1,2,0,0,https://www.espncricinfo.com/cricketers/tushar-deshpande-822553,scorecard
Maheesh Theekshana,4,0,28,0,7.00,9,2,1,0,0,https://www.espncricinfo.com/cricketers/maheesh-theekshana-1138316,scorecard
Shardul Thakur,4,0,32,0,8.00,6,2,1,0,0,https://www.espncricinfo.com/cricketers/shardul-thakur-475281,scorecard
Simarjeet Singh,4,0,26,3,6.50,13,2,1,4,0,https://www.espncricinfo.com/cricketers/simarjeet-singh-1159722,scorecard
Ravindra Jadeja,4,0,24,0,6.00,7,0,1,0,0,https://www.espncricinfo.com/cricketers/ravindra-jadeja-234675,scorecard
Trent Boult,2.2,0,24,0,10.28,6,3,1,1,0,https://www.espncricinfo.com/cricketers/trent-boult-277912,scorecard
Sandeep Sharma,3,0,30,0,10.00,5,3,1,1,0,https://www.espncricinfo.com/cricketers/sandeep-sharma-438362,scorecard
Ravichandran Ashwin,4,0,35,2,8.75,8,4,1,1,0,https://www.espncricinfo.com/cricketers/ravichandran-ashwin-26421,scorecard
Nandre Burger,3,0,21,1,7.00,7,0,2,0,0,https://www.espncricinfo.com/cricketers/nandre-burger-971349,scorecard
Yuzvendra Chahal,4,0,22,1,5.50,8,1,0,1,0,https://www.espncricinfo.com/cricketers/yuzvendra-chahal-430246,scorecard
Avesh Khan,2,0,12,0,6.00,3,0,0,1,0,https://www.espncricinfo.com/cricketers/avesh-khan-694211,scorecard
Nuwan Thushara,3,0,31,1,10.33,6,2,2,2,0,https://www.espncricinfo.com/cricketers/nuwan-thushara-955235,scorecard
Jasprit Bumrah,4,0,39,2,9.75,10,5,2,0,0,https://www.espncricinfo.com/cricketers/jasprit-bumrah-625383,scorecard
Anshul Kamboj,3,0,24,1,8.00,7,2,1,1,0,https://www.espncricinfo.com/cricketers/anshul-kamboj-1175428,scorecard
Hardik Pandya,3,0,32,0,10.66,6,3,2,0,0,https://www.espncricinfo.com/cricketers/hardik-pandya-625371,scorecard
Piyush Chawla,3,0,28,2,9.33,7,2,2,0,0,https://www.espncricinfo.com/cricketers/piyush-chawla-32966,scorecard
Vaibhav Arora,2,0,16,0,8.00,7,1,1,1,1,https://www.espncricinfo.com/cricketers/vaibhav-arora-1209292,scorecard
Mitchell Starc,1,0,11,0,11.00,2,2,0,0,0,https://www.espncricinfo.com/cricketers/mitchell-starc-311592,scorecard
Harshit Rana,3,0,34,2,11.33,7,4,2,1,0,https://www.espncricinfo.com/cricketers/harshit-rana-1312645,scorecard
Sunil Narine,3,0,21,1,7.00,10,2,1,0,0,https://www.espncricinfo.com/cricketers/sunil-narine-230558,scorecard
Varun Chakravarthy,4,0,17,2,4.25,12,1,0,1,0,https://www.espncricinfo.com/cricketers/varun-chakravarthy-1108375,scorecard
Andre Russell,3,0,34,2,11.33,5,3,2,2,0,https://www.espncricinfo.com/cricketers/andre-russell-276298,scorecard
Mitchell Santner,2,0,31,0,15.50,2,3,2,0,0,https://www.espncricinfo.com/cricketers/mitchell-santner-502714,scorecard
Tushar Deshpande,4,0,33,2,8.25,6,2,1,2,0,https://www.espncricinfo.com/cricketers/tushar-deshpande-822553,scorecard
Shardul Thakur,4,0,25,0,6.25,10,1,1,0,0,https://www.espncricinfo.com/cricketers/shardul-thakur-475281,scorecard
Simarjeet Singh,4,0,60,0,15.00,4,3,5,2,0,https://www.espncricinfo.com/cricketers/simarjeet-singh-1159722,scorecard
Ravindra Jadeja,2,0,29,0,14.50,0,2,1,0,0,https://www.espncricinfo.com/cricketers/ravindra-jadeja-234675,scorecard
Daryl Mitchell,4,0,52,0,13.00,2,4,3,1,0,https://www.espncricinfo.com/cricketers/daryl-mitchell-381743,scorecard
Umesh Yadav,3,0,20,1,6.66,8,3,0,0,0,https://www.espncricinfo.com/cricketers/umesh-yadav-376116,scorecard
Sandeep Warrier,3,0,28,1,9.33,8,1,3,0,0,https://www.espncricinfo.com/cricketers/sandeep-warrier-592735,scorecard
Kartik Tyagi,4,0,51,0,12.75,5,6,2,2,0,https://www.espncricinfo.com/cricketers/kartik-tyagi-1122918,scorecard
Noor Ahmad,2,0,25,0,12.50,3,0,3,0,0,https://www.espncricinfo.com/cricketers/noor-ahmad-1182529,scorecard
Rashid Khan,4,0,38,2,9.50,10,3,3,0,0,https://www.espncricinfo.com/cricketers/rashid-khan-793463,scorecard
Mohit Sharma,4,0,31,3,7.75,10,3,1,2,0,https://www.espncricinfo.com/cricketers/mohit-sharma-537119,scorecard
Vidwath Kaverappa,4,0,36,2,9.00,11,2,3,0,0,https://www.espncricinfo.com/cricketers/vidwath-kaverappa-1155262,scorecard
Arshdeep Singh,3,0,41,1,13.66,5,3,3,2,0,https://www.espncricinfo.com/cricketers/arshdeep-singh-1125976,scorecard
Sam Curran,3,0,50,1,16.66,2,4,4,2,0,https://www.espncricinfo.com/cricketers/sam-curran-662973,scorecard
Harshal Patel,4,0,38,3,9.50,7,5,1,1,0,https://www.espncricinfo.com/cricketers/harshal-patel-390481,scorecard
Rahul Chahar,3,0,47,0,15.66,5,3,4,0,1,https://www.espncricinfo.com/cricketers/rahul-chahar-1064812,scorecard
Liam Livingstone,3,0,28,0,9.33,4,2,1,1,0,https://www.espncricinfo.com/cricketers/liam-livingstone-403902,scorecard
Swapnil Singh,3,0,28,2,9.33,7,5,0,0,0,https://www.espncricinfo.com/cricketers/swapnil-singh-232292,scorecard
Mohammed Siraj,4,0,43,3,10.75,9,5,2,2,0,https://www.espncricinfo.com/cricketers/mohammed-siraj-940973,scorecard
Yash Dayal,2,0,22,0,11.00,5,3,1,1,0,https://www.espncricinfo.com/cricketers/yash-dayal-1159720,scorecard
Lockie Ferguson,3,0,29,2,9.66,6,5,0,0,0,https://www.espncricinfo.com/cricketers/lockie-ferguson-493773,scorecard
Will Jacks,1,0,5,0,5.00,1,0,0,0,0,https://www.espncricinfo.com/cricketers/will-jacks-897549,scorecard
Cameron Green,1,0,16,0,16.00,1,2,1,0,0,https://www.espncricinfo.com/cricketers/cameron-green-1076713,scorecard
Karn Sharma,3,0,36,2,12.00,7,3,3,0,0,https://www.espncricinfo.com/cricketers/karn-sharma-30288,scorecard
Bhuvneshwar Kumar,4,0,12,2,3.00,12,0,0,0,0,https://www.espncricinfo.com/cricketers/bhuvneshwar-kumar-326016,scorecard
Pat Cummins,4,0,47,1,11.75,5,6,1,0,0,https://www.espncricinfo.com/cricketers/pat-cummins-489889,scorecard
Shahbaz Ahmed,2,0,9,0,4.50,4,0,0,0,0,https://www.espncricinfo.com/cricketers/shahbaz-ahmed-1159711,scorecard
Vijayakanth Viyaskanth,4,0,27,0,6.75,8,2,1,0,0,https://www.espncricinfo.com/cricketers/vijayakanth-viyaskanth-1153149,scorecard
Jaydev Unadkat,2,0,19,0,9.50,4,0,2,0,0,https://www.espncricinfo.com/cricketers/jaydev-unadkat-390484,scorecard
T Natarajan,4,0,50,0,12.50,4,8,0,3,0,https://www.espncricinfo.com/cricketers/t-natarajan-802575,scorecard
Krishnappa Gowtham,2,0,29,0,14.50,5,2,3,1,0,https://www.espncricinfo.com/cricketers/krishnappa-gowtham-424377,scorecard
Yash Thakur,2.4,0,47,0,17.62,4,6,3,1,0,https://www.espncricinfo.com/cricketers/yash-thakur-1070196,scorecard
Ravi Bishnoi,2,0,34,0,17.00,4,2,4,0,0,https://www.espncricinfo.com/cricketers/ravi-bishnoi-1175441,scorecard
Naveen-ul-Haq,2,0,37,0,18.50,1,5,2,0,0,https://www.espncricinfo.com/cricketers/naveen-ul-haq-793447,scorecard
Ayush Badoni,1,0,19,0,19.00,0,1,2,0,0,https://www.espncricinfo.com/cricketers/ayush-badoni-1151270,scorecard
Trent Boult,4,0,48,1,12.00,8,7,2,0,0,https://www.espncricinfo.com/cricketers/trent-boult-277912,scorecard
Sandeep Sharma,4,0,42,1,10.50,7,5,2,0,0,https://www.espncricinfo.com/cricketers/sandeep-sharma-438362,scorecard
Avesh Khan,2,0,42,0,21.00,0,5,3,0,0,https://www.espncricinfo.com/cricketers/avesh-khan-694211,scorecard
Ravichandran Ashwin,4,0,24,3,6.00,6,0,1,0,0,https://www.espncricinfo.com/cricketers/ravichandran-ashwin-26421,scorecard
Riyan Parag,2,0,17,0,8.50,4,1,1,1,0,https://www.espncricinfo.com/cricketers/riyan-parag-1079434,scorecard
Yuzvendra Chahal,4,0,48,1,12.00,5,4,3,0,0,https://www.espncricinfo.com/cricketers/yuzvendra-chahal-430246,scorecard
Khaleel Ahmed,4,0,47,2,11.75,9,5,2,7,0,https://www.espncricinfo.com/cricketers/khaleel-ahmed-942645,scorecard
Ishant Sharma,3,0,34,0,11.33,7,4,2,1,0,https://www.espncricinfo.com/cricketers/ishant-sharma-236779,scorecard
Mukesh Kumar,3,0,30,2,10.00,7,4,1,1,0,https://www.espncricinfo.com/cricketers/mukesh-kumar-926851,scorecard
Axar Patel,3,0,25,1,8.33,9,2,2,0,0,https://www.espncricinfo.com/cricketers/axar-patel-554691,scorecard
Kuldeep Yadav,4,0,25,2,6.25,10,0,2,0,1,https://www.espncricinfo.com/cricketers/kuldeep-yadav-559235,scorecard
Rasikh Salam,3,0,36,1,12.00,6,1,4,1,0,https://www.espncricinfo.com/cricketers/rasikh-salam-1161489,scorecard
Nuwan Thushara,4,0,42,0,10.50,7,3,1,3,1,https://www.espncricinfo.com/cricketers/nuwan-thushara-955235,scorecard
Anshul Kamboj,4,0,42,1,10.50,9,3,2,1,2,https://www.espncricinfo.com/cricketers/anshul-kamboj-1175428,scorecard
Jasprit Bumrah,4,0,23,1,5.75,9,2,0,1,0,https://www.espncricinfo.com/cricketers/jasprit-bumrah-625383,scorecard
Hardik Pandya,4,0,31,3,7.75,7,4,0,1,0,https://www.espncricinfo.com/cricketers/hardik-pandya-625371,scorecard
Piyush Chawla,4,0,33,3,8.25,7,1,2,2,0,https://www.espncricinfo.com/cricketers/piyush-chawla-32966,scorecard
Bhuvneshwar Kumar,4,1,22,1,5.50,17,3,1,1,0,https://www.espncricinfo.com/cricketers/bhuvneshwar-kumar-326016,scorecard
Marco Jansen,3,0,45,1,15.00,5,5,2,2,0,https://www.espncricinfo.com/cricketers/marco-jansen-696401,scorecard
Pat Cummins,4,1,35,1,8.75,12,4,2,1,0,https://www.espncricinfo.com/cricketers/pat-cummins-489889,scorecard
T Natarajan,3.2,0,31,0,9.30,8,4,1,0,0,https://www.espncricinfo.com/cricketers/t-natarajan-802575,scorecard
Nitish Kumar Reddy,2,0,16,0,8.00,5,3,0,0,0,https://www.espncricinfo.com/cricketers/nitish-kumar-reddy-1175496,scorecard
Shahbaz Ahmed,1,0,11,0,11.00,1,2,0,0,0,https://www.espncricinfo.com/cricketers/shahbaz-ahmed-1159711,scorecard
Marcus Stoinis,2,0,29,0,14.50,4,2,3,0,0,https://www.espncricinfo.com/cricketers/marcus-stoinis-325012,scorecard
Mohsin Khan,2,0,28,0,14.00,4,3,2,1,0,https://www.espncricinfo.com/cricketers/mohsin-khan-1132005,scorecard
Naveen-ul-Haq,4,0,49,3,12.25,7,9,0,1,0,https://www.espncricinfo.com/cricketers/naveen-ul-haq-793447,scorecard
Yash Thakur,4,0,46,1,11.50,7,3,3,3,0,https://www.espncricinfo.com/cricketers/yash-thakur-1070196,scorecard
Krunal Pandya,2,0,26,0,13.00,2,0,2,2,0,https://www.espncricinfo.com/cricketers/krunal-pandya-471342,scorecard
Ravi Bishnoi,4,0,33,1,8.25,8,3,1,2,0,https://www.espncricinfo.com/cricketers/ravi-bishnoi-1175441,scorecard
Yudhvir Singh,2,0,24,1,12.00,2,1,2,0,0,https://www.espncricinfo.com/cricketers/yudhvir-singh-1206052,scorecard
Vaibhav Arora,2,0,21,0,10.50,4,2,1,1,0,https://www.espncricinfo.com/cricketers/vaibhav-arora-1209292,scorecard
Mitchell Starc,2,0,22,1,11.00,5,5,0,0,0,https://www.espncricinfo.com/cricketers/mitchell-starc-311592,scorecard
Sunil Narine,4,0,22,1,5.50,8,1,0,1,0,https://www.espncricinfo.com/cricketers/sunil-narine-230558,scorecard
Harshit Rana,3.1,0,24,3,7.57,8,2,1,1,0,https://www.espncricinfo.com/cricketers/harshit-rana-1312645,scorecard
Varun Chakravarthy,3,0,30,3,10.00,8,0,4,0,0,https://www.espncricinfo.com/cricketers/varun-chakravarthy-1108375,scorecard
Andre Russell,2,0,17,2,8.50,4,0,1,3,0,https://www.espncricinfo.com/cricketers/andre-russell-276298,scorecard
Kagiso Rabada,3,0,24,0,8.00,7,3,0,1,0,https://www.espncricinfo.com/cricketers/kagiso-rabada-550215,scorecard
Arshdeep Singh,4,0,42,2,10.50,7,4,2,1,0,https://www.espncricinfo.com/cricketers/arshdeep-singh-1125976,scorecard
Sam Curran,4,0,34,1,8.50,3,2,1,0,0,https://www.espncricinfo.com/cricketers/sam-curran-662973,scorecard
Harpreet Brar,1,0,19,0,19.00,1,3,1,0,0,https://www.espncricinfo.com/cricketers/harpreet-brar-1168641,scorecard
Rahul Chahar,4,0,23,3,5.75,10,1,1,1,0,https://www.espncricinfo.com/cricketers/rahul-chahar-1064812,scorecard
Harshal Patel,4,0,24,3,6.00,10,2,0,2,0,https://www.espncricinfo.com/cricketers/harshal-patel-390481,scorecard
Mitchell Santner,3,0,10,1,3.33,11,1,0,0,0,https://www.espncricinfo.com/cricketers/mitchell-santner-502714,scorecard
Tushar Deshpande,4,0,35,2,8.75,11,5,1,1,0,https://www.espncricinfo.com/cricketers/tushar-deshpande-822553,scorecard
Richard Gleeson,4,0,41,0,10.25,10,3,3,2,0,https://www.espncricinfo.com/cricketers/richard-gleeson-473191,scorecard
Ravindra Jadeja,4,0,20,3,5.00,9,1,0,0,0,https://www.espncricinfo.com/cricketers/ravindra-jadeja-234675,scorecard
Simarjeet Singh,3,0,16,2,5.33,11,1,1,0,0,https://www.espncricinfo.com/cricketers/simarjeet-singh-1159722,scorecard
Shardul Thakur,2,0,12,1,6.00,4,1,0,1,0,https://www.espncricinfo.com/cricketers/shardul-thakur-475281,scorecard
Swapnil Singh,1,0,1,0,1.00,5,0,0,0,0,https://www.espncricinfo.com/cricketers/swapnil-singh-232292,scorecard
Mohammed Siraj,4,0,29,2,7.25,13,5,0,3,0,https://www.espncricinfo.com/cricketers/mohammed-siraj-940973,scorecard
Yash Dayal,4,0,21,2,5.25,11,2,0,0,0,https://www.espncricinfo.com/cricketers/yash-dayal-1159720,scorecard
Cameron Green,4,0,28,1,7.00,11,3,1,0,0,https://www.espncricinfo.com/cricketers/cameron-green-1076713,scorecard
Vijaykumar Vyshak,3.3,0,23,2,6.57,10,2,1,1,0,https://www.espncricinfo.com/cricketers/vijaykumar-vyshak-777815,scorecard
Karn Sharma,3,0,42,1,14.00,6,5,3,0,0,https://www.espncricinfo.com/cricketers/karn-sharma-30288,scorecard
Mohit Sharma,2,0,32,0,16.00,2,4,2,0,0,https://www.espncricinfo.com/cricketers/mohit-sharma-537119,scorecard
Josh Little,4,0,45,4,11.25,9,6,2,1,0,https://www.espncricinfo.com/cricketers/josh-little-928067,scorecard
Manav Suthar,2,0,26,0,13.00,4,1,3,0,0,https://www.espncricinfo.com/cricketers/manav-suthar-1175426,scorecard
Noor Ahmad,4,0,23,2,5.75,13,4,0,0,0,https://www.espncricinfo.com/cricketers/noor-ahmad-1182529,scorecard
Rashid Khan,1.4,0,25,0,15.00,1,3,1,0,0,https://www.espncricinfo.com/cricketers/rashid-khan-793463,scorecard
Nuwan Thushara,4,0,42,3,10.50,11,3,3,3,1,https://www.espncricinfo.com/cricketers/nuwan-thushara-955235,scorecard
Jasprit Bumrah,3.5,0,18,3,4.69,15,1,1,0,0,https://www.espncricinfo.com/cricketers/jasprit-bumrah-625383,scorecard
Gerald Coetzee,2,0,24,0,12.00,3,3,1,0,0,https://www.espncricinfo.com/cricketers/gerald-coetzee-596010,scorecard
Hardik Pandya,4,0,44,2,11.00,9,2,4,1,0,https://www.espncricinfo.com/cricketers/hardik-pandya-625371,scorecard
Naman Dhir,3,0,25,0,8.33,3,2,0,1,0,https://www.espncricinfo.com/cricketers/naman-dhir-1287032,scorecard
Piyush Chawla,3,0,15,1,5.00,8,1,0,0,0,https://www.espncricinfo.com/cricketers/piyush-chawla-32966,scorecard
Vaibhav Arora,3,0,35,0,11.66,5,5,1,1,1,https://www.espncricinfo.com/cricketers/vaibhav-arora-1209292,scorecard
Mitchell Starc,3.5,0,33,4,8.60,12,1,3,1,0,https://www.espncricinfo.com/cricketers/mitchell-starc-311592,scorecard
Varun Chakravarthy,4,0,22,2,5.50,11,2,0,0,0,https://www.espncricinfo.com/cricketers/varun-chakravarthy-1108375,scorecard
Sunil Narine,4,0,22,2,5.50,11,2,0,1,0,https://www.espncricinfo.com/cricketers/sunil-narine-230558,scorecard
Andre Russell,4,0,30,2,7.50,11,1,2,1,0,https://www.espncricinfo.com/cricketers/andre-russell-276298,scorecard
Trent Boult,4,0,33,0,8.25,8,5,0,1,0,https://www.espncricinfo.com/cricketers/trent-boult-277912,scorecard
Ravichandran Ashwin,4,0,36,0,9.00,10,0,4,1,0,https://www.espncricinfo.com/cricketers/ravichandran-ashwin-26421,scorecard
Avesh Khan,4,0,39,2,9.75,12,3,3,3,0,https://www.espncricinfo.com/cricketers/avesh-khan-694211,scorecard
Sandeep Sharma,4,0,31,1,7.75,10,1,2,2,0,https://www.espncricinfo.com/cricketers/sandeep-sharma-438362,scorecard
Yuzvendra Chahal,4,0,62,0,15.50,6,4,6,1,0,https://www.espncricinfo.com/cricketers/yuzvendra-chahal-430246,scorecard
Bhuvneshwar Kumar,4,0,41,3,10.25,8,4,2,0,0,https://www.espncricinfo.com/cricketers/bhuvneshwar-kumar-326016,scorecard
Marco Jansen,4,0,44,0,11.00,10,7,0,3,2,https://www.espncricinfo.com/cricketers/marco-jansen-696401,scorecard
Pat Cummins,4,0,34,2,8.50,12,2,3,0,0,https://www.espncricinfo.com/cricketers/pat-cummins-489889,scorecard
T Natarajan,4,0,35,2,8.75,8,2,2,3,0,https://www.espncricinfo.com/cricketers/t-natarajan-802575,scorecard
Jaydev Unadkat,2,0,23,0,11.50,2,1,1,2,0,https://www.espncricinfo.com/cricketers/jaydev-unadkat-390484,scorecard
Nitish Kumar Reddy,1,0,12,0,12.00,1,1,0,2,0,https://www.espncricinfo.com/cricketers/nitish-kumar-reddy-1175496,scorecard
Shahbaz Ahmed,1,0,11,0,11.00,2,2,0,0,0,https://www.espncricinfo.com/cricketers/shahbaz-ahmed-1159711,scorecard
Kagiso Rabada,4,0,23,1,5.75,9,2,0,1,0,https://www.espncricinfo.com/cricketers/kagiso-rabada-550215,scorecard
Arshdeep Singh,4,0,52,1,13.00,8,7,2,5,0,https://www.espncricinfo.com/cricketers/arshdeep-singh-1125976,scorecard
Sam Curran,3,0,37,0,12.33,6,4,2,0,1,https://www.espncricinfo.com/cricketers/sam-curran-662973,scorecard
Harpreet Brar,4,0,17,2,4.25,10,0,0,1,0,https://www.espncricinfo.com/cricketers/harpreet-brar-1168641,scorecard
Rahul Chahar,4,0,16,2,4.00,9,0,0,0,0,https://www.espncricinfo.com/cricketers/rahul-chahar-1064812,scorecard
Harshal Patel,1,0,12,0,12.00,0,0,0,1,0,https://www.espncricinfo.com/cricketers/harshal-patel-390481,scorecard
Deepak Chahar,0.2,0,4,0,12.00,1,1,0,0,0,https://www.espncricinfo.com/cricketers/deepak-chahar-447261,scorecard
Shardul Thakur,3.4,0,48,1,13.09,3,5,2,1,1,https://www.espncricinfo.com/cricketers/shardul-thakur-475281,scorecard
Richard Gleeson,3.5,0,30,1,7.82,10,4,0,1,1,https://www.espncricinfo.com/cricketers/richard-gleeson-473191,scorecard
Mustafizur Rahman,4,1,22,0,5.50,14,2,0,5,0,https://www.espncricinfo.com/cricketers/mustafizur-rahman-330902,scorecard
Ravindra Jadeja,3,0,22,0,7.33,6,3,0,0,0,https://www.espncricinfo.com/cricketers/ravindra-jadeja-234675,scorecard
Moeen Ali,2,0,22,0,11.00,4,1,2,0,0,https://www.espncricinfo.com/cricketers/moeen-ali-8917,scorecard
Shivam Dube,1,0,14,1,14.00,1,1,1,0,0,https://www.espncricinfo.com/cricketers/shivam-dube-714451,scorecard
Marcus Stoinis,3,0,19,1,6.33,10,1,1,1,0,https://www.espncricinfo.com/cricketers/marcus-stoinis-325012,scorecard
Mohsin Khan,4,0,36,2,9.00,10,4,1,0,0,https://www.espncricinfo.com/cricketers/mohsin-khan-1132005,scorecard
Naveen-ul-Haq,3.5,0,15,1,3.91,11,0,0,0,1,https://www.espncricinfo.com/cricketers/naveen-ul-haq-793447,scorecard
Mayank Yadav,3.1,0,31,1,9.78,11,3,2,2,1,https://www.espncricinfo.com/cricketers/mayank-yadav-1292563,scorecard
Ravi Bishnoi,4,0,28,1,7.00,8,3,0,1,0,https://www.espncricinfo.com/cricketers/ravi-bishnoi-1175441,scorecard
Deepak Hooda,2,0,13,0,6.50,3,1,0,0,0,https://www.espncricinfo.com/cricketers/deepak-hooda-497121,scorecard
Nuwan Thushara,4,0,30,1,7.50,11,3,1,2,0,https://www.espncricinfo.com/cricketers/nuwan-thushara-955235,scorecard
Jasprit Bumrah,4,0,17,0,4.25,16,1,1,0,0,https://www.espncricinfo.com/cricketers/jasprit-bumrah-625383,scorecard
Gerald Coetzee,3,0,29,1,9.66,6,4,0,3,0,https://www.espncricinfo.com/cricketers/gerald-coetzee-596010,scorecard
Piyush Chawla,3,0,23,0,7.66,5,3,0,0,0,https://www.espncricinfo.com/cricketers/piyush-chawla-32966,scorecard
Hardik Pandya,4,0,26,2,6.50,8,2,0,1,0,https://www.espncricinfo.com/cricketers/hardik-pandya-625371,scorecard
Mohammad Nabi,1.2,0,16,1,12.00,1,1,1,0,0,https://www.espncricinfo.com/cricketers/mohammad-nabi-25913,scorecard
Mitchell Starc,3,0,43,1,14.33,6,5,2,2,0,https://www.espncricinfo.com/cricketers/mitchell-starc-311592,scorecard
Vaibhav Arora,4,0,29,2,7.25,15,4,1,2,1,https://www.espncricinfo.com/cricketers/vaibhav-arora-1209292,scorecard
Harshit Rana,4,0,28,2,7.00,11,3,1,1,0,https://www.espncricinfo.com/cricketers/harshit-rana-1312645,scorecard
Sunil Narine,4,0,24,1,6.00,9,1,1,0,0,https://www.espncricinfo.com/cricketers/sunil-narine-230558,scorecard
Varun Chakravarthy,4,0,16,3,4.00,13,1,0,0,0,https://www.espncricinfo.com/cricketers/varun-chakravarthy-1108375,scorecard
Andre Russell,1,0,10,0,10.00,3,2,0,0,0,https://www.espncricinfo.com/cricketers/andre-russell-276298,scorecard
Lizaad Williams,3,0,38,1,12.66,7,3,3,1,1,https://www.espncricinfo.com/cricketers/lizaad-williams-379887,scorecard
Khaleel Ahmed,3,0,28,0,9.33,9,4,1,0,0,https://www.espncricinfo.com/cricketers/khaleel-ahmed-942645,scorecard
Rasikh Salam,2.3,0,30,0,12.00,3,4,1,0,0,https://www.espncricinfo.com/cricketers/rasikh-salam-1161489,scorecard
Axar Patel,4,0,25,2,6.25,10,3,0,0,0,https://www.espncricinfo.com/cricketers/axar-patel-554691,scorecard
Kuldeep Yadav,4,0,34,0,8.50,8,2,2,0,0,https://www.espncricinfo.com/cricketers/kuldeep-yadav-559235,scorecard
Bhuvneshwar Kumar,4,0,38,1,9.50,7,5,1,0,0,https://www.espncricinfo.com/cricketers/bhuvneshwar-kumar-326016,scorecard
Nitish Kumar Reddy,1,0,8,0,8.00,2,1,0,1,0,https://www.espncricinfo.com/cricketers/nitish-kumar-reddy-1175496,scorecard
Shahbaz Ahmed,3,0,33,0,11.00,3,5,0,0,0,https://www.espncricinfo.com/cricketers/shahbaz-ahmed-1159711,scorecard
T Natarajan,4,0,43,1,10.75,8,3,3,3,0,https://www.espncricinfo.com/cricketers/t-natarajan-802575,scorecard
Jaydev Unadkat,4,0,38,1,9.50,3,2,1,1,0,https://www.espncricinfo.com/cricketers/jaydev-unadkat-390484,scorecard
Pat Cummins,4,0,49,0,12.25,4,4,3,1,0,https://www.espncricinfo.com/cricketers/pat-cummins-489889,scorecard
Deepak Chahar,3,0,22,0,7.33,5,3,0,0,0,https://www.espncricinfo.com/cricketers/deepak-chahar-447261,scorecard
Tushar Deshpande,3,0,27,4,9.00,6,1,2,0,0,https://www.espncricinfo.com/cricketers/tushar-deshpande-822553,scorecard
Mustafizur Rahman,2.5,0,19,2,6.70,6,2,0,0,0,https://www.espncricinfo.com/cricketers/mustafizur-rahman-330902,scorecard
Ravindra Jadeja,4,0,22,1,5.50,8,0,1,0,0,https://www.espncricinfo.com/cricketers/ravindra-jadeja-234675,scorecard
Shardul Thakur,4,0,27,1,6.75,8,3,0,0,1,https://www.espncricinfo.com/cricketers/shardul-thakur-475281,scorecard
Matheesha Pathirana,2,0,17,2,8.50,3,0,1,2,0,https://www.espncricinfo.com/cricketers/matheesha-pathirana-1194795,scorecard
Swapnil Singh,3,0,23,1,7.66,5,3,0,0,0,https://www.espncricinfo.com/cricketers/swapnil-singh-232292,scorecard
Mohammed Siraj,4,0,34,1,8.50,9,3,1,4,0,https://www.espncricinfo.com/cricketers/mohammed-siraj-940973,scorecard
Yash Dayal,4,0,34,0,8.50,9,2,1,3,1,https://www.espncricinfo.com/cricketers/yash-dayal-1159720,scorecard
Glenn Maxwell,3,0,28,1,9.33,5,1,2,0,0,https://www.espncricinfo.com/cricketers/glenn-maxwell-325026,scorecard
Karn Sharma,3,0,38,0,12.66,4,1,4,1,0,https://www.espncricinfo.com/cricketers/karn-sharma-30288,scorecard
Cameron Green,3,0,42,0,14.00,2,5,2,1,0,https://www.espncricinfo.com/cricketers/cameron-green-1076713,scorecard
Azmatullah Omarzai,2,0,18,0,9.00,7,1,2,0,0,https://www.espncricinfo.com/cricketers/azmatullah-omarzai-819429,scorecard
Sandeep Warrier,1,0,15,0,15.00,1,1,1,2,0,https://www.espncricinfo.com/cricketers/sandeep-warrier-592735,scorecard
Sai Kishore,3,0,30,1,10.00,4,0,3,0,0,https://www.espncricinfo.com/cricketers/sai-kishore-1048739,scorecard
Rashid Khan,4,0,51,0,12.75,4,3,4,0,0,https://www.espncricinfo.com/cricketers/rashid-khan-793463,scorecard
Noor Ahmad,4,0,43,0,10.75,6,4,2,1,0,https://www.espncricinfo.com/cricketers/noor-ahmad-1182529,scorecard
Mohit Sharma,2,0,41,0,20.50,3,3,4,0,1,https://www.espncricinfo.com/cricketers/mohit-sharma-537119,scorecard
Trent Boult,4,0,41,1,10.25,9,6,0,2,0,https://www.espncricinfo.com/cricketers/trent-boult-277912,scorecard
Sandeep Sharma,4,0,31,2,7.75,7,3,0,1,0,https://www.espncricinfo.com/cricketers/sandeep-sharma-438362,scorecard
Avesh Khan,4,0,42,1,10.50,7,2,2,1,1,https://www.espncricinfo.com/cricketers/avesh-khan-694211,scorecard
Ravichandran Ashwin,4,0,39,1,9.75,6,4,0,2,0,https://www.espncricinfo.com/cricketers/ravichandran-ashwin-26421,scorecard
Yuzvendra Chahal,4,0,41,0,10.25,3,5,0,1,0,https://www.espncricinfo.com/cricketers/yuzvendra-chahal-430246,scorecard
Matt Henry,3,0,32,0,10.66,7,3,2,0,0,https://www.espncricinfo.com/cricketers/matt-henry-506612,scorecard
Mohsin Khan,4,0,52,0,13.00,5,5,3,0,0,https://www.espncricinfo.com/cricketers/mohsin-khan-1132005,scorecard
Yash Thakur,4,0,50,1,12.50,4,7,1,2,0,https://www.espncricinfo.com/cricketers/yash-thakur-1070196,scorecard
Marcus Stoinis,1,0,3,1,3.00,3,0,0,0,0,https://www.espncricinfo.com/cricketers/marcus-stoinis-325012,scorecard
Krunal Pandya,4,0,24,0,6.00,5,1,0,0,0,https://www.espncricinfo.com/cricketers/krunal-pandya-471342,scorecard
Amit Mishra,2,0,20,1,10.00,5,1,2,0,0,https://www.espncricinfo.com/cricketers/amit-mishra-31107,scorecard
Ravi Bishnoi,1,0,16,0,16.00,1,2,1,0,0,https://www.espncricinfo.com/cricketers/ravi-bishnoi-1175441,scorecard
Luke Wood,4,0,68,1,17.00,5,9,4,0,0,https://www.espncricinfo.com/cricketers/luke-wood-573170,scorecard
Jasprit Bumrah,4,0,35,1,8.75,10,2,2,2,1,https://www.espncricinfo.com/cricketers/jasprit-bumrah-625383,scorecard
Nuwan Thushara,4,0,56,0,14.00,3,6,3,2,0,https://www.espncricinfo.com/cricketers/nuwan-thushara-955235,scorecard
Piyush Chawla,4,0,36,1,9.00,7,2,2,2,0,https://www.espncricinfo.com/cricketers/piyush-chawla-32966,scorecard
Hardik Pandya,2,0,41,0,20.50,4,3,4,0,0,https://www.espncricinfo.com/cricketers/hardik-pandya-625371,scorecard
Mohammad Nabi,2,0,20,1,10.00,2,0,2,0,0,https://www.espncricinfo.com/cricketers/mohammad-nabi-25913,scorecard
Lizaad Williams,3,0,34,0,11.33,6,4,0,3,1,https://www.espncricinfo.com/cricketers/lizaad-williams-379887,scorecard
Khaleel Ahmed,4,0,45,2,11.25,7,4,3,0,0,https://www.espncricinfo.com/cricketers/khaleel-ahmed-942645,scorecard
Mukesh Kumar,4,0,59,3,14.75,6,5,5,0,0,https://www.espncricinfo.com/cricketers/mukesh-kumar-926851,scorecard
Kuldeep Yadav,3,0,47,0,15.66,2,5,3,1,0,https://www.espncricinfo.com/cricketers/kuldeep-yadav-559235,scorecard
Axar Patel,2,0,24,0,12.00,1,1,2,0,0,https://www.espncricinfo.com/cricketers/axar-patel-554691,scorecard
Rasikh Salam,4,0,34,3,8.50,8,1,2,3,0,https://www.espncricinfo.com/cricketers/rasikh-salam-1161489,scorecard
Sam Curran,4,0,60,1,15.00,6,5,5,0,0,https://www.espncricinfo.com/cricketers/sam-curran-662973,scorecard
Arshdeep Singh,4,0,45,2,11.25,10,3,3,5,0,https://www.espncricinfo.com/cricketers/arshdeep-singh-1125976,scorecard
Harshal Patel,3,0,48,1,16.00,6,3,5,1,1,https://www.espncricinfo.com/cricketers/harshal-patel-390481,scorecard
Kagiso Rabada,3,0,52,0,17.33,2,7,2,4,0,https://www.espncricinfo.com/cricketers/kagiso-rabada-550215,scorecard
Rahul Chahar,4,0,33,1,8.25,9,4,1,0,0,https://www.espncricinfo.com/cricketers/rahul-chahar-1064812,scorecard
Harpreet Brar,2,0,21,0,10.50,3,0,2,0,0,https://www.espncricinfo.com/cricketers/harpreet-brar-1168641,scorecard
Dushmantha Chameera,3,0,48,0,16.00,6,3,5,1,0,https://www.espncricinfo.com/cricketers/dushmantha-chameera-552152,scorecard
Harshit Rana,4,0,61,0,15.25,5,3,6,1,0,https://www.espncricinfo.com/cricketers/harshit-rana-1312645,scorecard
Anukul Roy,2,0,36,0,18.00,2,5,2,0,0,https://www.espncricinfo.com/cricketers/anukul-roy-1079839,scorecard
Sunil Narine,4,0,24,1,6.00,12,2,1,0,0,https://www.espncricinfo.com/cricketers/sunil-narine-230558,scorecard
Varun Chakravarthy,3,0,46,0,15.33,2,1,5,0,0,https://www.espncricinfo.com/cricketers/varun-chakravarthy-1108375,scorecard
Andre Russell,2,0,36,0,18.00,2,1,4,2,0,https://www.espncricinfo.com/cricketers/andre-russell-276298,scorecard
Ramandeep Singh,0.4,0,9,0,13.50,0,0,1,0,0,https://www.espncricinfo.com/cricketers/ramandeep-singh-1079470,scorecard
Abhishek Sharma,1,0,10,0,10.00,0,1,0,0,0,https://www.espncricinfo.com/cricketers/abhishek-sharma-1070183,scorecard
Bhuvneshwar Kumar,1,0,14,0,14.00,1,3,0,0,0,https://www.espncricinfo.com/cricketers/bhuvneshwar-kumar-326016,scorecard
Pat Cummins,4,0,55,1,13.75,1,8,1,1,0,https://www.espncricinfo.com/cricketers/pat-cummins-489889,scorecard
T Natarajan,4,0,39,2,9.75,7,3,2,1,0,https://www.espncricinfo.com/cricketers/t-natarajan-802575,scorecard
Shahbaz Ahmed,3,0,14,0,4.66,7,1,0,0,0,https://www.espncricinfo.com/cricketers/shahbaz-ahmed-1159711,scorecard
Mayank Markande,3,0,42,1,14.00,2,0,5,1,0,https://www.espncricinfo.com/cricketers/mayank-markande-1081442,scorecard
Jaydev Unadkat,4,0,30,3,7.50,5,2,0,2,0,https://www.espncricinfo.com/cricketers/jaydev-unadkat-390484,scorecard
Will Jacks,2,0,23,1,11.50,3,1,2,0,0,https://www.espncricinfo.com/cricketers/will-jacks-897549,scorecard
Mohammed Siraj,4,0,20,0,5.00,11,1,0,2,0,https://www.espncricinfo.com/cricketers/mohammed-siraj-940973,scorecard
Yash Dayal,3,0,18,1,6.00,8,1,0,3,0,https://www.espncricinfo.com/cricketers/yash-dayal-1159720,scorecard
Swapnil Singh,3,0,40,2,13.33,3,1,4,0,1,https://www.espncricinfo.com/cricketers/swapnil-singh-232292,scorecard
Karn Sharma,4,0,29,2,7.25,10,2,1,2,0,https://www.espncricinfo.com/cricketers/karn-sharma-30288,scorecard
Lockie Ferguson,2,0,28,0,14.00,2,2,2,0,0,https://www.espncricinfo.com/cricketers/lockie-ferguson-493773,scorecard
Cameron Green,2,0,12,2,6.00,7,2,0,1,0,https://www.espncricinfo.com/cricketers/cameron-green-1076713,scorecard
Azmatullah Omarzai,4,0,33,0,8.25,11,5,1,0,0,https://www.espncricinfo.com/cricketers/azmatullah-omarzai-819429,scorecard
Sandeep Warrier,3,0,15,3,5.00,12,1,1,1,0,https://www.espncricinfo.com/cricketers/sandeep-warrier-592735,scorecard
Rashid Khan,4,0,35,0,8.75,8,4,1,0,0,https://www.espncricinfo.com/cricketers/rashid-khan-793463,scorecard
Noor Ahmad,3,0,36,1,12.00,4,2,3,1,0,https://www.espncricinfo.com/cricketers/noor-ahmad-1182529,scorecard
Mohit Sharma,4,0,73,0,18.25,2,4,7,1,0,https://www.espncricinfo.com/cricketers/mohit-sharma-537119,scorecard
M Shahrukh Khan,1,0,8,0,8.00,3,0,1,0,0,https://www.espncricinfo.com/cricketers/m-shahrukh-khan-719719,scorecard
Sai Kishore,1,0,22,0,22.00,0,2,2,0,0,https://www.espncricinfo.com/cricketers/sai-kishore-1048739,scorecard
Khaleel Ahmed,2,0,26,0,13.00,2,3,1,1,0,https://www.espncricinfo.com/cricketers/khaleel-ahmed-942645,scorecard
Anrich Nortje,3,0,48,1,16.00,6,5,4,0,0,https://www.espncricinfo.com/cricketers/anrich-nortje-481979,scorecard
Rasikh Salam,4,0,44,3,11.00,8,4,3,1,0,https://www.espncricinfo.com/cricketers/rasikh-salam-1161489,scorecard
Mukesh Kumar,4,0,41,1,10.25,7,6,1,0,1,https://www.espncricinfo.com/cricketers/mukesh-kumar-926851,scorecard
Axar Patel,3,0,28,1,9.33,4,2,1,0,0,https://www.espncricinfo.com/cricketers/axar-patel-554691,scorecard
Kuldeep Yadav,4,0,29,2,7.25,5,2,0,1,0,https://www.espncricinfo.com/cricketers/kuldeep-yadav-559235,scorecard
Matt Henry,4,0,28,1,7.00,9,3,0,0,0,https://www.espncricinfo.com/cricketers/matt-henry-506612,scorecard
Mohsin Khan,4,0,50,1,12.50,6,5,3,0,0,https://www.espncricinfo.com/cricketers/mohsin-khan-1132005,scorecard
Ravi Bishnoi,2,0,19,0,9.50,2,3,0,0,0,https://www.espncricinfo.com/cricketers/ravi-bishnoi-1175441,scorecard
Yash Thakur,4,0,47,1,11.75,9,3,4,1,0,https://www.espncricinfo.com/cricketers/yash-thakur-1070196,scorecard
Marcus Stoinis,4,0,49,0,12.25,5,3,3,1,0,https://www.espncricinfo.com/cricketers/marcus-stoinis-325012,scorecard
Krunal Pandya,2,0,15,0,7.50,3,2,0,0,0,https://www.espncricinfo.com/cricketers/krunal-pandya-471342,scorecard
Deepak Chahar,2,0,11,1,5.50,7,2,0,0,0,https://www.espncricinfo.com/cricketers/deepak-chahar-447261,scorecard
Tushar Deshpande,3,0,34,0,11.33,6,2,2,0,1,https://www.espncricinfo.com/cricketers/tushar-deshpande-822553,scorecard
Mustafizur Rahman,3.3,0,51,1,14.57,8,5,4,0,1,https://www.espncricinfo.com/cricketers/mustafizur-rahman-330902,scorecard
Shardul Thakur,3,0,42,0,14.00,0,4,2,1,0,https://www.espncricinfo.com/cricketers/shardul-thakur-475281,scorecard
Moeen Ali,2,0,21,0,10.50,1,1,1,0,0,https://www.espncricinfo.com/cricketers/moeen-ali-8917,scorecard
Ravindra Jadeja,2,0,16,0,8.00,3,0,1,0,1,https://www.espncricinfo.com/cricketers/ravindra-jadeja-234675,scorecard
Matheesha Pathirana,4,0,35,2,8.75,8,5,0,2,0,https://www.espncricinfo.com/cricketers/matheesha-pathirana-1194795,scorecard
Trent Boult,4,0,32,2,8.00,10,3,1,3,0,https://www.espncricinfo.com/cricketers/trent-boult-277912,scorecard
Sandeep Sharma,4,0,18,5,4.50,13,2,0,0,0,https://www.espncricinfo.com/cricketers/sandeep-sharma-438362,scorecard
Avesh Khan,4,0,49,1,12.25,7,4,3,3,0,https://www.espncricinfo.com/cricketers/avesh-khan-694211,scorecard
Ravichandran Ashwin,4,0,31,0,7.75,4,1,1,1,0,https://www.espncricinfo.com/cricketers/ravichandran-ashwin-26421,scorecard
Yuzvendra Chahal,4,0,48,1,12.00,6,4,3,1,0,https://www.espncricinfo.com/cricketers/yuzvendra-chahal-430246,scorecard
Hardik Pandya,2,0,21,0,10.50,3,2,1,0,0,https://www.espncricinfo.com/cricketers/hardik-pandya-625371,scorecard
Jasprit Bumrah,4,0,37,0,9.25,10,5,1,1,1,https://www.espncricinfo.com/cricketers/jasprit-bumrah-625383,scorecard
Nuwan Thushara,3,0,28,0,9.33,2,4,0,0,0,https://www.espncricinfo.com/cricketers/nuwan-thushara-955235,scorecard
Gerald Coetzee,2,0,25,0,12.50,7,2,2,3,0,https://www.espncricinfo.com/cricketers/gerald-coetzee-596010,scorecard
Mohammad Nabi,3,0,30,0,10.00,6,1,3,0,0,https://www.espncricinfo.com/cricketers/mohammad-nabi-25913,scorecard
Piyush Chawla,4,0,33,1,8.25,8,2,2,0,0,https://www.espncricinfo.com/cricketers/piyush-chawla-32966,scorecard
Tilak Varma,0.4,0,8,0,12.00,0,1,0,0,0,https://www.espncricinfo.com/cricketers/tilak-varma-1170265,scorecard
Azmatullah Omarzai,2,0,13,0,6.50,7,1,1,0,0,https://www.espncricinfo.com/cricketers/azmatullah-omarzai-819429,scorecard
Sandeep Warrier,1,0,21,0,21.00,2,3,1,0,1,https://www.espncricinfo.com/cricketers/sandeep-warrier-592735,scorecard
Mohit Sharma,4,0,32,2,8.00,10,4,1,1,0,https://www.espncricinfo.com/cricketers/mohit-sharma-537119,scorecard
Rashid Khan,4,0,15,1,3.75,11,0,0,0,0,https://www.espncricinfo.com/cricketers/rashid-khan-793463,scorecard
Noor Ahmad,4,0,20,2,5.00,10,2,0,0,0,https://www.espncricinfo.com/cricketers/noor-ahmad-1182529,scorecard
Sai Kishore,4,0,33,4,8.25,11,2,2,1,0,https://www.espncricinfo.com/cricketers/sai-kishore-1048739,scorecard
M Shahrukh Khan,1,0,7,0,7.00,1,0,0,0,0,https://www.espncricinfo.com/cricketers/m-shahrukh-khan-719719,scorecard
Kagiso Rabada,4,0,40,0,10.00,8,6,1,0,0,https://www.espncricinfo.com/cricketers/kagiso-rabada-550215,scorecard
Arshdeep Singh,2.1,0,17,1,7.84,3,2,0,0,0,https://www.espncricinfo.com/cricketers/arshdeep-singh-1125976,scorecard
Harshal Patel,3,0,15,3,5.00,8,1,0,0,0,https://www.espncricinfo.com/cricketers/harshal-patel-390481,scorecard
Sam Curran,2,0,18,1,9.00,4,3,0,0,0,https://www.espncricinfo.com/cricketers/sam-curran-662973,scorecard
Harpreet Brar,4,0,35,0,8.75,7,3,1,0,0,https://www.espncricinfo.com/cricketers/harpreet-brar-1168641,scorecard
Liam Livingstone,4,0,19,2,4.75,9,1,0,1,0,https://www.espncricinfo.com/cricketers/liam-livingstone-403902,scorecard
Mohammed Siraj,4,0,40,1,10.00,13,4,3,2,0,https://www.espncricinfo.com/cricketers/mohammed-siraj-940973,scorecard
Yash Dayal,4,0,56,2,14.00,7,9,1,3,1,https://www.espncricinfo.com/cricketers/yash-dayal-1159720,scorecard
Lockie Ferguson,4,0,47,1,11.75,3,5,2,0,1,https://www.espncricinfo.com/cricketers/lockie-ferguson-493773,scorecard
Karn Sharma,4,0,33,0,8.25,7,3,1,0,0,https://www.espncricinfo.com/cricketers/karn-sharma-30288,scorecard
Cameron Green,4,0,35,2,8.75,9,6,0,2,0,https://www.espncricinfo.com/cricketers/cameron-green-1076713,scorecard
Harshit Rana,4,0,33,2,8.25,9,2,2,1,0,https://www.espncricinfo.com/cricketers/harshit-rana-1312645,scorecard
Mitchell Starc,3,0,55,1,18.33,6,2,7,1,0,https://www.espncricinfo.com/cricketers/mitchell-starc-311592,scorecard
Varun Chakravarthy,4,0,36,1,9.00,11,5,1,0,0,https://www.espncricinfo.com/cricketers/varun-chakravarthy-1108375,scorecard
Sunil Narine,4,0,34,2,8.50,11,2,3,0,0,https://www.espncricinfo.com/cricketers/sunil-narine-230558,scorecard
Suyash Sharma,2,0,33,0,16.50,2,2,3,1,0,https://www.espncricinfo.com/cricketers/suyash-sharma-1350792,scorecard
Andre Russell,3,0,25,3,8.33,10,3,1,1,0,https://www.espncricinfo.com/cricketers/andre-russell-276298,scorecard
Khaleel Ahmed,3,0,51,0,17.00,4,4,5,0,0,https://www.espncricinfo.com/cricketers/khaleel-ahmed-942645,scorecard
Lalit Yadav,2,0,41,0,20.50,2,2,5,0,0,https://www.espncricinfo.com/cricketers/lalit-yadav-930189,scorecard
Anrich Nortje,3,0,31,0,10.33,6,4,1,1,0,https://www.espncricinfo.com/cricketers/anrich-nortje-481979,scorecard
Kuldeep Yadav,4,0,55,4,13.75,8,0,7,2,0,https://www.espncricinfo.com/cricketers/kuldeep-yadav-559235,scorecard
Mukesh Kumar,4,0,57,1,14.25,4,7,3,0,0,https://www.espncricinfo.com/cricketers/mukesh-kumar-926851,scorecard
Axar Patel,4,0,29,1,7.25,4,1,1,0,0,https://www.espncricinfo.com/cricketers/axar-patel-554691,scorecard
Washington Sundar,2,0,46,1,23.00,2,7,3,0,0,https://www.espncricinfo.com/cricketers/washington-sundar-719715,scorecard
Bhuvneshwar Kumar,4,0,33,1,8.25,10,5,0,3,0,https://www.espncricinfo.com/cricketers/bhuvneshwar-kumar-326016,scorecard
Pat Cummins,4,0,35,0,8.75,9,5,1,0,0,https://www.espncricinfo.com/cricketers/pat-cummins-489889,scorecard
T Natarajan,4,1,19,4,4.75,14,2,0,1,0,https://www.espncricinfo.com/cricketers/t-natarajan-802575,scorecard
Mayank Markande,2,0,26,2,13.00,3,0,3,2,0,https://www.espncricinfo.com/cricketers/mayank-markande-1081442,scorecard
Shahbaz Ahmed,1,0,22,0,22.00,0,3,1,0,0,https://www.espncricinfo.com/cricketers/shahbaz-ahmed-1159711,scorecard
Nitish Kumar Reddy,2.1,0,17,2,7.84,3,0,1,1,0,https://www.espncricinfo.com/cricketers/nitish-kumar-reddy-1175496,scorecard
Matt Henry,3,0,26,0,8.66,6,2,1,0,0,https://www.espncricinfo.com/cricketers/matt-henry-506612,scorecard
Mohsin Khan,4,0,37,1,9.25,7,2,2,3,0,https://www.espncricinfo.com/cricketers/mohsin-khan-1132005,scorecard
Yash Thakur,4,0,45,1,11.25,6,6,1,0,0,https://www.espncricinfo.com/cricketers/yash-thakur-1070196,scorecard
Krunal Pandya,3,0,16,2,5.33,6,1,0,0,0,https://www.espncricinfo.com/cricketers/krunal-pandya-471342,scorecard
Ravi Bishnoi,4,0,44,1,11.00,6,3,3,0,0,https://www.espncricinfo.com/cricketers/ravi-bishnoi-1175441,scorecard
Marcus Stoinis,2,0,7,1,3.50,6,0,0,0,0,https://www.espncricinfo.com/cricketers/marcus-stoinis-325012,scorecard
Deepak Chahar,3,0,26,0,8.66,8,2,2,0,0,https://www.espncricinfo.com/cricketers/deepak-chahar-447261,scorecard
Tushar Deshpande,4,0,42,0,10.50,9,5,1,4,1,https://www.espncricinfo.com/cricketers/tushar-deshpande-822553,scorecard
Mustafizur Rahman,4,0,43,1,10.75,5,7,0,2,0,https://www.espncricinfo.com/cricketers/mustafizur-rahman-330902,scorecard
Ravindra Jadeja,3,0,32,0,10.66,1,4,0,1,0,https://www.espncricinfo.com/cricketers/ravindra-jadeja-234675,scorecard
Matheesha Pathirana,4,0,29,1,7.25,8,0,2,2,0,https://www.espncricinfo.com/cricketers/matheesha-pathirana-1194795,scorecard
Moeen Ali,1,0,5,0,5.00,2,0,0,0,0,https://www.espncricinfo.com/cricketers/moeen-ali-8917,scorecard
Liam Livingstone,2,0,16,0,8.00,4,1,1,0,0,https://www.espncricinfo.com/cricketers/liam-livingstone-403902,scorecard
Arshdeep Singh,3,0,35,0,11.66,4,5,1,1,0,https://www.espncricinfo.com/cricketers/arshdeep-singh-1125976,scorecard
Kagiso Rabada,4,0,42,1,10.50,7,3,3,0,0,https://www.espncricinfo.com/cricketers/kagiso-rabada-550215,scorecard
Harshal Patel,4,0,31,3,7.75,9,1,2,2,0,https://www.espncricinfo.com/cricketers/harshal-patel-390481,scorecard
Sam Curran,4,0,41,2,10.25,10,3,3,2,0,https://www.espncricinfo.com/cricketers/sam-curran-662973,scorecard
Harpreet Brar,3,0,21,0,7.00,3,1,0,0,0,https://www.espncricinfo.com/cricketers/harpreet-brar-1168641,scorecard
Gerald Coetzee,4,0,32,3,8.00,13,5,0,2,0,https://www.espncricinfo.com/cricketers/gerald-coetzee-596010,scorecard
Jasprit Bumrah,4,0,21,3,5.25,13,1,1,1,1,https://www.espncricinfo.com/cricketers/jasprit-bumrah-625383,scorecard
Akash Madhwal,3.1,0,46,1,14.52,7,2,4,4,1,https://www.espncricinfo.com/cricketers/akash-madhwal-1206039,scorecard
Hardik Pandya,4,0,33,1,8.25,9,1,2,3,0,https://www.espncricinfo.com/cricketers/hardik-pandya-625371,scorecard
Shreyas Gopal,2,0,26,1,13.00,1,0,3,0,0,https://www.espncricinfo.com/cricketers/shreyas-gopal-344580,scorecard
Romario Shepherd,2,0,20,0,10.00,6,1,2,0,0,https://www.espncricinfo.com/cricketers/romario-shepherd-677077,scorecard
Khaleel Ahmed,4,1,18,1,4.50,16,3,0,1,0,https://www.espncricinfo.com/cricketers/khaleel-ahmed-942645,scorecard
Ishant Sharma,2,0,8,2,4.00,9,1,0,1,0,https://www.espncricinfo.com/cricketers/ishant-sharma-236779,scorecard
Mukesh Kumar,2.3,0,14,3,5.60,9,1,0,1,2,https://www.espncricinfo.com/cricketers/mukesh-kumar-926851,scorecard
Kuldeep Yadav,4,0,16,0,4.00,13,0,1,0,0,https://www.espncricinfo.com/cricketers/kuldeep-yadav-559235,scorecard
Tristan Stubbs,1,0,11,2,11.00,3,2,0,1,0,https://www.espncricinfo.com/cricketers/tristan-stubbs-595978,scorecard
Axar Patel,4,0,17,1,4.25,13,1,0,1,0,https://www.espncricinfo.com/cricketers/axar-patel-554691,scorecard
Sandeep Warrier,3,0,40,2,13.33,8,3,4,0,0,https://www.espncricinfo.com/cricketers/sandeep-warrier-592735,scorecard
Spencer Johnson,2,0,22,1,11.00,6,3,1,2,0,https://www.espncricinfo.com/cricketers/spencer-johnson-1123718,scorecard
Rashid Khan,2,0,12,1,6.00,6,0,1,0,0,https://www.espncricinfo.com/cricketers/rashid-khan-793463,scorecard
Noor Ahmad,1.5,0,14,0,7.63,6,3,0,0,0,https://www.espncricinfo.com/cricketers/noor-ahmad-1182529,scorecard
Trent Boult,4,0,31,1,7.75,11,5,0,0,0,https://www.espncricinfo.com/cricketers/trent-boult-277912,scorecard
Avesh Khan,4,0,35,2,8.75,10,5,1,1,0,https://www.espncricinfo.com/cricketers/avesh-khan-694211,scorecard
Kuldeep Sen,4,0,46,2,11.50,8,6,2,2,0,https://www.espncricinfo.com/cricketers/kuldeep-sen-1163695,scorecard
Yuzvendra Chahal,4,0,54,1,13.50,4,4,4,1,0,https://www.espncricinfo.com/cricketers/yuzvendra-chahal-430246,scorecard
Ravichandran Ashwin,4,0,49,0,12.25,8,4,2,5,0,https://www.espncricinfo.com/cricketers/ravichandran-ashwin-26421,scorecard
Mitchell Starc,4,0,50,0,12.50,7,6,1,5,0,https://www.espncricinfo.com/cricketers/mitchell-starc-311592,scorecard
Vaibhav Arora,3,0,45,1,15.00,4,5,3,0,1,https://www.espncricinfo.com/cricketers/vaibhav-arora-1209292,scorecard
Harshit Rana,4,0,45,2,11.25,6,3,3,1,0,https://www.espncricinfo.com/cricketers/harshit-rana-1312645,scorecard
Sunil Narine,4,0,30,2,7.50,12,1,2,2,0,https://www.espncricinfo.com/cricketers/sunil-narine-230558,scorecard
Varun Chakravarthy,4,0,36,2,9.00,11,5,1,1,0,https://www.espncricinfo.com/cricketers/varun-chakravarthy-1108375,scorecard
Andre Russell,1,0,17,0,17.00,0,0,2,0,0,https://www.espncricinfo.com/cricketers/andre-russell-276298,scorecard
Will Jacks,3,0,32,0,10.66,5,2,2,1,0,https://www.espncricinfo.com/cricketers/will-jacks-897549,scorecard
Reece Topley,4,0,68,1,17.00,3,6,5,2,0,https://www.espncricinfo.com/cricketers/reece-topley-461632,scorecard
Yash Dayal,4,0,51,0,12.75,5,3,3,3,1,https://www.espncricinfo.com/cricketers/yash-dayal-1159720,scorecard
Lockie Ferguson,4,0,52,2,13.00,8,2,6,0,0,https://www.espncricinfo.com/cricketers/lockie-ferguson-493773,scorecard
Vijaykumar Vyshak,4,0,64,0,16.00,2,6,4,2,0,https://www.espncricinfo.com/cricketers/vijaykumar-vyshak-777815,scorecard
Mahipal Lomror,1,0,18,0,18.00,1,0,2,3,0,https://www.espncricinfo.com/cricketers/mahipal-lomror-853265,scorecard
Abhishek Sharma,1,0,10,0,10.00,2,2,0,0,0,https://www.espncricinfo.com/cricketers/abhishek-sharma-1070183,scorecard
Bhuvneshwar Kumar,4,0,60,0,15.00,5,9,2,4,0,https://www.espncricinfo.com/cricketers/bhuvneshwar-kumar-326016,scorecard
Shahbaz Ahmed,1,0,18,0,18.00,1,1,2,0,0,https://www.espncricinfo.com/cricketers/shahbaz-ahmed-1159711,scorecard
T Natarajan,4,0,47,1,11.75,6,2,3,4,0,https://www.espncricinfo.com/cricketers/t-natarajan-802575,scorecard
Pat Cummins,4,0,43,3,10.75,10,4,3,1,0,https://www.espncricinfo.com/cricketers/pat-cummins-489889,scorecard
Mayank Markande,4,0,46,2,11.50,5,1,4,3,0,https://www.espncricinfo.com/cricketers/mayank-markande-1081442,scorecard
Jaydev Unadkat,2,0,37,0,18.50,1,5,2,1,0,https://www.espncricinfo.com/cricketers/jaydev-unadkat-390484,scorecard
Mohammad Nabi,3,0,19,0,6.33,7,1,1,0,0,https://www.espncricinfo.com/cricketers/mohammad-nabi-25913,scorecard
Gerald Coetzee,4,0,35,1,8.75,13,4,2,1,0,https://www.espncricinfo.com/cricketers/gerald-coetzee-596010,scorecard
Jasprit Bumrah,4,0,27,0,6.75,8,2,0,2,0,https://www.espncricinfo.com/cricketers/jasprit-bumrah-625383,scorecard
Akash Madhwal,3,0,37,0,12.33,4,4,2,0,0,https://www.espncricinfo.com/cricketers/akash-madhwal-1206039,scorecard
Shreyas Gopal,1,0,9,1,9.00,2,0,1,0,0,https://www.espncricinfo.com/cricketers/shreyas-gopal-344580,scorecard
Hardik Pandya,3,0,43,2,14.33,6,4,3,2,0,https://www.espncricinfo.com/cricketers/hardik-pandya-625371,scorecard
Romario Shepherd,2,0,33,0,16.50,2,4,2,0,0,https://www.espncricinfo.com/cricketers/romario-shepherd-677077,scorecard
Tushar Deshpande,4,0,29,1,7.25,9,3,1,0,0,https://www.espncricinfo.com/cricketers/tushar-deshpande-822553,scorecard
Mustafizur Rahman,4,0,55,1,13.75,5,4,4,3,0,https://www.espncricinfo.com/cricketers/mustafizur-rahman-330902,scorecard
Shardul Thakur,4,0,35,0,8.75,9,3,2,0,0,https://www.espncricinfo.com/cricketers/shardul-thakur-475281,scorecard
Ravindra Jadeja,4,0,37,0,9.25,8,5,1,0,0,https://www.espncricinfo.com/cricketers/ravindra-jadeja-234675,scorecard
Matheesha Pathirana,4,0,28,4,7.00,12,4,0,1,0,https://www.espncricinfo.com/cricketers/matheesha-pathirana-1194795,scorecard
Mitchell Starc,4,0,28,3,7.00,13,5,0,1,0,https://www.espncricinfo.com/cricketers/mitchell-starc-311592,scorecard
Vaibhav Arora,3,0,34,1,11.33,6,1,3,1,1,https://www.espncricinfo.com/cricketers/vaibhav-arora-1209292,scorecard
Harshit Rana,4,0,35,0,8.75,9,4,1,2,0,https://www.espncricinfo.com/cricketers/harshit-rana-1312645,scorecard
Sunil Narine,4,0,17,1,4.25,7,0,0,0,0,https://www.espncricinfo.com/cricketers/sunil-narine-230558,scorecard
Varun Chakravarthy,4,0,30,1,7.50,9,1,2,2,0,https://www.espncricinfo.com/cricketers/varun-chakravarthy-1108375,scorecard
Andre Russell,1,0,16,1,16.00,2,2,1,0,0,https://www.espncricinfo.com/cricketers/andre-russell-276298,scorecard
Shamar Joseph,4,0,47,0,11.75,12,4,2,3,3,https://www.espncricinfo.com/cricketers/shamar-joseph-1356971,scorecard
Mohsin Khan,4,0,29,2,7.25,12,2,2,1,0,https://www.espncricinfo.com/cricketers/mohsin-khan-1132005,scorecard
Krunal Pandya,1,0,14,0,14.00,1,3,0,0,0,https://www.espncricinfo.com/cricketers/krunal-pandya-471342,scorecard
Yash Thakur,2,0,25,0,12.50,3,5,0,1,0,https://www.espncricinfo.com/cricketers/yash-thakur-1070196,scorecard
Arshad Khan,2,0,24,0,12.00,5,5,0,1,0,https://www.espncricinfo.com/cricketers/arshad-khan-1244751,scorecard
Ravi Bishnoi,2.4,0,17,0,6.37,7,2,0,2,0,https://www.espncricinfo.com/cricketers/ravi-bishnoi-1175441,scorecard
Trent Boult,4,0,22,1,5.50,11,2,0,2,0,https://www.espncricinfo.com/cricketers/trent-boult-277912,scorecard
Kuldeep Sen,4,0,35,1,8.75,9,3,2,0,0,https://www.espncricinfo.com/cricketers/kuldeep-sen-1163695,scorecard
Avesh Khan,4,0,34,2,8.50,8,2,2,0,0,https://www.espncricinfo.com/cricketers/avesh-khan-694211,scorecard
Yuzvendra Chahal,4,0,31,1,7.75,6,0,2,2,1,https://www.espncricinfo.com/cricketers/yuzvendra-chahal-430246,scorecard
Keshav Maharaj,4,0,23,2,5.75,8,2,0,0,0,https://www.espncricinfo.com/cricketers/keshav-maharaj-267724,scorecard
Arshdeep Singh,3.5,0,45,1,11.73,8,3,3,1,0,https://www.espncricinfo.com/cricketers/arshdeep-singh-1125976,scorecard
Kagiso Rabada,4,0,18,2,4.50,14,2,0,0,0,https://www.espncricinfo.com/cricketers/kagiso-rabada-550215,scorecard
Sam Curran,4,0,25,2,6.25,9,3,0,1,0,https://www.espncricinfo.com/cricketers/sam-curran-662973,scorecard
Liam Livingstone,3,0,21,1,7.00,9,2,1,1,0,https://www.espncricinfo.com/cricketers/liam-livingstone-403902,scorecard
Harshal Patel,2,0,21,1,10.50,1,1,1,0,0,https://www.espncricinfo.com/cricketers/harshal-patel-390481,scorecard
Harpreet Brar,3,0,22,0,7.33,2,1,0,0,0,https://www.espncricinfo.com/cricketers/harpreet-brar-1168641,scorecard
Khaleel Ahmed,4,0,41,2,10.25,11,5,2,1,0,https://www.espncricinfo.com/cricketers/khaleel-ahmed-942645,scorecard
Ishant Sharma,4,0,36,1,9.00,6,4,0,4,0,https://www.espncricinfo.com/cricketers/ishant-sharma-236779,scorecard
Mukesh Kumar,4,0,41,1,10.25,5,6,0,1,0,https://www.espncricinfo.com/cricketers/mukesh-kumar-926851,scorecard
Axar Patel,4,0,26,0,6.50,7,2,0,0,0,https://www.espncricinfo.com/cricketers/axar-patel-554691,scorecard
Kuldeep Yadav,4,0,20,3,5.00,10,0,0,1,0,https://www.espncricinfo.com/cricketers/kuldeep-yadav-559235,scorecard
Arshad Khan,3.1,0,34,0,10.73,7,4,2,0,0,https://www.espncricinfo.com/cricketers/arshad-khan-1244751,scorecard
Naveen-ul-Haq,3,0,24,1,8.00,5,3,0,0,0,https://www.espncricinfo.com/cricketers/naveen-ul-haq-793447,scorecard
Yash Thakur,4,0,31,1,7.75,11,1,2,0,0,https://www.espncricinfo.com/cricketers/yash-thakur-1070196,scorecard
Krunal Pandya,3,0,45,0,15.00,4,2,3,3,0,https://www.espncricinfo.com/cricketers/krunal-pandya-471342,scorecard
Ravi Bishnoi,4,0,25,2,6.25,12,2,1,0,0,https://www.espncricinfo.com/cricketers/ravi-bishnoi-1175441,scorecard
Marcus Stoinis,1,0,10,0,10.00,2,2,0,0,0,https://www.espncricinfo.com/cricketers/marcus-stoinis-325012,scorecard
Mohammad Nabi,1,0,7,0,7.00,2,1,0,0,0,https://www.espncricinfo.com/cricketers/mohammad-nabi-25913,scorecard
Gerald Coetzee,4,0,42,1,10.50,13,1,5,3,0,https://www.espncricinfo.com/cricketers/gerald-coetzee-596010,scorecard
Jasprit Bumrah,4,0,21,5,5.25,13,1,1,0,0,https://www.espncricinfo.com/cricketers/jasprit-bumrah-625383,scorecard
Akash Madhwal,4,0,57,1,14.25,7,9,2,3,0,https://www.espncricinfo.com/cricketers/akash-madhwal-1206039,scorecard
Shreyas Gopal,4,0,32,1,8.00,7,0,2,0,0,https://www.espncricinfo.com/cricketers/shreyas-gopal-344580,scorecard
Romario Shepherd,2,0,22,0,11.00,1,3,0,0,0,https://www.espncricinfo.com/cricketers/romario-shepherd-677077,scorecard
Hardik Pandya,1,0,13,0,13.00,2,0,1,2,0,https://www.espncricinfo.com/cricketers/hardik-pandya-625371,scorecard
Reece Topley,3,0,34,0,11.33,8,6,1,1,0,https://www.espncricinfo.com/cricketers/reece-topley-461632,scorecard
Mohammed Siraj,3,0,37,0,12.33,7,2,4,0,0,https://www.espncricinfo.com/cricketers/mohammed-siraj-940973,scorecard
Akash Deep,3.3,0,55,1,15.71,6,2,6,2,0,https://www.espncricinfo.com/cricketers/akash-deep-1176959,scorecard
Glenn Maxwell,1,0,17,0,17.00,0,2,1,0,0,https://www.espncricinfo.com/cricketers/glenn-maxwell-325026,scorecard
Vijaykumar Vyshak,3,0,32,1,10.66,6,3,2,0,0,https://www.espncricinfo.com/cricketers/vijaykumar-vyshak-777815,scorecard
Will Jacks,2,0,24,1,12.00,2,3,1,0,0,https://www.espncricinfo.com/cricketers/will-jacks-897549,scorecard
Umesh Yadav,4,0,47,1,11.75,9,6,2,2,0,https://www.espncricinfo.com/cricketers/umesh-yadav-376116,scorecard
Spencer Johnson,4,0,37,0,9.25,6,4,1,0,0,https://www.espncricinfo.com/cricketers/spencer-johnson-1123718,scorecard
Rashid Khan,4,0,18,1,4.50,10,1,0,0,0,https://www.espncricinfo.com/cricketers/rashid-khan-793463,scorecard
Noor Ahmad,4,0,43,0,10.75,6,1,3,1,0,https://www.espncricinfo.com/cricketers/noor-ahmad-1182529,scorecard
Mohit Sharma,4,0,51,1,12.75,3,4,2,4,0,https://www.espncricinfo.com/cricketers/mohit-sharma-537119,scorecard
Trent Boult,2,0,8,0,4.00,7,1,0,0,0,https://www.espncricinfo.com/cricketers/trent-boult-277912,scorecard
Avesh Khan,4,0,48,1,12.00,3,4,2,2,0,https://www.espncricinfo.com/cricketers/avesh-khan-694211,scorecard
Keshav Maharaj,2,0,16,0,8.00,3,0,1,0,0,https://www.espncricinfo.com/cricketers/keshav-maharaj-267724,scorecard
Ravichandran Ashwin,4,0,40,0,10.00,4,4,1,0,0,https://www.espncricinfo.com/cricketers/ravichandran-ashwin-26421,scorecard
Yuzvendra Chahal,4,0,43,2,10.75,4,6,0,1,0,https://www.espncricinfo.com/cricketers/yuzvendra-chahal-430246,scorecard
Kuldeep Sen,4,0,41,3,10.25,7,5,0,4,1,https://www.espncricinfo.com/cricketers/kuldeep-sen-1163695,scorecard
Kagiso Rabada,4,0,32,1,8.00,13,4,1,1,0,https://www.espncricinfo.com/cricketers/kagiso-rabada-550215,scorecard
Arshdeep Singh,4,0,29,4,7.25,12,3,1,2,0,https://www.espncricinfo.com/cricketers/arshdeep-singh-1125976,scorecard
Sam Curran,4,0,41,2,10.25,9,2,3,1,0,https://www.espncricinfo.com/cricketers/sam-curran-662973,scorecard
Harshal Patel,4,0,30,2,7.50,8,4,0,1,0,https://www.espncricinfo.com/cricketers/harshal-patel-390481,scorecard
Harpreet Brar,4,0,48,0,12.00,7,5,3,0,0,https://www.espncricinfo.com/cricketers/harpreet-brar-1168641,scorecard
Bhuvneshwar Kumar,4,1,32,2,8.00,13,6,0,2,0,https://www.espncricinfo.com/cricketers/bhuvneshwar-kumar-326016,scorecard
Pat Cummins,4,0,22,1,5.50,11,3,0,0,0,https://www.espncricinfo.com/cricketers/pat-cummins-489889,scorecard
T Natarajan,4,0,33,1,8.25,8,5,0,0,0,https://www.espncricinfo.com/cricketers/t-natarajan-802575,scorecard
Nitish Kumar Reddy,3,0,33,1,11.00,6,3,2,1,0,https://www.espncricinfo.com/cricketers/nitish-kumar-reddy-1175496,scorecard
Jaydev Unadkat,4,0,49,1,12.25,7,0,5,3,0,https://www.espncricinfo.com/cricketers/jaydev-unadkat-390484,scorecard
Shahbaz Ahmed,1,0,10,0,10.00,1,0,1,0,0,https://www.espncricinfo.com/cricketers/shahbaz-ahmed-1159711,scorecard
Tushar Deshpande,4,0,33,3,8.25,12,4,1,2,0,https://www.espncricinfo.com/cricketers/tushar-deshpande-822553,scorecard
Mustafizur Rahman,4,0,22,2,5.50,16,3,0,2,1,https://www.espncricinfo.com/cricketers/mustafizur-rahman-330902,scorecard
Shardul Thakur,3,0,27,0,9.00,3,3,0,1,1,https://www.espncricinfo.com/cricketers/shardul-thakur-475281,scorecard
Maheesh Theekshana,4,0,28,1,7.00,13,0,3,0,0,https://www.espncricinfo.com/cricketers/maheesh-theekshana-1138316,scorecard
Ravindra Jadeja,4,0,18,3,4.50,11,1,0,1,0,https://www.espncricinfo.com/cricketers/ravindra-jadeja-234675,scorecard
Rachin Ravindra,1,0,4,0,4.00,2,0,0,0,0,https://www.espncricinfo.com/cricketers/rachin-ravindra-959767,scorecard
Mitchell Starc,3,0,29,0,9.66,7,5,0,2,0,https://www.espncricinfo.com/cricketers/mitchell-starc-311592,scorecard
Vaibhav Arora,4,0,28,2,7.00,11,3,1,0,0,https://www.espncricinfo.com/cricketers/vaibhav-arora-1209292,scorecard
Anukul Roy,1.4,0,18,0,10.80,4,4,0,0,0,https://www.espncricinfo.com/cricketers/anukul-roy-1079839,scorecard
Sunil Narine,4,0,30,1,7.50,5,1,1,0,0,https://www.espncricinfo.com/cricketers/sunil-narine-230558,scorecard
Varun Chakravarthy,4,0,26,0,6.50,11,0,2,0,0,https://www.espncricinfo.com/cricketers/varun-chakravarthy-1108375,scorecard
Andre Russell,1,0,8,0,8.00,2,1,0,1,0,https://www.espncricinfo.com/cricketers/andre-russell-276298,scorecard
Umesh Yadav,3,0,22,2,7.33,11,2,1,0,0,https://www.espncricinfo.com/cricketers/umesh-yadav-376116,scorecard
Spencer Johnson,4,0,32,0,8.00,12,4,1,1,0,https://www.espncricinfo.com/cricketers/spencer-johnson-1123718,scorecard
Rashid Khan,4,0,28,1,7.00,4,0,1,0,0,https://www.espncricinfo.com/cricketers/rashid-khan-793463,scorecard
Mohit Sharma,3,0,34,0,11.33,2,4,1,0,0,https://www.espncricinfo.com/cricketers/mohit-sharma-537119,scorecard
Noor Ahmad,4,0,22,0,5.50,7,1,0,0,0,https://www.espncricinfo.com/cricketers/noor-ahmad-1182529,scorecard
Darshan Nalkande,2,0,21,2,10.50,2,0,2,0,0,https://www.espncricinfo.com/cricketers/darshan-nalkande-1111917,scorecard
Manimaran Siddharth,4,0,29,0,7.25,10,0,1,1,3,https://www.espncricinfo.com/cricketers/manimaran-siddharth-1151286,scorecard
Naveen-ul-Haq,4,0,37,1,9.25,7,3,1,1,1,https://www.espncricinfo.com/cricketers/naveen-ul-haq-793447,scorecard
Mayank Yadav,1,0,13,0,13.00,2,3,0,0,0,https://www.espncricinfo.com/cricketers/mayank-yadav-1292563,scorecard
Yash Thakur,3.5,1,30,5,7.82,14,3,2,2,0,https://www.espncricinfo.com/cricketers/yash-thakur-1070196,scorecard
Krunal Pandya,4,0,11,3,2.75,13,0,0,0,0,https://www.espncricinfo.com/cricketers/krunal-pandya-471342,scorecard
Ravi Bishnoi,2,0,8,1,4.00,5,0,0,1,0,https://www.espncricinfo.com/cricketers/ravi-bishnoi-1175441,scorecard
Khaleel Ahmed,4,0,39,1,9.75,8,3,2,0,0,https://www.espncricinfo.com/cricketers/khaleel-ahmed-942645,scorecard
Ishant Sharma,3,0,40,0,13.33,5,4,1,4,0,https://www.espncricinfo.com/cricketers/ishant-sharma-236779,scorecard
Jhye Richardson,4,0,40,0,10.00,8,2,3,1,0,https://www.espncricinfo.com/cricketers/jhye-richardson-774223,scorecard
Axar Patel,4,0,35,2,8.75,8,3,2,0,0,https://www.espncricinfo.com/cricketers/axar-patel-554691,scorecard
Lalit Yadav,1,0,15,0,15.00,1,3,0,0,0,https://www.espncricinfo.com/cricketers/lalit-yadav-930189,scorecard
Anrich Nortje,4,0,65,2,16.25,7,4,6,3,1,https://www.espncricinfo.com/cricketers/anrich-nortje-481979,scorecard
Gerald Coetzee,4,0,34,4,8.50,11,3,2,0,0,https://www.espncricinfo.com/cricketers/gerald-coetzee-596010,scorecard
Jasprit Bumrah,4,0,22,2,5.50,11,3,0,0,0,https://www.espncricinfo.com/cricketers/jasprit-bumrah-625383,scorecard
Akash Madhwal,4,0,45,0,11.25,9,7,1,0,1,https://www.espncricinfo.com/cricketers/akash-madhwal-1206039,scorecard
Romario Shepherd,4,0,54,1,13.50,4,3,4,1,0,https://www.espncricinfo.com/cricketers/romario-shepherd-677077,scorecard
Mohammad Nabi,2,0,17,0,8.50,1,0,1,0,0,https://www.espncricinfo.com/cricketers/mohammad-nabi-25913,scorecard
Piyush Chawla,2,0,32,0,16.00,2,2,3,0,0,https://www.espncricinfo.com/cricketers/piyush-chawla-32966,scorecard
Trent Boult,3,0,30,0,10.00,5,2,2,1,0,https://www.espncricinfo.com/cricketers/trent-boult-277912,scorecard
Nandre Burger,4,0,33,1,8.25,11,3,1,2,0,https://www.espncricinfo.com/cricketers/nandre-burger-971349,scorecard
Ravichandran Ashwin,4,0,28,0,7.00,5,0,1,1,0,https://www.espncricinfo.com/cricketers/ravichandran-ashwin-26421,scorecard
Avesh Khan,4,0,46,0,11.50,3,8,0,0,0,https://www.espncricinfo.com/cricketers/avesh-khan-694211,scorecard
Yuzvendra Chahal,4,0,34,2,8.50,8,1,2,1,0,https://www.espncricinfo.com/cricketers/yuzvendra-chahal-430246,scorecard
Riyan Parag,1,0,10,0,10.00,1,0,1,0,0,https://www.espncricinfo.com/cricketers/riyan-parag-1079434,scorecard
Reece Topley,4,0,27,2,6.75,9,3,0,1,0,https://www.espncricinfo.com/cricketers/reece-topley-461632,scorecard
Yash Dayal,4,0,37,1,9.25,10,5,1,0,0,https://www.espncricinfo.com/cricketers/yash-dayal-1159720,scorecard
Mohammed Siraj,4,0,35,1,8.75,5,3,1,1,0,https://www.espncricinfo.com/cricketers/mohammed-siraj-940973,scorecard
Mayank Dagar,2,0,34,0,17.00,4,5,2,0,0,https://www.espncricinfo.com/cricketers/mayank-dagar-942367,scorecard
Cameron Green,3.1,0,27,0,8.52,5,1,1,1,0,https://www.espncricinfo.com/cricketers/cameron-green-1076713,scorecard
Himanshu Sharma,2,0,29,0,14.50,0,3,1,0,0,https://www.espncricinfo.com/cricketers/himanshu-sharma-1350761,scorecard
Abhishek Sharma,1,0,7,0,7.00,2,1,0,0,0,https://www.espncricinfo.com/cricketers/abhishek-sharma-1070183,scorecard
Bhuvneshwar Kumar,4,0,28,1,7.00,11,3,1,0,0,https://www.espncricinfo.com/cricketers/bhuvneshwar-kumar-326016,scorecard
T Natarajan,4,0,39,1,9.75,6,3,2,0,0,https://www.espncricinfo.com/cricketers/t-natarajan-802575,scorecard
Pat Cummins,4,0,29,1,7.25,9,2,1,0,0,https://www.espncricinfo.com/cricketers/pat-cummins-489889,scorecard
Mayank Markande,2,0,21,0,10.50,0,1,1,0,0,https://www.espncricinfo.com/cricketers/mayank-markande-1081442,scorecard
Shahbaz Ahmed,1,0,11,1,11.00,3,1,1,0,0,https://www.espncricinfo.com/cricketers/shahbaz-ahmed-1159711,scorecard
Jaydev Unadkat,4,0,29,1,7.25,8,3,0,1,0,https://www.espncricinfo.com/cricketers/jaydev-unadkat-390484,scorecard
Deepak Chahar,3.1,0,32,1,10.10,9,2,3,0,0,https://www.espncricinfo.com/cricketers/deepak-chahar-447261,scorecard
Mukesh Choudhary,1,0,27,0,27.00,2,2,3,0,1,https://www.espncricinfo.com/cricketers/mukesh-choudhary-1125688,scorecard
Maheesh Theekshana,4,0,27,1,6.75,9,3,0,0,0,https://www.espncricinfo.com/cricketers/maheesh-theekshana-1138316,scorecard
Tushar Deshpande,2,0,20,0,10.00,5,4,0,0,0,https://www.espncricinfo.com/cricketers/tushar-deshpande-822553,scorecard
Ravindra Jadeja,4,0,30,0,7.50,5,1,1,0,0,https://www.espncricinfo.com/cricketers/ravindra-jadeja-234675,scorecard
Moeen Ali,3,0,23,2,7.66,5,0,1,1,0,https://www.espncricinfo.com/cricketers/moeen-ali-8917,scorecard
Rachin Ravindra,1,0,3,0,3.00,3,0,0,0,0,https://www.espncricinfo.com/cricketers/rachin-ravindra-959767,scorecard
Harpreet Brar,4,0,33,1,8.25,10,3,1,0,0,https://www.espncricinfo.com/cricketers/harpreet-brar-1168641,scorecard
Arshdeep Singh,4,0,33,0,8.25,6,4,0,0,0,https://www.espncricinfo.com/cricketers/arshdeep-singh-1125976,scorecard
Kagiso Rabada,4,0,44,2,11.00,6,5,2,1,0,https://www.espncricinfo.com/cricketers/kagiso-rabada-550215,scorecard
Sam Curran,2,0,18,0,9.00,4,3,0,0,0,https://www.espncricinfo.com/cricketers/sam-curran-662973,scorecard
Harshal Patel,4,0,44,1,11.00,3,2,2,3,0,https://www.espncricinfo.com/cricketers/harshal-patel-390481,scorecard
Sikandar Raza,2,0,22,0,11.00,2,4,0,0,0,https://www.espncricinfo.com/cricketers/sikandar-raza-299572,scorecard
Azmatullah Omarzai,4,0,41,1,10.25,6,7,0,1,0,https://www.espncricinfo.com/cricketers/azmatullah-omarzai-819429,scorecard
Umesh Yadav,3,0,35,1,11.66,6,4,2,0,0,https://www.espncricinfo.com/cricketers/umesh-yadav-376116,scorecard
Rashid Khan,4,0,40,1,10.00,8,2,3,0,0,https://www.espncricinfo.com/cricketers/rashid-khan-793463,scorecard
Noor Ahmad,4,0,32,2,8.00,10,2,1,2,0,https://www.espncricinfo.com/cricketers/noor-ahmad-1182529,scorecard
Mohit Sharma,4,0,38,1,9.50,6,2,2,0,0,https://www.espncricinfo.com/cricketers/mohit-sharma-537119,scorecard
Darshan Nalkande,0.5,0,6,1,7.20,3,1,0,1,0,https://www.espncricinfo.com/cricketers/darshan-nalkande-1111917,scorecard
Khaleel Ahmed,4,0,43,1,10.75,12,3,2,6,1,https://www.espncricinfo.com/cricketers/khaleel-ahmed-942645,scorecard
Ishant Sharma,3,0,43,2,14.33,6,5,3,0,0,https://www.espncricinfo.com/cricketers/ishant-sharma-236779,scorecard
Anrich Nortje,4,0,59,3,14.75,6,5,4,2,0,https://www.espncricinfo.com/cricketers/anrich-nortje-481979,scorecard
Rasikh Salam,3,0,47,0,15.66,5,4,4,1,0,https://www.espncricinfo.com/cricketers/rasikh-salam-1161489,scorecard
Sumit Kumar,2,0,19,0,9.50,2,1,1,0,0,https://www.espncricinfo.com/cricketers/sumit-kumar-1159734,scorecard
Axar Patel,1,0,18,0,18.00,1,1,2,0,0,https://www.espncricinfo.com/cricketers/axar-patel-554691,scorecard
Mitchell Marsh,3,0,37,1,12.33,4,3,2,4,0,https://www.espncricinfo.com/cricketers/mitchell-marsh-272450,scorecard
Mitchell Starc,3,0,25,2,8.33,10,2,2,0,0,https://www.espncricinfo.com/cricketers/mitchell-starc-311592,scorecard
Vaibhav Arora,4,0,27,3,6.75,13,4,0,3,0,https://www.espncricinfo.com/cricketers/vaibhav-arora-1209292,scorecard
Andre Russell,1.2,0,14,1,10.50,4,0,2,0,0,https://www.espncricinfo.com/cricketers/andre-russell-276298,scorecard
Sunil Narine,4,0,29,1,7.25,12,0,3,0,0,https://www.espncricinfo.com/cricketers/sunil-narine-230558,scorecard
Varun Chakravarthy,4,0,33,3,8.25,10,2,2,2,1,https://www.espncricinfo.com/cricketers/varun-chakravarthy-1108375,scorecard
Venkatesh Iyer,1,0,28,0,28.00,0,4,2,0,0,https://www.espncricinfo.com/cricketers/venkatesh-iyer-851403,scorecard
Reece Topley,4,0,39,1,9.75,11,3,3,1,0,https://www.espncricinfo.com/cricketers/reece-topley-461632,scorecard
Yash Dayal,4,0,24,1,6.00,12,2,1,0,0,https://www.espncricinfo.com/cricketers/yash-dayal-1159720,scorecard
Mohammed Siraj,4,0,47,1,11.75,11,2,5,3,0,https://www.espncricinfo.com/cricketers/mohammed-siraj-940973,scorecard
Glenn Maxwell,4,0,23,2,5.75,12,0,2,1,0,https://www.espncricinfo.com/cricketers/glenn-maxwell-325026,scorecard
Mayank Dagar,2,0,23,0,11.50,2,1,1,1,0,https://www.espncricinfo.com/cricketers/mayank-dagar-942367,scorecard
Cameron Green,2,0,25,0,12.50,3,2,2,0,0,https://www.espncricinfo.com/cricketers/cameron-green-1076713,scorecard
Manimaran Siddharth,3,0,21,1,7.00,7,3,0,0,0,https://www.espncricinfo.com/cricketers/manimaran-siddharth-1151286,scorecard
Krunal Pandya,1,0,10,0,10.00,0,1,0,0,0,https://www.espncricinfo.com/cricketers/krunal-pandya-471342,scorecard
Naveen-ul-Haq,3.4,0,25,2,6.81,14,2,2,1,0,https://www.espncricinfo.com/cricketers/naveen-ul-haq-793447,scorecard
Mayank Yadav,4,0,14,3,3.50,17,2,0,0,0,https://www.espncricinfo.com/cricketers/mayank-yadav-1292563,scorecard
Ravi Bishnoi,3,0,33,0,11.00,6,1,3,2,0,https://www.espncricinfo.com/cricketers/ravi-bishnoi-1175441,scorecard
Yash Thakur,4,0,38,1,9.50,7,2,3,0,0,https://www.espncricinfo.com/cricketers/yash-thakur-1070196,scorecard
Marcus Stoinis,1,0,9,1,9.00,3,0,0,1,0,https://www.espncricinfo.com/cricketers/marcus-stoinis-325012,scorecard
Trent Boult,4,0,22,3,5.50,14,1,1,1,0,https://www.espncricinfo.com/cricketers/trent-boult-277912,scorecard
Nandre Burger,4,0,32,2,8.00,15,5,1,1,0,https://www.espncricinfo.com/cricketers/nandre-burger-971349,scorecard
Avesh Khan,4,0,30,1,7.50,10,2,1,1,0,https://www.espncricinfo.com/cricketers/avesh-khan-694211,scorecard
Yuzvendra Chahal,4,0,11,3,2.75,16,1,0,0,0,https://www.espncricinfo.com/cricketers/yuzvendra-chahal-430246,scorecard
Ravichandran Ashwin,4,0,27,0,6.75,6,1,0,1,0,https://www.espncricinfo.com/cricketers/ravichandran-ashwin-26421,scorecard
Kwena Maphaka,2,0,23,1,11.50,5,5,0,0,0,https://www.espncricinfo.com/cricketers/kwena-maphaka-1294342,scorecard
Jasprit Bumrah,4,0,26,0,6.50,16,3,0,5,0,https://www.espncricinfo.com/cricketers/jasprit-bumrah-625383,scorecard
Akash Madhwal,4,0,20,3,5.00,9,1,0,1,0,https://www.espncricinfo.com/cricketers/akash-madhwal-1206039,scorecard
Gerald Coetzee,2.3,0,36,0,14.40,5,5,2,0,0,https://www.espncricinfo.com/cricketers/gerald-coetzee-596010,scorecard
Piyush Chawla,3,0,18,0,6.00,6,0,1,0,0,https://www.espncricinfo.com/cricketers/piyush-chawla-32966,scorecard
Deepak Chahar,4,0,42,0,10.50,9,3,3,0,0,https://www.espncricinfo.com/cricketers/deepak-chahar-447261,scorecard
Tushar Deshpande,4,0,24,0,6.00,12,3,0,2,0,https://www.espncricinfo.com/cricketers/tushar-deshpande-822553,scorecard
Mustafizur Rahman,4,0,47,1,11.75,5,6,1,1,2,https://www.espncricinfo.com/cricketers/mustafizur-rahman-330902,scorecard
Ravindra Jadeja,4,0,43,1,10.75,5,1,4,0,0,https://www.espncricinfo.com/cricketers/ravindra-jadeja-234675,scorecard
Matheesha Pathirana,4,0,31,3,7.75,10,3,1,2,0,https://www.espncricinfo.com/cricketers/matheesha-pathirana-1194795,scorecard
Khaleel Ahmed,4,1,21,2,5.25,15,1,1,4,0,https://www.espncricinfo.com/cricketers/khaleel-ahmed-942645,scorecard
Ishant Sharma,3,0,23,0,7.66,7,3,0,1,1,https://www.espncricinfo.com/cricketers/ishant-sharma-236779,scorecard
Anrich Nortje,4,0,43,0,10.75,7,3,3,1,0,https://www.espncricinfo.com/cricketers/anrich-nortje-481979,scorecard
Axar Patel,3,0,20,1,6.66,5,0,1,0,0,https://www.espncricinfo.com/cricketers/axar-patel-554691,scorecard
Rasikh Salam,2,0,25,0,12.50,2,1,2,0,0,https://www.espncricinfo.com/cricketers/rasikh-salam-1161489,scorecard
Mitchell Marsh,1,0,14,0,14.00,0,2,0,1,0,https://www.espncricinfo.com/cricketers/mitchell-marsh-272450,scorecard
Mukesh Kumar,3,0,21,3,7.00,8,3,0,1,0,https://www.espncricinfo.com/cricketers/mukesh-kumar-926851,scorecard
Azmatullah Omarzai,3,0,24,1,8.00,9,4,0,1,0,https://www.espncricinfo.com/cricketers/azmatullah-omarzai-819429,scorecard
Umesh Yadav,3,0,28,1,9.33,8,5,0,0,0,https://www.espncricinfo.com/cricketers/umesh-yadav-376116,scorecard
Rashid Khan,4,0,33,1,8.25,7,1,2,0,0,https://www.espncricinfo.com/cricketers/rashid-khan-793463,scorecard
Noor Ahmad,4,0,32,1,8.00,10,2,2,0,0,https://www.espncricinfo.com/cricketers/noor-ahmad-1182529,scorecard
Mohit Sharma,4,0,25,3,6.25,6,0,1,0,0,https://www.espncricinfo.com/cricketers/mohit-sharma-537119,scorecard
Darshan Nalkande,2,0,18,0,9.00,2,0,1,1,0,https://www.espncricinfo.com/cricketers/darshan-nalkande-1111917,scorecard
Bhuvneshwar Kumar,4,0,27,0,6.75,9,3,0,1,0,https://www.espncricinfo.com/cricketers/bhuvneshwar-kumar-326016,scorecard
Shahbaz Ahmed,2,0,20,1,10.00,2,0,2,0,0,https://www.espncricinfo.com/cricketers/shahbaz-ahmed-1159711,scorecard
Jaydev Unadkat,3.1,0,33,0,10.42,5,3,2,0,0,https://www.espncricinfo.com/cricketers/jaydev-unadkat-390484,scorecard
Washington Sundar,3,0,27,0,9.00,1,2,0,0,0,https://www.espncricinfo.com/cricketers/washington-sundar-719715,scorecard
Mayank Markande,3,0,33,1,11.00,4,2,2,2,0,https://www.espncricinfo.com/cricketers/mayank-markande-1081442,scorecard
Pat Cummins,4,0,28,1,7.00,7,3,0,1,0,https://www.espncricinfo.com/cricketers/pat-cummins-489889,scorecard
Sam Curran,4,0,28,3,7.00,10,2,1,0,0,https://www.espncricinfo.com/cricketers/sam-curran-662973,scorecard
Arshdeep Singh,3,0,30,2,10.00,5,3,1,1,0,https://www.espncricinfo.com/cricketers/arshdeep-singh-1125976,scorecard
Kagiso Rabada,4,0,38,1,9.50,10,4,2,0,0,https://www.espncricinfo.com/cricketers/kagiso-rabada-550215,scorecard
Rahul Chahar,3,0,42,1,14.00,1,1,4,0,0,https://www.espncricinfo.com/cricketers/rahul-chahar-1064812,scorecard
Harpreet Brar,2,0,14,0,7.00,4,0,1,0,0,https://www.espncricinfo.com/cricketers/harpreet-brar-1168641,scorecard
Harshal Patel,4,0,45,0,11.25,6,5,1,4,0,https://www.espncricinfo.com/cricketers/harshal-patel-390481,scorecard
Manimaran Siddharth,2,0,21,0,10.50,5,3,1,0,0,https://www.espncricinfo.com/cricketers/manimaran-siddharth-1151286,scorecard
Naveen-ul-Haq,4,0,43,0,10.75,5,4,2,1,0,https://www.espncricinfo.com/cricketers/naveen-ul-haq-793447,scorecard
Mohsin Khan,4,0,34,2,8.50,10,3,2,1,0,https://www.espncricinfo.com/cricketers/mohsin-khan-1132005,scorecard
Krunal Pandya,3,0,26,0,8.66,5,1,2,0,0,https://www.espncricinfo.com/cricketers/krunal-pandya-471342,scorecard
Ravi Bishnoi,3,0,25,0,8.33,7,1,2,0,0,https://www.espncricinfo.com/cricketers/ravi-bishnoi-1175441,scorecard
Mayank Yadav,4,0,27,3,6.75,12,3,1,0,0,https://www.espncricinfo.com/cricketers/mayank-yadav-1292563,scorecard
Mitchell Starc,4,0,47,0,11.75,7,4,3,1,0,https://www.espncricinfo.com/cricketers/mitchell-starc-311592,scorecard
Harshit Rana,4,0,39,2,9.75,6,2,2,1,0,https://www.espncricinfo.com/cricketers/harshit-rana-1312645,scorecard
Anukul Roy,2,0,6,0,3.00,7,0,0,0,0,https://www.espncricinfo.com/cricketers/anukul-roy-1079839,scorecard
Sunil Narine,4,0,40,1,10.00,6,3,2,0,0,https://www.espncricinfo.com/cricketers/sunil-narine-230558,scorecard
Andre Russell,4,0,29,2,7.25,12,0,3,1,0,https://www.espncricinfo.com/cricketers/andre-russell-276298,scorecard
Varun Chakravarthy,2,0,20,0,10.00,3,2,1,0,0,https://www.espncricinfo.com/cricketers/varun-chakravarthy-1108375,scorecard
Mohammed Siraj,3,0,46,0,15.33,3,1,5,2,0,https://www.espncricinfo.com/cricketers/mohammed-siraj-940973,scorecard
Yash Dayal,4,0,46,1,11.50,8,4,2,2,0,https://www.espncricinfo.com/cricketers/yash-dayal-1159720,scorecard
Alzarri Joseph,2,0,34,0,17.00,5,2,4,0,0,https://www.espncricinfo.com/cricketers/alzarri-joseph-670031,scorecard
Mayank Dagar,2.5,0,23,1,8.11,6,0,2,0,0,https://www.espncricinfo.com/cricketers/mayank-dagar-942367,scorecard
Vijaykumar Vyshak,4,0,23,1,5.75,6,1,0,0,0,https://www.espncricinfo.com/cricketers/vijaykumar-vyshak-777815,scorecard
Cameron Green,1,0,7,0,7.00,2,1,0,0,0,https://www.espncricinfo.com/cricketers/cameron-green-1076713,scorecard
Khaleel Ahmed,4,0,24,1,6.00,14,2,1,2,0,https://www.espncricinfo.com/cricketers/khaleel-ahmed-942645,scorecard
Mukesh Kumar,4,0,49,1,12.25,8,7,2,1,0,https://www.espncricinfo.com/cricketers/mukesh-kumar-926851,scorecard
Anrich Nortje,4,0,48,1,12.00,8,4,4,0,0,https://www.espncricinfo.com/cricketers/anrich-nortje-481979,scorecard
Axar Patel,4,0,21,1,5.25,6,1,0,0,0,https://www.espncricinfo.com/cricketers/axar-patel-554691,scorecard
Kuldeep Yadav,4,0,41,1,10.25,5,1,3,2,0,https://www.espncricinfo.com/cricketers/kuldeep-yadav-559235,scorecard
Trent Boult,3,0,29,0,9.66,8,3,2,0,0,https://www.espncricinfo.com/cricketers/trent-boult-277912,scorecard
Nandre Burger,3,0,29,2,9.66,9,5,1,0,0,https://www.espncricinfo.com/cricketers/nandre-burger-971349,scorecard
Ravichandran Ashwin,3,0,30,0,10.00,4,1,2,1,0,https://www.espncricinfo.com/cricketers/ravichandran-ashwin-26421,scorecard
Avesh Khan,4,0,29,1,7.25,8,4,0,1,0,https://www.espncricinfo.com/cricketers/avesh-khan-694211,scorecard
Yuzvendra Chahal,3,0,19,2,6.33,7,0,1,0,0,https://www.espncricinfo.com/cricketers/yuzvendra-chahal-430246,scorecard
Sandeep Sharma,4,0,36,0,9.00,3,2,1,2,0,https://www.espncricinfo.com/cricketers/sandeep-sharma-438362,scorecard
Kwena Maphaka,4,0,66,0,16.50,7,7,5,3,0,https://www.espncricinfo.com/cricketers/kwena-maphaka-1294342,scorecard
Hardik Pandya,4,0,46,1,11.50,5,5,2,0,0,https://www.espncricinfo.com/cricketers/hardik-pandya-625371,scorecard
Jasprit Bumrah,4,0,36,0,9.00,4,2,1,1,1,https://www.espncricinfo.com/cricketers/jasprit-bumrah-625383,scorecard
Gerald Coetzee,4,0,57,1,14.25,3,4,3,2,1,https://www.espncricinfo.com/cricketers/gerald-coetzee-596010,scorecard
Piyush Chawla,2,0,34,1,17.00,1,0,4,0,0,https://www.espncricinfo.com/cricketers/piyush-chawla-32966,scorecard
Shams Mulani,2,0,33,0,16.50,1,1,3,2,0,https://www.espncricinfo.com/cricketers/shams-mulani-1131607,scorecard
Bhuvneshwar Kumar,4,0,53,0,13.25,7,3,5,0,0,https://www.espncricinfo.com/cricketers/bhuvneshwar-kumar-326016,scorecard
Jaydev Unadkat,4,0,47,2,11.75,6,4,3,2,0,https://www.espncricinfo.com/cricketers/jaydev-unadkat-390484,scorecard
Shahbaz Ahmed,3,0,39,1,13.00,5,1,4,0,0,https://www.espncricinfo.com/cricketers/shahbaz-ahmed-1159711,scorecard
Pat Cummins,4,0,35,2,8.75,7,1,2,1,0,https://www.espncricinfo.com/cricketers/pat-cummins-489889,scorecard
Umran Malik,1,0,15,0,15.00,2,0,2,1,0,https://www.espncricinfo.com/cricketers/umran-malik-1246528,scorecard
Mayank Markande,4,0,52,0,13.00,5,3,4,1,1,https://www.espncricinfo.com/cricketers/mayank-markande-1081442,scorecard
Azmatullah Omarzai,3,0,30,0,10.00,7,4,1,1,0,https://www.espncricinfo.com/cricketers/azmatullah-omarzai-819429,scorecard
Umesh Yadav,2,0,27,0,13.50,5,3,2,1,0,https://www.espncricinfo.com/cricketers/umesh-yadav-376116,scorecard
Rashid Khan,4,0,49,2,12.25,4,4,3,0,0,https://www.espncricinfo.com/cricketers/rashid-khan-793463,scorecard
Sai Kishore,3,0,28,1,9.33,6,0,2,2,0,https://www.espncricinfo.com/cricketers/sai-kishore-1048739,scorecard
Spencer Johnson,4,0,35,1,8.75,8,3,2,0,0,https://www.espncricinfo.com/cricketers/spencer-johnson-1123718,scorecard
Mohit Sharma,4,0,36,1,9.00,4,2,1,1,0,https://www.espncricinfo.com/cricketers/mohit-sharma-537119,scorecard
Deepak Chahar,4,0,28,2,7.00,11,2,1,3,0,https://www.espncricinfo.com/cricketers/deepak-chahar-447261,scorecard
Mustafizur Rahman,4,0,30,2,7.50,10,5,0,0,0,https://www.espncricinfo.com/cricketers/mustafizur-rahman-330902,scorecard
Tushar Deshpande,4,0,21,2,5.25,12,1,1,0,0,https://www.espncricinfo.com/cricketers/tushar-deshpande-822553,scorecard
Ravindra Jadeja,2,0,15,0,7.50,2,1,0,0,0,https://www.espncricinfo.com/cricketers/ravindra-jadeja-234675,scorecard
Daryl Mitchell,2,0,18,1,9.00,2,2,0,1,0,https://www.espncricinfo.com/cricketers/daryl-mitchell-381743,scorecard
Matheesha Pathirana,4,0,29,1,7.25,13,2,1,4,0,https://www.espncricinfo.com/cricketers/matheesha-pathirana-1194795,scorecard
Mohammed Siraj,4,0,26,2,6.50,12,4,0,0,0,https://www.espncricinfo.com/cricketers/mohammed-siraj-940973,scorecard
Yash Dayal,4,0,23,1,5.75,13,3,0,2,0,https://www.espncricinfo.com/cricketers/yash-dayal-1159720,scorecard
Alzarri Joseph,4,0,43,1,10.75,8,4,2,2,0,https://www.espncricinfo.com/cricketers/alzarri-joseph-670031,scorecard
Cameron Green,2,0,19,0,9.50,3,1,1,1,0,https://www.espncricinfo.com/cricketers/cameron-green-1076713,scorecard
Mayank Dagar,3,0,34,0,11.33,4,1,3,0,0,https://www.espncricinfo.com/cricketers/mayank-dagar-942367,scorecard
Glenn Maxwell,3,0,29,2,9.66,6,2,2,0,0,https://www.espncricinfo.com/cricketers/glenn-maxwell-325026,scorecard
Sam Curran,3,0,30,1,10.00,7,6,0,0,0,https://www.espncricinfo.com/cricketers/sam-curran-662973,scorecard
Arshdeep Singh,3.2,0,40,0,12.00,9,5,2,3,0,https://www.espncricinfo.com/cricketers/arshdeep-singh-1125976,scorecard
Kagiso Rabada,4,0,23,2,5.75,13,3,0,1,0,https://www.espncricinfo.com/cricketers/kagiso-rabada-550215,scorecard
Harpreet Brar,4,0,13,2,3.25,12,0,0,0,0,https://www.espncricinfo.com/cricketers/harpreet-brar-1168641,scorecard
Harshal Patel,4,0,45,1,11.25,6,4,2,3,0,https://www.espncricinfo.com/cricketers/harshal-patel-390481,scorecard
Rahul Chahar,1,0,16,0,16.00,1,0,2,0,0,https://www.espncricinfo.com/cricketers/rahul-chahar-1064812,scorecard
Hardik Pandya,3,0,30,0,10.00,5,5,0,0,0,https://www.espncricinfo.com/cricketers/hardik-pandya-625371,scorecard
Luke Wood,2,0,25,0,12.50,4,3,1,1,1,https://www.espncricinfo.com/cricketers/luke-wood-573170,scorecard
Jasprit Bumrah,4,0,14,3,3.50,14,1,0,0,0,https://www.espncricinfo.com/cricketers/jasprit-bumrah-625383,scorecard
Shams Mulani,3,0,24,0,8.00,6,1,1,1,0,https://www.espncricinfo.com/cricketers/shams-mulani-1131607,scorecard
Piyush Chawla,3,0,31,1,10.33,4,0,2,1,0,https://www.espncricinfo.com/cricketers/piyush-chawla-32966,scorecard
Naman Dhir,1,0,13,0,13.00,0,2,0,0,0,https://www.espncricinfo.com/cricketers/naman-dhir-1287032,scorecard
Gerald Coetzee,4,0,27,2,6.75,7,2,0,0,0,https://www.espncricinfo.com/cricketers/gerald-coetzee-596010,scorecard
Azmatullah Omarzai,3,0,27,2,9.00,10,4,1,2,0,https://www.espncricinfo.com/cricketers/azmatullah-omarzai-819429,scorecard
Umesh Yadav,3,0,31,2,10.33,9,4,2,0,0,https://www.espncricinfo.com/cricketers/umesh-yadav-376116,scorecard
Rashid Khan,4,0,23,0,5.75,11,1,1,0,0,https://www.espncricinfo.com/cricketers/rashid-khan-793463,scorecard
Sai Kishore,4,0,24,1,6.00,9,1,1,0,0,https://www.espncricinfo.com/cricketers/sai-kishore-1048739,scorecard
Spencer Johnson,2,0,25,2,12.50,3,2,2,0,0,https://www.espncricinfo.com/cricketers/spencer-johnson-1123718,scorecard
Mohit Sharma,4,0,32,2,8.00,7,3,0,1,0,https://www.espncricinfo.com/cricketers/mohit-sharma-537119,scorecard
Mohsin Khan,4,0,45,1,11.25,8,4,3,1,0,https://www.espncricinfo.com/cricketers/mohsin-khan-1132005,scorecard
Naveen-ul-Haq,4,0,41,2,10.25,8,4,1,4,0,https://www.espncricinfo.com/cricketers/naveen-ul-haq-793447,scorecard
Krunal Pandya,4,0,19,0,4.75,6,0,0,0,0,https://www.espncricinfo.com/cricketers/krunal-pandya-471342,scorecard
Ravi Bishnoi,4,0,38,1,9.50,5,1,3,0,0,https://www.espncricinfo.com/cricketers/ravi-bishnoi-1175441,scorecard
Yash Thakur,3,0,43,0,14.33,3,1,4,1,1,https://www.espncricinfo.com/cricketers/yash-thakur-1070196,scorecard
Ayush Badoni,1,0,6,0,6.00,1,0,0,0,0,https://www.espncricinfo.com/cricketers/ayush-badoni-1151270,scorecard
Trent Boult,4,0,35,2,8.75,12,4,2,0,0,https://www.espncricinfo.com/cricketers/trent-boult-277912,scorecard
Nandre Burger,3,0,30,1,10.00,8,3,2,0,0,https://www.espncricinfo.com/cricketers/nandre-burger-971349,scorecard
Ravichandran Ashwin,4,0,35,1,8.75,4,1,1,1,0,https://www.espncricinfo.com/cricketers/ravichandran-ashwin-26421,scorecard
Avesh Khan,3,0,21,0,7.00,4,0,1,1,0,https://www.espncricinfo.com/cricketers/avesh-khan-694211,scorecard
Yuzvendra Chahal,3,0,25,1,8.33,6,0,2,1,0,https://www.espncricinfo.com/cricketers/yuzvendra-chahal-430246,scorecard
Sandeep Sharma,3,0,22,1,7.33,6,3,0,1,0,https://www.espncricinfo.com/cricketers/sandeep-sharma-438362,scorecard
Bhuvneshwar Kumar,4,0,51,0,12.75,7,4,3,2,1,https://www.espncricinfo.com/cricketers/bhuvneshwar-kumar-326016,scorecard
Marco Jansen,3,0,40,0,13.33,5,1,4,1,0,https://www.espncricinfo.com/cricketers/marco-jansen-696401,scorecard
T Natarajan,4,0,32,3,8.00,9,3,1,3,0,https://www.espncricinfo.com/cricketers/t-natarajan-802575,scorecard
Pat Cummins,4,0,32,1,8.00,8,3,1,0,0,https://www.espncricinfo.com/cricketers/pat-cummins-489889,scorecard
Mayank Markande,4,0,39,2,9.75,10,1,4,0,0,https://www.espncricinfo.com/cricketers/mayank-markande-1081442,scorecard
Shahbaz Ahmed,1,0,14,0,14.00,2,1,1,0,1,https://www.espncricinfo.com/cricketers/shahbaz-ahmed-1159711,scorecard
Mitchell Starc,4,0,53,0,13.25,8,3,4,2,0,https://www.espncricinfo.com/cricketers/mitchell-starc-311592,scorecard
Harshit Rana,4,0,33,3,8.25,12,3,2,0,0,https://www.espncricinfo.com/cricketers/harshit-rana-1312645,scorecard
Varun Chakravarthy,4,0,55,1,13.75,8,1,7,0,0,https://www.espncricinfo.com/cricketers/varun-chakravarthy-1108375,scorecard
Sunil Narine,4,0,19,1,4.75,8,0,0,0,0,https://www.espncricinfo.com/cricketers/sunil-narine-230558,scorecard
Andre Russell,2,0,25,2,12.50,4,4,1,0,0,https://www.espncricinfo.com/cricketers/andre-russell-276298,scorecard
Suyash Sharma,2,0,18,0,9.00,3,1,1,0,0,https://www.espncricinfo.com/cricketers/suyash-sharma-1350792,scorecard
Sam Curran,1,0,10,0,10.00,3,2,0,1,0,https://www.espncricinfo.com/cricketers/sam-curran-662973,scorecard
Arshdeep Singh,4,0,28,2,7.00,15,2,2,2,0,https://www.espncricinfo.com/cricketers/arshdeep-singh-1125976,scorecard
Kagiso Rabada,4,0,36,1,9.00,12,1,4,1,0,https://www.espncricinfo.com/cricketers/kagiso-rabada-550215,scorecard
Harpreet Brar,3,0,14,1,4.66,7,1,0,0,0,https://www.espncricinfo.com/cricketers/harpreet-brar-1168641,scorecard
Rahul Chahar,4,0,33,1,8.25,6,3,1,0,0,https://www.espncricinfo.com/cricketers/rahul-chahar-1064812,scorecard
Harshal Patel,4,0,47,2,11.75,7,6,2,0,0,https://www.espncricinfo.com/cricketers/harshal-patel-390481,scorecard
Khaleel Ahmed,4,0,43,2,10.75,7,8,0,0,0,https://www.espncricinfo.com/cricketers/khaleel-ahmed-942645,scorecard
Ishant Sharma,2,0,16,1,8.00,8,3,0,3,0,https://www.espncricinfo.com/cricketers/ishant-sharma-236779,scorecard
Mitchell Marsh,4,0,52,0,13.00,5,5,3,1,0,https://www.espncricinfo.com/cricketers/mitchell-marsh-272450,scorecard
Axar Patel,4,0,25,0,6.25,5,1,0,0,0,https://www.espncricinfo.com/cricketers/axar-patel-554691,scorecard
Kuldeep Yadav,4,0,20,2,5.00,7,1,0,0,0,https://www.espncricinfo.com/cricketers/kuldeep-yadav-559235,scorecard
Sumit Kumar,1.2,0,19,0,14.25,2,2,1,2,0,https://www.espncricinfo.com/cricketers/sumit-kumar-1159734,scorecard
Deepak Chahar,4,0,37,1,9.25,10,7,0,2,0,https://www.espncricinfo.com/cricketers/deepak-chahar-447261,scorecard
Tushar Deshpande,4,0,47,0,11.75,10,4,3,5,0,https://www.espncricinfo.com/cricketers/tushar-deshpande-822553,scorecard
Maheesh Theekshana,4,0,36,0,9.00,4,1,2,0,0,https://www.espncricinfo.com/cricketers/maheesh-theekshana-1138316,scorecard
Mustafizur Rahman,4,0,29,4,7.25,12,3,1,2,0,https://www.espncricinfo.com/cricketers/mustafizur-rahman-330902,scorecard
Ravindra Jadeja,4,0,21,0,5.25,8,1,0,0,0,https://www.espncricinfo.com/cricketers/ravindra-jadeja-234675,scorecard
Mohammed Siraj,4,0,38,0,9.50,9,5,1,1,0,https://www.espncricinfo.com/cricketers/mohammed-siraj-940973,scorecard
Yash Dayal,3,0,28,1,9.33,8,3,1,0,0,https://www.espncricinfo.com/cricketers/yash-dayal-1159720,scorecard
Alzarri Joseph,3.4,0,38,0,10.36,5,1,2,4,0,https://www.espncricinfo.com/cricketers/alzarri-joseph-670031,scorecard
Karn Sharma,2,0,24,1,12.00,4,0,3,0,0,https://www.espncricinfo.com/cricketers/karn-sharma-30288,scorecard
Mayank Dagar,2,0,6,0,3.00,6,0,0,0,0,https://www.espncricinfo.com/cricketers/mayank-dagar-942367,scorecard
Cameron Green,3,0,27,2,9.00,5,1,1,3,0,https://www.espncricinfo.com/cricketers/cameron-green-1076713,scorecard
Glenn Maxwell,1,0,7,0,7.00,4,0,1,0,0,https://www.espncricinfo.com/cricketers/glenn-maxwell-325026,scorecard
