Player,Bowler Link,Span,Mat,Inns,Balls,Mdns,Runs,Wkts,BBI,Ave,Econ,SR,5,10,Ct,St
PW Hasaranga,https://www.espncricinfo.com/cricketers/wanindu-hasaranga-784379,2022-2022,8,8,186,1,199,15,3/8,13.26,6.41,12.4,-,-,3,-
Aayan Afzal Khan,https://www.espncricinfo.com/cricketers/aayan-afzal-khan-1241265,2022-2022,3,3,48,-,38,2,1/15,19.00,4.75,24.0,-,-,-,-
CN Ackermann,https://www.espncricinfo.com/cricketers/colin-ackermann-379774,2022-2022,8,3,42,-,37,1,1/17,37.00,5.28,42.0,-,-,2,-
MR Adair,https://www.espncricinfo.com/cricketers/mark-adair-526441,2022-2022,7,7,144,-,212,4,2/39,53.00,8.83,36.0,-,-,7,-
Afif Hossain,https://www.espncricinfo.com/cricketers/afif-hossain-935995,2022-2022,5,1,6,-,11,1,1/11,11.00,11.00,6.0,-,-,2,-
AC Agar,https://www.espncricinfo.com/cricketers/ashton-agar-505120,2022-2022,1,1,24,-,25,1,1/25,25.00,6.25,24.0,-,-,-,-
Ahmed Raza,https://www.espncricinfo.com/cricketers/ahmed-raza-245490,2022-2022,1,1,6,-,9,-,-,0.00,9.00,-,-,-,1,-
MM Ali,https://www.espncricinfo.com/cricketers/moeen-ali-8917,2022-2022,6,2,12,-,9,-,-,0.00,4.50,-,-,-,1,-
FH Allen,https://www.espncricinfo.com/cricketers/finn-allen-959759,2022-2022,5,-,0,-,-,-,-,0.00,-,-,-,-,5,-
V Aravind,https://www.espncricinfo.com/cricketers/vriitya-aravind-1178586,2022-2022,3,-,0,-,-,-,-,0.00,-,-,-,-,1,-
Arshdeep Singh,https://www.espncricinfo.com/cricketers/arshdeep-singh-1125976,2022-2022,6,6,120,-,156,10,3/32,15.60,7.80,12.0,-,-,1,-
Aryan Lakra,https://www.espncricinfo.com/cricketers/aryan-lakra-1058989,2022-2022,1,1,18,-,24,1,1/24,24.00,8.00,18.0,-,-,-,-
KIC Asalanka,https://www.espncricinfo.com/cricketers/charith-asalanka-784367,2022-2022,7,1,6,-,8,-,-,0.00,8.00,-,-,-,1,-
R Ashwin,https://www.espncricinfo.com/cricketers/ravichandran-ashwin-26421,2022-2022,6,6,114,-,155,6,3/22,25.83,8.15,19.0,-,-,-,-
Asif Ali,https://www.espncricinfo.com/cricketers/asif-ali-494230,2022-2022,1,-,0,-,-,-,-,0.00,-,-,-,-,-,-
Azmatullah Omarzai,https://www.espncricinfo.com/cricketers/azmatullah-omarzai-819429,2022-2022,2,2,19,-,28,-,-,0.00,8.84,-,-,-,1,-
SJ Baard,https://www.espncricinfo.com/cricketers/stephan-baard-437927,2022-2022,3,-,0,-,-,-,-,0.00,-,-,-,-,1,-
Babar Azam,https://www.espncricinfo.com/cricketers/babar-azam-348144,2022-2022,7,-,0,-,-,-,-,0.00,-,-,-,-,3,-
A Balbirnie,https://www.espncricinfo.com/cricketers/andy-balbirnie-303423,2022-2022,7,-,0,-,-,-,-,0.00,-,-,-,-,-,-
KNA Bandara,https://www.espncricinfo.com/cricketers/ashen-bandara-958691,2022-2022,1,-,0,-,-,-,-,0.00,-,-,-,-,-,-
Basil Hameed,https://www.espncricinfo.com/cricketers/basil-hameed-1209110,2022-2022,3,3,30,-,37,3,2/17,12.33,7.40,10.0,-,-,2,-
T Bavuma,https://www.espncricinfo.com/cricketers/temba-bavuma-372116,2022-2022,5,-,0,-,-,-,-,0.00,-,-,-,-,2,-
RD Berrington,https://www.espncricinfo.com/cricketers/richie-berrington-25490,2022-2022,3,-,0,-,-,-,-,0.00,-,-,-,-,-,-
TA Boult,https://www.espncricinfo.com/cricketers/trent-boult-277912,2022-2022,5,5,120,-,148,8,4/13,18.50,7.40,15.0,-,-,2,-
HC Brook,https://www.espncricinfo.com/cricketers/harry-brook-911707,2022-2022,6,-,0,-,-,-,-,0.00,-,-,-,-,-,-
SSJ Brooks,https://www.espncricinfo.com/cricketers/shamarh-brooks-230555,2022-2022,2,-,0,-,-,-,-,0.00,-,-,-,-,2,-
RP Burl,https://www.espncricinfo.com/cricketers/ryan-burl-495964,2022-2022,8,3,30,-,48,-,-,0.00,9.60,-,-,-,4,-
JC Buttler,https://www.espncricinfo.com/cricketers/jos-buttler-308967,2022-2022,6,-,0,-,-,-,-,0.00,-,-,-,-,9,-
C Campher,https://www.espncricinfo.com/cricketers/curtis-campher-595921,2022-2022,7,4,48,-,74,2,2/9,37.00,9.25,24.0,-,-,1,-
RW Chakabva,https://www.espncricinfo.com/cricketers/regis-chakabva-293831,2022-2022,8,-,0,-,-,-,-,0.00,-,-,-,-,4,1
PVD Chameera,https://www.espncricinfo.com/cricketers/dushmantha-chameera-552152,2022-2022,2,2,47,-,54,4,3/15,13.50,6.89,11.7,-,-,-,-
MS Chapman,https://www.espncricinfo.com/cricketers/mark-chapman-438563,2022-2022,1,-,0,-,-,-,-,0.00,-,-,-,-,-,-
J Charles,https://www.espncricinfo.com/cricketers/johnson-charles-333066,2022-2022,2,-,0,-,-,-,-,0.00,-,-,-,-,-,-
TL Chatara,https://www.espncricinfo.com/cricketers/tendai-chatara-425639,2022-2022,7,7,138,1,155,4,2/14,38.75,6.73,34.5,-,-,2,-
Chirag Suri,https://www.espncricinfo.com/cricketers/chirag-suri-534734,2022-2022,2,-,0,-,-,-,-,0.00,-,-,-,-,-,-
DP Conway,https://www.espncricinfo.com/cricketers/devon-conway-379140,2022-2022,5,-,0,-,-,-,-,0.00,-,-,-,-,4,2
TLW Cooper,https://www.espncricinfo.com/cricketers/tom-cooper-219885,2022-2022,8,-,0,-,-,-,-,0.00,-,-,-,-,2,-
MH Cross,https://www.espncricinfo.com/cricketers/matthew-cross-417268,2022-2022,3,-,0,-,-,-,-,0.00,-,-,-,-,3,-
PJ Cummins,https://www.espncricinfo.com/cricketers/pat-cummins-489889,2022-2022,4,4,96,-,132,3,2/28,44.00,8.25,32.0,-,-,3,-
SM Curran,https://www.espncricinfo.com/cricketers/sam-curran-662973,2022-2022,6,6,136,-,148,13,5/10,11.38,6.52,10.4,1,-,5,-
Darwish Rasooli,https://www.espncricinfo.com/cricketers/darwish-rasooli-819441,2022-2022,1,-,0,-,-,-,-,0.00,-,-,-,-,-,-
JH Davey,https://www.espncricinfo.com/cricketers/josh-davey-407265,2022-2022,3,3,60,-,96,3,2/16,32.00,9.60,20.0,-,-,1,-
TH David,https://www.espncricinfo.com/cricketers/tim-david-892749,2022-2022,3,-,0,-,-,-,-,0.00,-,-,-,-,-,-
Q de Kock,https://www.espncricinfo.com/cricketers/quinton-de-kock-379143,2022-2022,5,-,0,-,-,-,-,0.00,-,-,-,-,6,1
GJ Delany,https://www.espncricinfo.com/cricketers/gareth-delany-1099379,2022-2022,7,7,141,-,185,6,3/16,30.83,7.87,23.5,-,-,3,-
BFW de Leede,https://www.espncricinfo.com/cricketers/bas-de-leede-1036191,2022-2022,8,7,132,-,169,13,3/19,13.00,7.68,10.1,-,-,4,-
DM de Silva,https://www.espncricinfo.com/cricketers/dhananjaya-de-silva-465793,2022-2022,8,6,73,-,83,6,2/24,13.83,6.82,12.1,-,-,4,-
GH Dockrell,https://www.espncricinfo.com/cricketers/george-dockrell-348034,2022-2022,7,4,48,-,56,1,1/5,56.00,7.00,48.0,-,-,3,-
Ebadot Hossain,https://www.espncricinfo.com/cricketers/ebadot-hossain-932355,2022-2022,1,1,19,-,25,1,1/25,25.00,7.89,19.0,-,-,-,-
SA Edwards,https://www.espncricinfo.com/cricketers/scott-edwards-1127317,2022-2022,8,-,0,-,-,-,-,0.00,-,-,-,-,9,-
MG Erasmus,https://www.espncricinfo.com/cricketers/gerhard-erasmus-519070,2022-2022,3,2,24,-,21,-,-,0.00,5.25,-,-,-,2,-
CR Ervine,https://www.espncricinfo.com/cricketers/craig-ervine-55412,2022-2022,7,-,0,-,-,-,-,0.00,-,-,-,-,4,-
B Evans,https://www.espncricinfo.com/cricketers/brad-evans-696127,2022-2022,2,2,42,-,57,2,2/25,28.50,8.14,21.0,-,-,-,-
Fahad Nawaz,https://www.espncricinfo.com/cricketers/fahad-nawaz-1126002,2022-2022,1,-,0,-,-,-,-,0.00,-,-,-,-,-,-
Fakhar Zaman,https://www.espncricinfo.com/cricketers/fakhar-zaman-512191,2022-2022,1,-,0,-,-,-,-,0.00,-,-,-,-,-,-
Fareed Ahmad,https://www.espncricinfo.com/cricketers/fareed-ahmad-568136,2022-2022,2,2,24,-,48,1,1/23,48.00,12.00,24.0,-,-,-,-
Fazalhaq Farooqi,https://www.espncricinfo.com/cricketers/fazalhaq-farooqi-974175,2022-2022,3,3,69,1,75,3,2/29,25.00,6.52,23.0,-,-,1,-
LH Ferguson,https://www.espncricinfo.com/cricketers/lockie-ferguson-493773,2022-2022,5,5,114,-,159,7,3/22,22.71,8.36,16.2,-,-,1,-
B Fernando,https://www.espncricinfo.com/cricketers/binura-fernando-629080,2022-2022,3,3,53,-,65,2,1/27,32.50,7.35,26.5,-,-,-,-
AJ Finch,https://www.espncricinfo.com/cricketers/aaron-finch-5334,2022-2022,3,-,0,-,-,-,-,0.00,-,-,-,-,-,-
JN Frylinck,https://www.espncricinfo.com/cricketers/jan-frylinck-482478,2022-2022,3,3,66,1,72,3,2/26,24.00,6.54,22.0,-,-,-,-
BD Glover,https://www.espncricinfo.com/cricketers/brandon-glover-595419,2022-2022,3,3,53,1,60,7,3/9,8.57,6.79,7.5,-,-,1,-
CN Greaves,https://www.espncricinfo.com/cricketers/chris-greaves-873199,2022-2022,3,1,12,-,18,-,-,0.00,9.00,-,-,-,3,-
C Green,https://www.espncricinfo.com/cricketers/cameron-green-1076713,2022-2022,1,1,12,-,13,-,-,0.00,6.50,-,-,-,-,-
ZE Green,https://www.espncricinfo.com/cricketers/zane-green-596664,2022-2022,3,-,0,-,-,-,-,0.00,-,-,-,-,4,-
Gulbadin Naib,https://www.espncricinfo.com/cricketers/gulbadin-naib-352048,2022-2022,2,2,24,-,43,-,-,0.00,10.75,-,-,-,1,-
MD Gunathilaka,https://www.espncricinfo.com/cricketers/danushka-gunathilaka-345821,2022-2022,1,-,0,-,-,-,-,0.00,-,-,-,-,1,-
Haider Ali,https://www.espncricinfo.com/cricketers/haider-ali-1168651,2022-2022,2,-,0,-,-,-,-,0.00,-,-,-,-,-,-
AD Hales,https://www.espncricinfo.com/cricketers/alex-hales-249866,2022-2022,6,-,0,-,-,-,-,0.00,-,-,-,-,3,-
F Hand,https://www.espncricinfo.com/cricketers/fionn-hand-1099225,2022-2022,3,3,30,-,54,1,1/17,54.00,10.80,30.0,-,-,2,-
Haris Rauf,https://www.espncricinfo.com/cricketers/haris-rauf-1161606,2022-2022,7,7,156,1,178,8,2/23,22.25,6.84,19.5,-,-,1,-
Hasan Mahmud,https://www.espncricinfo.com/cricketers/hasan-mahmud-926629,2022-2022,4,4,96,1,134,6,3/47,22.33,8.37,16.0,-,-,2,-
JR Hazlewood,https://www.espncricinfo.com/cricketers/josh-hazlewood-288284,2022-2022,4,4,90,-,124,5,2/33,24.80,8.26,18.0,-,-,1,-
Hazratullah Zazai,https://www.espncricinfo.com/cricketers/hazratullah-zazai-793457,2022-2022,1,-,0,-,-,-,-,0.00,-,-,-,-,-,-
JO Holder,https://www.espncricinfo.com/cricketers/jason-holder-391485,2022-2022,3,3,62,-,49,5,3/12,9.80,4.74,12.4,-,-,-,-
DJ Hooda,https://www.espncricinfo.com/cricketers/deepak-hooda-497121,2022-2022,1,-,0,-,-,-,-,0.00,-,-,-,-,-,-
AJ Hosein,https://www.espncricinfo.com/cricketers/akeal-hosein-530812,2022-2022,3,3,72,-,94,2,1/25,47.00,7.83,36.0,-,-,-,-
Ibrahim Zadran,https://www.espncricinfo.com/cricketers/ibrahim-zadran-921509,2022-2022,3,-,0,-,-,-,-,0.00,-,-,-,-,1,-
Iftikhar Ahmed,https://www.espncricinfo.com/cricketers/iftikhar-ahmed-480603,2022-2022,7,2,23,-,28,1,1/15,28.00,7.30,23.0,-,-,3,-
MA Jones,https://www.espncricinfo.com/cricketers/michael-jones-1093091,2022-2022,3,-,0,-,-,-,-,0.00,-,-,-,-,2,-
LM Jongwe,https://www.espncricinfo.com/cricketers/luke-jongwe-541224,2022-2022,6,3,30,-,59,2,1/10,29.50,11.80,15.0,-,-,2,-
CJ Jordan,https://www.espncricinfo.com/cricketers/chris-jordan-288992,2022-2022,2,2,48,-,70,5,3/43,14.00,8.75,9.6,-,-,-,-
AS Joseph,https://www.espncricinfo.com/cricketers/alzarri-joseph-670031,2022-2022,3,3,72,-,83,6,4/16,13.83,6.91,12.0,-,-,-,-
Junaid Siddique,https://www.espncricinfo.com/cricketers/junaid-siddique-1203754,2022-2022,3,3,72,-,95,4,3/24,23.75,7.91,18.0,-,-,1,-
KD Karthik,https://www.espncricinfo.com/cricketers/dinesh-karthik-30045,2022-2022,4,-,0,-,-,-,-,0.00,-,-,-,-,4,-
C Karunaratne,https://www.espncricinfo.com/cricketers/chamika-karunaratne-623695,2022-2022,7,6,108,-,144,3,1/20,48.00,8.00,36.0,-,-,3,-
Kashif Daud,https://www.espncricinfo.com/cricketers/kashif-daud-229225,2022-2022,2,2,12,-,19,-,-,0.00,9.50,-,-,-,2,-
BA King,https://www.espncricinfo.com/cricketers/brandon-king-670035,2022-2022,2,-,0,-,-,-,-,0.00,-,-,-,-,1,-
H Klaasen,https://www.espncricinfo.com/cricketers/heinrich-klaasen-436757,2022-2022,2,-,0,-,-,-,-,0.00,-,-,-,-,-,-
FJ Klaassen,https://www.espncricinfo.com/cricketers/fred-klaassen-1104703,2022-2022,8,8,180,-,191,8,2/13,23.87,6.36,22.5,-,-,3,-
V Kohli,https://www.espncricinfo.com/cricketers/virat-kohli-253802,2022-2022,6,-,0,-,-,-,-,0.00,-,-,-,-,2,-
B Kumar,https://www.espncricinfo.com/cricketers/bhuvneshwar-kumar-326016,2022-2022,6,6,112,3,115,4,2/9,28.75,6.16,28.0,-,-,3,-
CBRLS Kumara,https://www.espncricinfo.com/cricketers/lahiru-kumara-784375,2022-2022,6,6,121,-,153,7,2/24,21.85,7.58,17.2,-,-,-,-
D la Cock,https://www.espncricinfo.com/cricketers/divan-la-cock-1178065,2022-2022,2,-,0,-,-,-,-,0.00,-,-,-,-,1,-
MA Leask,https://www.espncricinfo.com/cricketers/michael-leask-414966,2022-2022,3,3,60,-,67,4,2/15,16.75,6.70,15.0,-,-,1,-
E Lewis,https://www.espncricinfo.com/cricketers/evin-lewis-431901,2022-2022,3,-,0,-,-,-,-,0.00,-,-,-,-,1,-
JB Little,https://www.espncricinfo.com/cricketers/josh-little-928067,2022-2022,7,7,162,-,189,11,3/22,17.18,7.00,14.7,-,-,1,-
Litton Das,https://www.espncricinfo.com/cricketers/litton-das-536936,2022-2022,5,-,0,-,-,-,-,0.00,-,-,-,-,3,-
LS Livingstone,https://www.espncricinfo.com/cricketers/liam-livingstone-403902,2022-2022,6,5,72,-,96,3,3/17,32.00,8.00,24.0,-,-,6,-
JN Loftie-Eaton,https://www.espncricinfo.com/cricketers/jan-nicol-loftie-eaton-1071473,2022-2022,3,1,6,-,8,-,-,0.00,8.00,-,-,-,3,-
OC McCoy,https://www.espncricinfo.com/cricketers/obed-mccoy-906783,2022-2022,3,3,57,-,71,1,1/19,71.00,7.47,57.0,-,-,-,-
CS MacLeod,https://www.espncricinfo.com/cricketers/calum-macleod-232435,2022-2022,3,1,6,-,11,-,-,0.00,11.00,-,-,-,2,-
W Madhevere,https://www.espncricinfo.com/cricketers/wessly-madhevere-938959,2022-2022,8,2,18,-,25,-,-,0.00,8.33,-,-,-,2,-
KA Maharaj,https://www.espncricinfo.com/cricketers/keshav-maharaj-267724,2022-2022,4,4,72,-,89,3,2/27,29.66,7.41,24.0,-,-,1,-
DJ Malan,https://www.espncricinfo.com/cricketers/dawid-malan-236489,2022-2022,4,-,0,-,-,-,-,0.00,-,-,-,-,2,-
AK Markram,https://www.espncricinfo.com/cricketers/aiden-markram-600498,2022-2022,5,2,18,-,21,1,1/16,21.00,7.00,18.0,-,-,2,-
MR Marsh,https://www.espncricinfo.com/cricketers/mitchell-marsh-272450,2022-2022,4,1,6,-,14,-,-,0.00,14.00,-,-,-,2,-
WP Masakadza,https://www.espncricinfo.com/cricketers/wellington-masakadza-571703,2022-2022,1,1,12,-,12,-,-,0.00,6.00,-,-,-,2,-
GJ Maxwell,https://www.espncricinfo.com/cricketers/glenn-maxwell-325026,2022-2022,4,2,19,-,19,3,2/14,6.33,6.00,6.3,-,-,2,-
KR Mayers,https://www.espncricinfo.com/cricketers/kyle-mayers-348056,2022-2022,3,2,18,-,41,-,-,0.00,13.66,-,-,-,2,-
BJ McCarthy,https://www.espncricinfo.com/cricketers/barry-mccarthy-348059,2022-2022,7,7,150,-,227,5,3/29,45.40,9.08,30.0,-,-,1,-
Mehidy Hasan Miraz,https://www.espncricinfo.com/cricketers/mehidy-hasan-miraz-629063,2022-2022,1,1,18,-,32,-,-,0.00,10.66,-,-,-,-,-
KP Meiyappan,https://www.espncricinfo.com/cricketers/karthik-meiyappan-1058987,2022-2022,3,3,72,-,75,5,3/19,15.00,6.25,14.4,-,-,-,-
BKG Mendis,https://www.espncricinfo.com/cricketers/kusal-mendis-629074,2022-2022,8,-,0,-,-,-,-,0.00,-,-,-,-,4,2
DA Miller,https://www.espncricinfo.com/cricketers/david-miller-321777,2022-2022,4,-,0,-,-,-,-,0.00,-,-,-,-,-,-
DJ Mitchell,https://www.espncricinfo.com/cricketers/daryl-mitchell-381743,2022-2022,4,-,0,-,-,-,-,0.00,-,-,-,-,2,-
Mohammad Haris,https://www.espncricinfo.com/cricketers/mohammad-haris-1205559,2022-2022,4,-,0,-,-,-,-,0.00,-,-,-,-,3,-
Mohammad Nabi,https://www.espncricinfo.com/cricketers/mohammad-nabi-25913,2022-2022,3,3,36,-,46,1,1/16,46.00,7.66,36.0,-,-,1,-
Mohammad Nawaz,https://www.espncricinfo.com/cricketers/mohammad-nawaz-348148,2022-2022,7,4,54,-,67,3,2/42,22.33,7.44,18.0,-,-,2,-
Mohammad Rizwan,https://www.espncricinfo.com/cricketers/mohammad-rizwan-323389,2022-2022,7,-,0,-,-,-,-,0.00,-,-,-,-,3,1
Mohammad Wasim,https://www.espncricinfo.com/cricketers/mohammad-wasim-1185538,2022-2022,6,6,102,-,124,8,4/24,15.50,7.29,12.7,-,-,5,-
Mohammed Shami,https://www.espncricinfo.com/cricketers/mohammed-shami-481896,2022-2022,6,6,120,-,143,6,2/14,23.83,7.15,20.0,-,-,-,-
Mosaddek Hossain,https://www.espncricinfo.com/cricketers/mosaddek-hossain-550133,2022-2022,5,3,42,-,64,2,2/34,32.00,9.14,21.0,-,-,1,-
Muhammad Waseem,https://www.espncricinfo.com/cricketers/muhammad-waseem-1241277,2022-2022,3,1,12,-,16,1,1/16,16.00,8.00,12.0,-,-,-,-
Mujeeb Ur Rahman,https://www.espncricinfo.com/cricketers/mujeeb-ur-rahman-974109,2022-2022,3,3,72,-,88,4,2/24,22.00,7.33,18.0,-,-,1,-
HG Munsey,https://www.espncricinfo.com/cricketers/george-munsey-671805,2022-2022,3,-,0,-,-,-,-,0.00,-,-,-,-,1,-
T Munyonga,https://www.espncricinfo.com/cricketers/tony-munyonga-1122853,2022-2022,2,-,0,-,-,-,-,0.00,-,-,-,-,-,-
Mustafizur Rahman,https://www.espncricinfo.com/cricketers/mustafizur-rahman-330902,2022-2022,5,5,120,-,112,3,2/15,37.33,5.60,40.0,-,-,3,-
B Muzarabani,https://www.espncricinfo.com/cricketers/blessing-muzarabani-827051,2022-2022,8,7,156,-,199,12,3/23,16.58,7.65,13.0,-,-,2,-
SJ Myburgh,https://www.espncricinfo.com/cricketers/stephan-myburgh-233712,2022-2022,3,-,0,-,-,-,-,0.00,-,-,-,-,3,-
Najibullah Zadran,https://www.espncricinfo.com/cricketers/najibullah-zadran-524049,2022-2022,3,-,0,-,-,-,-,0.00,-,-,-,-,-,-
Naseem Shah,https://www.espncricinfo.com/cricketers/naseem-shah-1158088,2022-2022,7,7,156,-,162,3,1/11,54.00,6.23,52.0,-,-,1,-
Nasum Ahmed,https://www.espncricinfo.com/cricketers/nasum-ahmed-348049,2022-2022,1,1,24,-,14,1,1/14,14.00,3.50,24.0,-,-,1,-
Naveen-ul-Haq,https://www.espncricinfo.com/cricketers/naveen-ul-haq-793447,2022-2022,1,1,24,-,21,3,3/21,7.00,5.25,8.0,-,-,-,-
Najmul Hossain Shanto,https://www.espncricinfo.com/cricketers/najmul-hossain-shanto-629058,2022-2022,5,-,0,-,-,-,-,0.00,-,-,-,-,2,-
JDS Neesham,https://www.espncricinfo.com/cricketers/james-neesham-355269,2022-2022,5,-,0,-,-,-,-,0.00,-,-,-,-,3,-
R Ngarava,https://www.espncricinfo.com/cricketers/richard-ngarava-806241,2022-2022,8,8,168,1,197,9,2/18,21.88,7.03,18.6,-,-,1,-
L Ngidi,https://www.espncricinfo.com/cricketers/lungi-ngidi-542023,2022-2022,4,4,78,-,116,7,4/29,16.57,8.92,11.1,-,-,2,-
P Nissanka,https://www.espncricinfo.com/cricketers/pathum-nissanka-1028655,2022-2022,7,-,0,-,-,-,-,0.00,-,-,-,-,1,-
A Nortje,https://www.espncricinfo.com/cricketers/anrich-nortje-481979,2022-2022,5,5,105,-,94,11,4/10,8.54,5.37,9.5,-,-,1,-
Nurul Hasan,https://www.espncricinfo.com/cricketers/nurul-hasan-410765,2022-2022,5,-,0,-,-,-,-,0.00,-,-,-,-,4,1
MP O'Dowd,https://www.espncricinfo.com/cricketers/max-o-dowd-643197,2022-2022,8,-,0,-,-,-,-,0.00,-,-,-,-,3,-
HH Pandya,https://www.espncricinfo.com/cricketers/hardik-pandya-625371,2022-2022,6,6,108,-,146,8,3/30,18.25,8.11,13.5,-,-,2,-
RR Pant,https://www.espncricinfo.com/cricketers/rishabh-pant-931581,2022-2022,2,-,0,-,-,-,-,0.00,-,-,-,-,-,-
WD Parnell,https://www.espncricinfo.com/cricketers/wayne-parnell-265564,2022-2022,5,5,96,1,102,5,3/15,20.40,6.37,19.2,-,-,1,-
AR Patel,https://www.espncricinfo.com/cricketers/axar-patel-554691,2022-2022,5,5,80,-,115,3,2/18,38.33,8.62,26.6,-,-,2,-
GD Phillips,https://www.espncricinfo.com/cricketers/glenn-phillips-823509,2022-2022,5,-,0,-,-,-,-,0.00,-,-,-,-,3,-
N Pooran,https://www.espncricinfo.com/cricketers/nicholas-pooran-604302,2022-2022,3,-,0,-,-,-,-,0.00,-,-,-,-,1,-
R Powell,https://www.espncricinfo.com/cricketers/rovman-powell-820351,2022-2022,3,-,0,-,-,-,-,0.00,-,-,-,-,1,-
Pramod Madushan,https://www.espncricinfo.com/cricketers/pramod-madushan-826689,2022-2022,3,3,60,-,75,3,2/37,25.00,7.50,20.0,-,-,1,-
TJG Pringle,https://www.espncricinfo.com/cricketers/tim-pringle-1193548,2022-2022,6,6,102,-,102,3,1/10,34.00,6.00,34.0,-,-,2,-
K Rabada,https://www.espncricinfo.com/cricketers/kagiso-rabada-550215,2022-2022,5,5,96,-,151,2,1/24,75.50,9.43,48.0,-,-,5,-
Rahmanullah Gurbaz,https://www.espncricinfo.com/cricketers/rahmanullah-gurbaz-974087,2022-2022,3,-,0,-,-,-,-,0.00,-,-,-,-,3,-
KL Rahul,https://www.espncricinfo.com/cricketers/kl-rahul-422108,2022-2022,6,-,0,-,-,-,-,0.00,-,-,-,-,1,-
PBB Rajapaksa,https://www.espncricinfo.com/cricketers/bhanuka-rajapaksa-342619,2022-2022,8,-,0,-,-,-,-,0.00,-,-,-,-,4,-
CAK Rajitha,https://www.espncricinfo.com/cricketers/kasun-rajitha-499594,2022-2022,3,3,66,-,94,3,2/23,31.33,8.54,22.0,-,-,1,-
AU Rashid,https://www.espncricinfo.com/cricketers/adil-rashid-244497,2022-2022,6,6,144,1,147,4,2/22,36.75,6.12,36.0,-,-,4,-
Rashid Khan,https://www.espncricinfo.com/cricketers/rashid-khan-793463,2022-2022,3,3,72,-,77,4,2/31,19.25,6.41,18.0,-,-,1,-
KW Richardson,https://www.espncricinfo.com/cricketers/kane-richardson-272262,2022-2022,1,1,24,-,48,1,1/48,48.00,12.00,24.0,-,-,-,-
CP Rizwan,https://www.espncricinfo.com/cricketers/cp-rizwan-474760,2022-2022,3,-,0,-,-,-,-,0.00,-,-,-,-,1,-
RR Rossouw,https://www.espncricinfo.com/cricketers/rilee-rossouw-318845,2022-2022,5,-,0,-,-,-,-,0.00,-,-,-,-,3,-
PD Salt,https://www.espncricinfo.com/cricketers/phil-salt-669365,2022-2022,2,-,0,-,-,-,-,0.00,-,-,-,-,1,-
MJ Santner,https://www.espncricinfo.com/cricketers/mitchell-santner-502714,2022-2022,5,5,120,-,129,9,3/31,14.33,6.45,13.3,-,-,-,-
BM Scholtz,https://www.espncricinfo.com/cricketers/bernard-scholtz-330223,2022-2022,3,3,72,-,61,4,2/18,15.25,5.08,18.0,-,-,-,-
Shadab Khan,https://www.espncricinfo.com/cricketers/shadab-khan-922943,2022-2022,7,7,156,-,165,11,3/22,15.00,6.34,14.1,-,-,1,-
Shaheen Shah Afridi,https://www.espncricinfo.com/cricketers/shaheen-shah-afridi-1072470,2022-2022,7,7,151,-,155,11,4/22,14.09,6.15,13.7,-,-,1,-
T Shamsi,https://www.espncricinfo.com/cricketers/tabraiz-shamsi-379145,2022-2022,2,2,48,-,56,4,3/20,14.00,7.00,12.0,-,-,-,-
MD Shanaka,https://www.espncricinfo.com/cricketers/dasun-shanaka-437316,2022-2022,8,3,19,-,24,1,1/7,24.00,7.57,19.0,-,-,9,-
Shan Masood,https://www.espncricinfo.com/cricketers/shan-masood-233901,2022-2022,7,-,0,-,-,-,-,0.00,-,-,-,-,2,-
Shakib Al Hasan,https://www.espncricinfo.com/cricketers/shakib-al-hasan-56143,2022-2022,5,5,114,-,167,6,2/33,27.83,8.78,19.0,-,-,2,-
A Sharafu,https://www.espncricinfo.com/cricketers/alishan-sharafu-1161038,2022-2022,1,-,0,-,-,-,-,0.00,-,-,-,-,2,-
SM Sharif,https://www.espncricinfo.com/cricketers/safyaan-sharif-414970,2022-2022,3,3,54,-,78,2,1/23,39.00,8.66,27.0,-,-,-,-
Shariz Ahmad,https://www.espncricinfo.com/cricketers/shariz-ahmad-1278252,2022-2022,2,2,24,-,32,1,1/27,32.00,8.00,24.0,-,-,-,-
RG Sharma,https://www.espncricinfo.com/cricketers/rohit-sharma-34102,2022-2022,6,-,0,-,-,-,-,0.00,-,-,-,-,1,-
B Shikongo,https://www.espncricinfo.com/cricketers/ben-shikongo-1069820,2022-2022,3,3,30,1,48,3,2/22,16.00,9.60,10.0,-,-,1,-
Shoriful Islam,https://www.espncricinfo.com/cricketers/shoriful-islam-990039,2022-2022,1,1,24,-,57,-,-,0.00,14.25,-,-,-,-,-
M Shumba,https://www.espncricinfo.com/cricketers/milton-shumba-951781,2022-2022,7,-,0,-,-,-,-,0.00,-,-,-,-,5,-
Sikandar Raza,https://www.espncricinfo.com/cricketers/sikandar-raza-299572,2022-2022,8,8,144,-,156,10,3/19,15.60,6.50,14.4,-,-,3,-
Simi Singh,https://www.espncricinfo.com/cricketers/simi-singh-1005257,2022-2022,4,4,54,-,78,3,2/31,26.00,8.66,18.0,-,-,-,-
JJ Smit,https://www.espncricinfo.com/cricketers/jj-smit-553821,2022-2022,3,3,66,-,79,3,2/24,26.33,7.18,22.0,-,-,1,-
OF Smith,https://www.espncricinfo.com/cricketers/odean-smith-820691,2022-2022,3,3,54,-,85,2,1/31,42.50,9.44,27.0,-,-,-,-
SPD Smith,https://www.espncricinfo.com/cricketers/steven-smith-267192,2022-2022,1,-,0,-,-,-,-,0.00,-,-,-,-,-,-
IS Sodhi,https://www.espncricinfo.com/cricketers/ish-sodhi-559066,2022-2022,5,5,116,-,130,6,2/21,21.66,6.72,19.3,-,-,-,-
Soumya Sarkar,https://www.espncricinfo.com/cricketers/soumya-sarkar-436677,2022-2022,4,1,18,-,29,1,1/29,29.00,9.66,18.0,-,-,2,-
TG Southee,https://www.espncricinfo.com/cricketers/tim-southee-232364,2022-2022,5,5,104,1,114,7,3/6,16.28,6.57,14.8,-,-,1,-
MA Starc,https://www.espncricinfo.com/cricketers/mitchell-starc-311592,2022-2022,3,3,72,1,102,3,2/43,34.00,8.50,24.0,-,-,-,-
PR Stirling,https://www.espncricinfo.com/cricketers/paul-stirling-303427,2022-2022,7,-,0,-,-,-,-,0.00,-,-,-,-,-,-
MP Stoinis,https://www.espncricinfo.com/cricketers/marcus-stoinis-325012,2022-2022,4,4,54,-,87,1,1/6,87.00,9.66,54.0,-,-,-,-
BA Stokes,https://www.espncricinfo.com/cricketers/ben-stokes-311158,2022-2022,6,6,98,-,111,6,2/19,18.50,6.79,16.3,-,-,4,-
T Stubbs,https://www.espncricinfo.com/cricketers/tristan-stubbs-595978,2022-2022,4,-,0,-,-,-,-,0.00,-,-,-,-,2,-
Taskin Ahmed,https://www.espncricinfo.com/cricketers/taskin-ahmed-538506,2022-2022,5,5,108,1,131,8,4/25,16.37,7.27,13.5,-,-,1,-
HT Tector,https://www.espncricinfo.com/cricketers/harry-tector-961407,2022-2022,7,-,0,-,-,-,-,0.00,-,-,-,-,4,-
M Theekshana,https://www.espncricinfo.com/cricketers/maheesh-theekshana-1138316,2022-2022,8,8,181,-,202,9,2/15,22.44,6.69,20.1,-,-,-,-
R Trumpelmann,https://www.espncricinfo.com/cricketers/ruben-trumpelmann-698317,2022-2022,1,1,24,-,22,-,-,0.00,5.50,-,-,-,1,-
LJ Tucker,https://www.espncricinfo.com/cricketers/lorcan-tucker-928057,2022-2022,7,-,0,-,-,-,-,0.00,-,-,-,-,5,1
Usman Ghani,https://www.espncricinfo.com/cricketers/usman-ghani-711559,2022-2022,3,-,0,-,-,-,-,0.00,-,-,-,-,1,-
LV van Beek,https://www.espncricinfo.com/cricketers/logan-van-beek-440522,2022-2022,6,6,98,-,125,3,2/17,41.66,7.65,32.6,-,-,4,-
T van der Gugten,https://www.espncricinfo.com/cricketers/timm-van-der-gugten-333782,2022-2022,2,2,36,-,60,1,1/31,60.00,10.00,36.0,-,-,-,-
RE van der Merwe,https://www.espncricinfo.com/cricketers/roelof-van-der-merwe-47850,2022-2022,6,6,66,-,75,2,1/6,37.50,6.81,33.0,-,-,2,-
M van Lingen,https://www.espncricinfo.com/cricketers/michael-van-lingen-833777,2022-2022,3,-,0,-,-,-,-,0.00,-,-,-,-,2,-
PA van Meekeren,https://www.espncricinfo.com/cricketers/paul-van-meekeren-348109,2022-2022,8,8,186,-,198,11,3/29,18.00,6.38,16.9,-,-,3,-
Vikramjit Singh,https://www.espncricinfo.com/cricketers/vikramjit-singh-1153767,2022-2022,5,-,0,-,-,-,-,0.00,-,-,-,-,-,-
MS Wade,https://www.espncricinfo.com/cricketers/matthew-wade-230193,2022-2022,4,-,0,-,-,-,-,0.00,-,-,-,-,2,1
DA Warner,https://www.espncricinfo.com/cricketers/david-warner-219889,2022-2022,4,-,0,-,-,-,-,0.00,-,-,-,-,3,-
MRJ Watt,https://www.espncricinfo.com/cricketers/mark-watt-659081,2022-2022,3,3,72,-,70,5,3/12,14.00,5.83,14.4,-,-,-,-
BTJ Wheal,https://www.espncricinfo.com/cricketers/brad-wheal-807535,2022-2022,3,3,72,-,83,4,2/32,20.75,6.91,18.0,-,-,1,-
D Wiese,https://www.espncricinfo.com/cricketers/david-wiese-221140,2022-2022,3,3,63,-,65,3,2/16,21.66,6.19,21.0,-,-,-,-
SC Williams,https://www.espncricinfo.com/cricketers/sean-williams-55870,2022-2022,8,7,108,-,111,5,2/9,22.20,6.16,21.6,-,-,2,-
KS Williamson,https://www.espncricinfo.com/cricketers/kane-williamson-277906,2022-2022,5,-,0,-,-,-,-,0.00,-,-,-,-,4,-
CR Woakes,https://www.espncricinfo.com/cricketers/chris-woakes-247235,2022-2022,6,6,120,-,172,5,2/33,34.40,8.60,24.0,-,-,2,-
MA Wood,https://www.espncricinfo.com/cricketers/mark-wood-351588,2022-2022,4,4,84,-,108,9,3/26,12.00,7.71,9.3,-,-,-,-
SA Yadav,https://www.espncricinfo.com/cricketers/suryakumar-yadav-446507,2022-2022,6,-,0,-,-,-,-,0.00,-,-,-,-,6,-
Yasir Ali,https://www.espncricinfo.com/cricketers/yasir-ali-629059,2022-2022,3,-,0,-,-,-,-,0.00,-,-,-,-,3,-
Zahoor Khan,https://www.espncricinfo.com/cricketers/zahoor-khan-384525,2022-2022,3,3,72,-,57,5,2/20,11.40,4.75,14.4,-,-,-,-
A Zampa,https://www.espncricinfo.com/cricketers/adam-zampa-379504,2022-2022,3,3,72,-,80,5,2/19,16.00,6.66,14.4,-,-,-,-
Zawar Farid,https://www.espncricinfo.com/cricketers/zawar-farid-1196500,2022-2022,1,1,17,-,24,-,-,0.00,8.47,-,-,-,-,-
