batsmanName,runs,balls,minutes,4s,6s,SR,match_id
Rohit Sharma (c),9,5,7,2,0,180.00,scorecard
Virat Kohli,76,59,87,6,2,128.81,scorecard
Rishabh Pant †,0,2,2,0,0,0.00,scorecard
Suryakumar Yadav,3,4,9,0,0,75.00,scorecard
Axar Patel,47,31,38,1,4,151.61,scorecard
Shivam Dube,27,16,32,3,1,168.75,scorecard
Hardik Pandya,5,2,7,1,0,250.00,scorecard
Ravindra Jadeja,2,2,1,0,0,100.00,scorecard
Reeza Hendricks,4,5,6,1,0,80.00,scorecard
Quinton de Kock †,39,31,54,4,1,125.80,scorecard
Aiden Markram (c),4,5,4,1,0,80.00,scorecard
Tristan Stubbs,31,21,24,3,1,147.61,scorecard
Heinrich Klaasen,52,27,33,2,5,192.59,scorecard
David Miller,21,17,37,1,1,123.52,scorecard
Marco Jansen,2,4,7,0,0,50.00,scorecard
Keshav Maharaj,2,7,18,0,0,28.57,scorecard
Kagiso Rabada,4,3,5,1,0,133.33,scorecard
Anrich Nortje,1,1,1,0,0,100.00,scorecard
Rohit Sharma (c),57,39,57,6,2,146.15,scorecard
Virat Kohli,9,9,10,0,1,100.00,scorecard
Rishabh Pant †,4,6,12,0,0,66.66,scorecard
Suryakumar Yadav,47,36,40,4,2,130.55,scorecard
Hardik Pandya,23,13,17,1,2,176.92,scorecard
Ravindra Jadeja,17,9,24,2,0,188.88,scorecard
Shivam Dube,0,1,1,0,0,0.00,scorecard
Axar Patel,10,6,10,0,1,166.66,scorecard
Arshdeep Singh,1,1,1,0,0,100.00,scorecard
Phil Salt,5,8,20,0,0,62.50,scorecard
Jos Buttler (c)†,23,15,13,4,0,153.33,scorecard
Moeen Ali,8,10,18,0,0,80.00,scorecard
Jonny Bairstow,0,3,2,0,0,0.00,scorecard
Harry Brook,25,19,21,3,0,131.57,scorecard
Sam Curran,2,4,4,0,0,50.00,scorecard
Liam Livingstone,11,16,24,0,0,68.75,scorecard
Chris Jordan,1,5,6,0,0,20.00,scorecard
Jofra Archer,21,15,17,1,2,140.00,scorecard
Adil Rashid,2,2,2,0,0,100.00,scorecard
Reece Topley,3,3,6,0,0,100.00,scorecard
Rahmanullah Gurbaz †,0,3,5,0,0,0.00,scorecard
Ibrahim Zadran,2,5,15,0,0,40.00,scorecard
Gulbadin Naib,9,8,6,2,0,112.50,scorecard
Azmatullah Omarzai,10,12,18,2,0,83.33,scorecard
Mohammad Nabi,0,3,1,0,0,0.00,scorecard
Nangeyalia Kharote,2,7,5,0,0,28.57,scorecard
Karim Janat,8,13,22,1,0,61.53,scorecard
Rashid Khan (c),8,8,20,2,0,100.00,scorecard
Noor Ahmad,0,2,2,0,0,0.00,scorecard
Naveen-ul-Haq,2,8,9,0,0,25.00,scorecard
Fazalhaq Farooqi,2,2,6,0,0,100.00,scorecard
Quinton de Kock †,5,8,7,1,0,62.50,scorecard
Reeza Hendricks,29,25,44,3,1,116.00,scorecard
Aiden Markram (c),23,21,35,4,0,109.52,scorecard
Rahmanullah Gurbaz †,43,55,69,3,1,78.18,scorecard
Ibrahim Zadran,18,29,46,1,0,62.06,scorecard
Azmatullah Omarzai,10,12,20,0,0,83.33,scorecard
Gulbadin Naib,4,3,4,1,0,133.33,scorecard
Mohammad Nabi,1,5,6,0,0,20.00,scorecard
Karim Janat,7,6,15,1,0,116.66,scorecard
Rashid Khan (c),19,10,10,0,3,190.00,scorecard
Litton Das †,54,49,95,5,1,110.20,scorecard
Tanzid Hasan,0,3,12,0,0,0.00,scorecard
Najmul Hossain Shanto (c),5,5,7,1,0,100.00,scorecard
Shakib Al Hasan,0,1,1,0,0,0.00,scorecard
Soumya Sarkar,10,10,18,1,0,100.00,scorecard
Towhid Hridoy,14,9,7,2,0,155.55,scorecard
Mahmudullah,6,9,8,1,0,66.66,scorecard
Rishad Hossain,0,1,1,0,0,0.00,scorecard
Tanzim Hasan Sakib,3,10,13,0,0,30.00,scorecard
Taskin Ahmed,2,9,31,0,0,22.22,scorecard
Mustafizur Rahman,0,1,1,0,0,0.00,scorecard
Rohit Sharma (c),92,41,59,7,8,224.39,scorecard
Virat Kohli,0,5,8,0,0,0.00,scorecard
Rishabh Pant †,15,14,33,1,1,107.14,scorecard
Suryakumar Yadav,31,16,29,3,2,193.75,scorecard
Shivam Dube,28,22,33,2,1,127.27,scorecard
Hardik Pandya,27,17,24,1,2,158.82,scorecard
Ravindra Jadeja,9,5,4,0,1,180.00,scorecard
David Warner,6,6,5,1,0,100.00,scorecard
Travis Head,76,43,76,9,4,176.74,scorecard
Mitchell Marsh (c),37,28,38,3,2,132.14,scorecard
Glenn Maxwell,20,12,15,2,1,166.66,scorecard
Marcus Stoinis,2,4,4,0,0,50.00,scorecard
Tim David,15,11,22,1,1,136.36,scorecard
Matthew Wade †,1,2,5,0,0,50.00,scorecard
Pat Cummins,11,7,15,0,1,157.14,scorecard
Mitchell Starc,4,7,9,0,0,57.14,scorecard
Kyle Mayers,35,34,53,3,2,102.94,scorecard
Shai Hope,0,1,3,0,0,0.00,scorecard
Nicholas Pooran †,1,3,4,0,0,33.33,scorecard
Roston Chase,52,42,59,3,2,123.80,scorecard
Rovman Powell (c),1,2,2,0,0,50.00,scorecard
Sherfane Rutherford,0,4,5,0,0,0.00,scorecard
Andre Russell,15,9,15,0,2,166.66,scorecard
Akeal Hosein,6,11,12,1,0,54.54,scorecard
Alzarri Joseph,11,7,14,0,1,157.14,scorecard
Gudakesh Motie,4,7,10,1,0,57.14,scorecard
Quinton de Kock †,12,7,10,3,0,171.42,scorecard
Reeza Hendricks,0,1,5,0,0,0.00,scorecard
Aiden Markram (c),18,15,20,2,0,120.00,scorecard
Tristan Stubbs,29,27,55,4,0,107.40,scorecard
Heinrich Klaasen,22,10,13,3,1,220.00,scorecard
David Miller,4,14,18,0,0,28.57,scorecard
Marco Jansen,21,14,22,1,1,150.00,scorecard
Keshav Maharaj,2,6,9,0,0,33.33,scorecard
Kagiso Rabada,5,3,5,1,0,166.66,scorecard
Steven Taylor,12,13,25,2,0,92.30,scorecard
Andries Gous †,8,5,4,0,1,160.00,scorecard
Nitish Kumar,30,24,38,1,2,125.00,scorecard
Aaron Jones (c),10,16,10,2,0,62.50,scorecard
Corey Anderson,29,28,43,0,1,103.57,scorecard
Milind Kumar,4,6,13,0,0,66.66,scorecard
Harmeet Singh,21,17,19,2,1,123.52,scorecard
Shadley van Schalkwyk,0,0,7,0,0,-,scorecard
Ali Khan,0,2,1,0,0,0.00,scorecard
Nosthush Kenjige,0,1,1,0,0,0.00,scorecard
Saurabh Netravalkar,0,1,1,0,0,0.00,scorecard
Phil Salt,25,21,44,2,0,119.04,scorecard
Jos Buttler (c)†,83,38,44,6,7,218.42,scorecard
Rahmanullah Gurbaz †,60,49,66,4,4,122.44,scorecard
Ibrahim Zadran,51,48,73,6,0,106.25,scorecard
Azmatullah Omarzai,2,3,2,0,0,66.66,scorecard
Karim Janat,13,9,13,0,1,144.44,scorecard
Rashid Khan (c),2,5,4,0,0,40.00,scorecard
Mohammad Nabi,10,4,10,2,0,250.00,scorecard
Gulbadin Naib,0,1,12,0,0,0.00,scorecard
Nangeyalia Kharote,1,1,2,0,0,100.00,scorecard
Travis Head,0,3,2,0,0,0.00,scorecard
David Warner,3,8,27,0,0,37.50,scorecard
Mitchell Marsh (c),12,9,9,2,0,133.33,scorecard
Glenn Maxwell,59,41,58,6,3,143.90,scorecard
Marcus Stoinis,11,17,20,1,0,64.70,scorecard
Tim David,2,4,9,0,0,50.00,scorecard
Matthew Wade †,5,7,16,0,0,71.42,scorecard
Pat Cummins,3,9,9,0,0,33.33,scorecard
Ashton Agar,2,5,10,0,0,40.00,scorecard
Adam Zampa,9,7,15,1,0,128.57,scorecard
Josh Hazlewood,5,7,10,0,0,71.42,scorecard
Rohit Sharma (c),23,11,14,3,1,209.09,scorecard
Virat Kohli,37,28,34,1,3,132.14,scorecard
Rishabh Pant †,36,24,36,4,2,150.00,scorecard
Suryakumar Yadav,6,2,2,0,1,300.00,scorecard
Shivam Dube,34,24,38,0,3,141.66,scorecard
Hardik Pandya,50,27,38,4,3,185.18,scorecard
Axar Patel,3,5,13,0,0,60.00,scorecard
Litton Das †,13,10,20,1,1,130.00,scorecard
Tanzid Hasan,29,31,41,4,0,93.54,scorecard
Najmul Hossain Shanto (c),40,32,46,1,3,125.00,scorecard
Towhid Hridoy,4,6,6,0,0,66.66,scorecard
Shakib Al Hasan,11,7,7,1,1,157.14,scorecard
Mahmudullah,13,15,30,1,0,86.66,scorecard
Jaker Ali,1,4,3,0,0,25.00,scorecard
Rishad Hossain,24,10,9,1,3,240.00,scorecard
Mahedi Hasan,5,4,7,1,0,125.00,scorecard
Tanzim Hasan Sakib,1,1,1,0,0,100.00,scorecard
Steven Taylor,2,7,5,0,0,28.57,scorecard
Andries Gous †,29,16,37,3,1,181.25,scorecard
Nitish Kumar,20,19,23,2,0,105.26,scorecard
Aaron Jones (c),11,11,12,0,1,100.00,scorecard
Corey Anderson,7,15,23,0,0,46.66,scorecard
Milind Kumar,19,21,35,1,0,90.47,scorecard
Harmeet Singh,0,1,1,0,0,0.00,scorecard
Shadley van Schalkwyk,18,17,17,3,0,105.88,scorecard
Nosthush Kenjige,1,3,8,0,0,33.33,scorecard
Ali Khan,14,6,11,1,1,233.33,scorecard
Saurabh Netravalkar,0,4,4,0,0,0.00,scorecard
Shai Hope,82,39,-,4,8,210.25,scorecard
Johnson Charles,15,14,-,2,0,107.14,scorecard
Nicholas Pooran †,27,12,-,1,3,225.00,scorecard
Reeza Hendricks,19,25,41,1,0,76.00,scorecard
Quinton de Kock †,65,38,50,4,4,171.05,scorecard
Heinrich Klaasen,8,13,21,1,0,61.53,scorecard
David Miller,43,28,40,4,2,153.57,scorecard
Aiden Markram (c),1,2,4,0,0,50.00,scorecard
Tristan Stubbs,12,11,28,1,0,109.09,scorecard
Marco Jansen,0,1,1,0,0,0.00,scorecard
Keshav Maharaj,5,2,3,1,0,250.00,scorecard
Phil Salt,11,8,8,1,1,137.50,scorecard
Jos Buttler (c)†,17,20,38,1,0,85.00,scorecard
Jonny Bairstow,16,20,20,1,0,80.00,scorecard
Moeen Ali,9,10,15,0,0,90.00,scorecard
Harry Brook,53,37,50,7,0,143.24,scorecard
Liam Livingstone,33,17,33,3,2,194.11,scorecard
Sam Curran,10,7,14,1,0,142.85,scorecard
Jofra Archer,1,2,4,0,0,50.00,scorecard
Tanzid Hasan,0,3,2,0,0,0.00,scorecard
Litton Das †,16,25,42,2,0,64.00,scorecard
Najmul Hossain Shanto (c),41,36,57,5,1,113.88,scorecard
Rishad Hossain,2,4,5,0,0,50.00,scorecard
Towhid Hridoy,40,28,40,2,2,142.85,scorecard
Shakib Al Hasan,8,10,27,0,0,80.00,scorecard
Mahmudullah,2,3,7,0,0,66.66,scorecard
Mahedi Hasan,0,1,1,0,0,0.00,scorecard
Taskin Ahmed,13,7,9,1,0,185.71,scorecard
Tanzim Hasan Sakib,4,3,3,0,0,133.33,scorecard
David Warner,53,35,52,5,3,151.42,scorecard
Travis Head,31,21,30,3,2,147.61,scorecard
Mitchell Marsh (c),1,6,8,0,0,16.66,scorecard
Glenn Maxwell,14,6,12,1,1,233.33,scorecard
Rohit Sharma (c),8,13,13,1,0,61.53,scorecard
Virat Kohli,24,24,41,0,1,100.00,scorecard
Rishabh Pant †,20,11,20,4,0,181.81,scorecard
Suryakumar Yadav,53,28,51,5,3,189.28,scorecard
Shivam Dube,10,7,11,0,1,142.85,scorecard
Hardik Pandya,32,24,40,3,2,133.33,scorecard
Ravindra Jadeja,7,5,11,1,0,140.00,scorecard
Axar Patel,12,6,11,2,0,200.00,scorecard
Arshdeep Singh,2,2,8,0,0,100.00,scorecard
Rahmanullah Gurbaz †,11,8,7,1,1,137.50,scorecard
Hazratullah Zazai,2,4,20,0,0,50.00,scorecard
Ibrahim Zadran,8,11,9,1,0,72.72,scorecard
Gulbadin Naib,17,21,25,1,1,80.95,scorecard
Azmatullah Omarzai,26,20,26,2,1,130.00,scorecard
Najibullah Zadran,19,17,22,0,2,111.76,scorecard
Mohammad Nabi,14,14,24,0,1,100.00,scorecard
Rashid Khan (c),2,6,11,0,0,33.33,scorecard
Noor Ahmad,12,18,19,1,1,66.66,scorecard
Naveen-ul-Haq,0,1,1,0,0,0.00,scorecard
Fazalhaq Farooqi,4,1,11,1,0,400.00,scorecard
Brandon King,23,13,23,3,1,176.92,scorecard
Johnson Charles,38,34,55,4,1,111.76,scorecard
Nicholas Pooran †,36,32,53,4,1,112.50,scorecard
Rovman Powell (c),36,17,18,0,5,211.76,scorecard
Andre Russell,1,2,7,0,0,50.00,scorecard
Sherfane Rutherford,28,15,20,1,2,186.66,scorecard
Romario Shepherd,5,7,16,1,0,71.42,scorecard
Phil Salt,87,47,79,7,5,185.10,scorecard
Jos Buttler (c)†,25,22,34,2,0,113.63,scorecard
Moeen Ali,13,10,9,2,0,130.00,scorecard
Jonny Bairstow,48,26,32,5,2,184.61,scorecard
Quinton de Kock †,74,40,54,7,5,185.00,scorecard
Reeza Hendricks,11,11,12,0,1,100.00,scorecard
Aiden Markram (c),46,32,52,4,1,143.75,scorecard
David Miller,0,1,1,0,0,0.00,scorecard
Heinrich Klaasen,36,22,35,0,3,163.63,scorecard
Tristan Stubbs,20,16,24,2,0,125.00,scorecard
Steven Taylor,24,14,16,4,1,171.42,scorecard
Andries Gous †,80,47,88,5,5,170.21,scorecard
Nitish Kumar,8,6,9,0,1,133.33,scorecard
Aaron Jones (c),0,5,4,0,0,0.00,scorecard
Corey Anderson,12,12,10,0,1,100.00,scorecard
Shayan Jahangir,3,9,51,0,0,33.33,scorecard
Harmeet Singh,38,22,30,2,3,172.72,scorecard
Jasdeep Singh,2,6,7,0,0,33.33,scorecard
Brandon King,7,6,9,1,0,116.66,scorecard
Johnson Charles,43,27,43,8,0,159.25,scorecard
Nicholas Pooran †,98,53,86,6,8,184.90,scorecard
Shai Hope,25,17,14,0,2,147.05,scorecard
Rovman Powell (c),26,15,28,1,2,173.33,scorecard
Andre Russell,3,3,9,0,0,100.00,scorecard
Sherfane Rutherford,1,1,1,0,0,100.00,scorecard
Rahmanullah Gurbaz †,0,3,1,0,0,0.00,scorecard
Ibrahim Zadran,38,28,34,5,1,135.71,scorecard
Gulbadin Naib,7,10,26,1,0,70.00,scorecard
Azmatullah Omarzai,23,19,26,1,1,121.05,scorecard
Najibullah Zadran,0,2,1,0,0,0.00,scorecard
Mohammad Nabi,1,4,4,0,0,25.00,scorecard
Karim Janat,14,9,14,0,1,155.55,scorecard
Rashid Khan (c),18,11,18,2,1,163.63,scorecard
Noor Ahmad,2,4,6,0,0,50.00,scorecard
Naveen-ul-Haq,4,6,5,1,0,66.66,scorecard
Fazalhaq Farooqi,0,2,3,0,0,0.00,scorecard
Tony Ura,1,2,6,0,0,50.00,scorecard
Assad Vala (c),6,16,19,1,0,37.50,scorecard
Charles Amini,17,25,40,2,0,68.00,scorecard
Sese Bau,12,27,32,1,0,44.44,scorecard
Hiri Hiri,7,11,16,1,0,63.63,scorecard
Chad Soper,1,6,4,0,0,16.66,scorecard
Kiplin Doriga †,5,7,14,1,0,71.42,scorecard
Norman Vanua,14,13,15,1,1,107.69,scorecard
Alei Nao,3,7,14,0,0,42.85,scorecard
Kabua Morea,0,3,3,0,0,0.00,scorecard
Semo Kamea,1,1,1,0,0,100.00,scorecard
Finn Allen,0,2,3,0,0,0.00,scorecard
Devon Conway †,35,32,45,2,3,109.37,scorecard
Rachin Ravindra,6,11,15,0,0,54.54,scorecard
Kane Williamson (c),18,17,38,2,0,105.88,scorecard
Daryl Mitchell,19,12,13,3,0,158.33,scorecard
Pathum Nissanka,0,2,2,0,0,0.00,scorecard
Kusal Mendis †,46,29,49,5,0,158.62,scorecard
Kamindu Mendis,17,20,24,1,1,85.00,scorecard
Dhananjaya de Silva,34,26,38,3,1,130.76,scorecard
Charith Asalanka,46,21,31,1,5,219.04,scorecard
Angelo Mathews,30,15,27,1,2,200.00,scorecard
Dasun Shanaka,0,1,1,0,0,0.00,scorecard
Wanindu Hasaranga (c),20,6,10,1,2,333.33,scorecard
Michael Levitt,31,23,25,2,3,134.78,scorecard
Max O'Dowd,11,8,20,0,1,137.50,scorecard
Vikramjit Singh,7,10,12,0,0,70.00,scorecard
Sybrand Engelbrecht,11,9,12,0,1,122.22,scorecard
Scott Edwards (c)†,31,24,40,2,1,129.16,scorecard
Bas de Leede,3,5,4,0,0,60.00,scorecard
Logan van Beek,0,1,1,0,0,0.00,scorecard
Tim Pringle,2,4,7,0,0,50.00,scorecard
Aryan Dutt,10,8,11,1,0,125.00,scorecard
Paul van Meekeren,3,8,11,0,0,37.50,scorecard
Vivian Kingma,1,1,2,0,0,100.00,scorecard
Andy Balbirnie,0,3,2,0,0,0.00,scorecard
Paul Stirling (c),1,2,11,0,0,50.00,scorecard
Lorcan Tucker †,2,2,1,0,0,100.00,scorecard
Harry Tector,0,6,15,0,0,0.00,scorecard
Curtis Campher,7,14,26,1,0,50.00,scorecard
George Dockrell,11,10,11,2,0,110.00,scorecard
Gareth Delany,31,19,30,1,3,163.15,scorecard
Mark Adair,15,19,34,2,0,78.94,scorecard
Barry McCarthy,2,7,12,0,0,28.57,scorecard
Josh Little,22,18,26,2,1,122.22,scorecard
Ben White,5,20,24,0,0,25.00,scorecard
Mohammad Rizwan †,17,16,30,2,0,106.25,scorecard
Saim Ayub,17,17,19,2,1,100.00,scorecard
Babar Azam (c),32,34,79,2,0,94.11,scorecard
Fakhar Zaman,5,9,15,0,0,55.55,scorecard
Usman Khan,2,3,4,0,0,66.66,scorecard
Shadab Khan,0,2,3,0,0,0.00,scorecard
Imad Wasim,4,6,5,1,0,66.66,scorecard
Abbas Afridi,17,21,32,1,1,80.95,scorecard
Shaheen Shah Afridi,13,5,23,0,2,260.00,scorecard
George Munsey,35,23,40,2,3,152.17,scorecard
Michael Jones,2,3,2,0,0,66.66,scorecard
Brandon McMullen,60,34,44,2,6,176.47,scorecard
Richie Berrington (c),42,31,48,1,2,135.48,scorecard
Matthew Cross †,18,11,13,1,1,163.63,scorecard
Michael Leask,5,8,9,0,0,62.50,scorecard
Chris Greaves,9,10,15,0,0,90.00,scorecard
Travis Head,68,49,68,5,4,138.77,scorecard
David Warner,1,4,4,0,0,25.00,scorecard
Mitchell Marsh (c),8,9,17,1,0,88.88,scorecard
Glenn Maxwell,11,8,13,0,1,137.50,scorecard
Marcus Stoinis,59,29,35,9,2,203.44,scorecard
Tim David,24,14,19,2,1,171.42,scorecard
Matthew Wade †,4,5,13,0,0,80.00,scorecard
Phil Salt,11,8,11,2,0,137.50,scorecard
Jos Buttler (c)†,0,4,6,0,0,0.00,scorecard
Jonny Bairstow,31,18,27,3,2,172.22,scorecard
Harry Brook,47,20,37,4,2,235.00,scorecard
Moeen Ali,16,6,10,0,2,266.66,scorecard
Liam Livingstone,13,4,4,0,2,325.00,scorecard
Michael van Lingen,33,29,41,1,3,113.79,scorecard
Nikolaas Davin,18,16,26,1,1,112.50,scorecard
David Wiese,27,12,17,2,2,225.00,scorecard
Gerhard Erasmus (c),1,3,5,0,0,33.33,scorecard
JJ Smit,0,1,2,0,0,0.00,scorecard
Ronak Patel,2,20,36,0,0,10.00,scorecard
Simon Ssesazi †,0,1,2,0,0,0.00,scorecard
Robinson Obuya,0,1,1,0,0,0.00,scorecard
Alpesh Ramjani,0,6,15,0,0,0.00,scorecard
Kenneth Waiswa,11,18,22,2,0,61.11,scorecard
Riazat Ali Shah,2,13,21,0,0,15.38,scorecard
Dinesh Nakrani,4,13,24,0,0,30.76,scorecard
Brian Masaba (c),3,20,33,0,0,15.00,scorecard
Fred Achelam,9,13,16,1,0,69.23,scorecard
Juma Miyagi,0,1,2,0,0,0.00,scorecard
Cosmas Kyewuta,1,6,4,0,0,16.66,scorecard
Finn Allen,9,17,24,1,0,52.94,scorecard
Devon Conway †,22,15,31,4,0,146.66,scorecard
Rachin Ravindra,1,1,6,0,0,100.00,scorecard
Reeza Hendricks,43,49,64,5,1,87.75,scorecard
Quinton de Kock †,10,11,14,1,0,90.90,scorecard
Aiden Markram (c),15,22,27,2,0,68.18,scorecard
Heinrich Klaasen,3,5,6,0,0,60.00,scorecard
David Miller,7,10,18,0,0,70.00,scorecard
Tristan Stubbs,27,18,18,2,1,150.00,scorecard
Marco Jansen,1,4,9,0,0,25.00,scorecard
Kagiso Rabada,0,1,1,0,0,0.00,scorecard
Kushal Bhurtel,13,21,31,1,1,61.90,scorecard
Aasif Sheikh †,42,49,77,4,1,85.71,scorecard
Rohit Paudel (c),0,2,1,0,0,0.00,scorecard
Anil Sah,27,24,25,3,1,112.50,scorecard
Dipendra Singh Airee,6,11,15,0,0,54.54,scorecard
Kushal Malla,1,3,4,0,0,33.33,scorecard
Gulsan Jha,6,6,13,1,0,100.00,scorecard
Sompal Kami,8,4,9,0,1,200.00,scorecard
Tony Ura,11,18,31,1,0,61.11,scorecard
Assad Vala (c),3,2,9,0,0,150.00,scorecard
Lega Siaka,0,1,1,0,0,0.00,scorecard
Sese Bau,0,1,1,0,0,0.00,scorecard
Hiri Hiri,1,3,4,0,0,33.33,scorecard
Chad Soper,9,26,27,0,0,34.61,scorecard
Kiplin Doriga †,27,32,46,2,0,84.37,scorecard
Norman Vanua,0,7,10,0,0,0.00,scorecard
Alei Nao,13,19,25,2,0,68.42,scorecard
John Kariko,4,7,10,1,0,57.14,scorecard
Semo Kamea,2,3,7,0,0,66.66,scorecard
Rahmanullah Gurbaz †,11,7,15,1,1,157.14,scorecard
Ibrahim Zadran,0,7,9,0,0,0.00,scorecard
Gulbadin Naib,49,36,60,4,2,136.11,scorecard
Azmatullah Omarzai,13,18,26,1,0,72.22,scorecard
Mohammad Nabi,16,23,27,1,0,69.56,scorecard
Pratik Athavale †,5,3,6,1,0,166.66,scorecard
Kashyap Prajapati,9,16,28,0,1,56.25,scorecard
Aqib Ilyas (c),8,10,9,1,0,80.00,scorecard
Zeeshan Maqsood,1,5,7,0,0,20.00,scorecard
Khalid Kail,1,3,6,0,0,33.33,scorecard
Ayaan Khan,1,5,11,0,0,20.00,scorecard
Shoaib Khan,11,23,31,1,0,47.82,scorecard
Mehran Khan,0,2,2,0,0,0.00,scorecard
Fayyaz Butt,2,7,7,0,0,28.57,scorecard
Kaleemullah,5,5,8,1,0,100.00,scorecard
Bilal Khan,0,1,3,0,0,0.00,scorecard
Phil Salt,12,3,2,0,2,400.00,scorecard
Jos Buttler (c)†,24,8,17,4,1,300.00,scorecard
Will Jacks,5,7,7,1,0,71.42,scorecard
Jonny Bairstow,8,2,6,2,0,400.00,scorecard
Tanzid Hasan,35,26,45,5,1,134.61,scorecard
Najmul Hossain Shanto (c),1,3,6,0,0,33.33,scorecard
Litton Das †,1,2,12,0,0,50.00,scorecard
Shakib Al Hasan,64,46,74,9,0,139.13,scorecard
Towhid Hridoy,9,15,13,0,0,60.00,scorecard
Mahmudullah,25,21,22,2,2,119.04,scorecard
Jaker Ali,14,7,11,3,0,200.00,scorecard
Michael Levitt,18,16,17,2,1,112.50,scorecard
Max O'Dowd,12,16,23,3,0,75.00,scorecard
Vikramjit Singh,26,16,22,0,3,162.50,scorecard
Sybrand Engelbrecht,33,22,36,3,1,150.00,scorecard
Scott Edwards (c)†,25,23,28,3,0,108.69,scorecard
Bas de Leede,0,2,1,0,0,0.00,scorecard
Logan van Beek,2,3,10,0,0,66.66,scorecard
Tim Pringle,1,10,16,0,0,10.00,scorecard
Aryan Dutt,15,12,11,1,1,125.00,scorecard
Brandon King,9,12,36,0,1,75.00,scorecard
Johnson Charles,0,5,3,0,0,0.00,scorecard
Nicholas Pooran †,17,12,12,3,0,141.66,scorecard
Roston Chase,0,3,3,0,0,0.00,scorecard
Rovman Powell (c),1,5,5,0,0,20.00,scorecard
Sherfane Rutherford,68,39,72,2,6,174.35,scorecard
Akeal Hosein,15,17,17,0,1,88.23,scorecard
Andre Russell,14,7,8,2,1,200.00,scorecard
Romario Shepherd,13,13,19,0,1,100.00,scorecard
Alzarri Joseph,6,6,6,1,0,100.00,scorecard
Gudakesh Motie,0,1,11,0,0,0.00,scorecard
Devon Conway †,5,8,13,0,0,62.50,scorecard
Finn Allen,26,23,25,3,1,113.04,scorecard
Rachin Ravindra,10,13,27,0,0,76.92,scorecard
Kane Williamson (c),1,2,4,0,0,50.00,scorecard
Daryl Mitchell,12,13,18,1,0,92.30,scorecard
Glenn Phillips,40,33,40,3,2,121.21,scorecard
James Neesham,10,11,18,0,1,90.90,scorecard
Mitchell Santner,21,12,24,0,3,175.00,scorecard
Tim Southee,0,1,1,0,0,0.00,scorecard
Trent Boult,7,4,5,0,1,175.00,scorecard
Lockie Ferguson,0,0,3,0,0,-,scorecard
Shayan Jahangir,0,1,1,0,0,0.00,scorecard
Steven Taylor,24,30,57,0,2,80.00,scorecard
Andries Gous †,2,5,4,0,0,40.00,scorecard
Aaron Jones (c),11,22,29,0,1,50.00,scorecard
Nitish Kumar,27,23,33,2,1,117.39,scorecard
Corey Anderson,15,12,25,1,1,125.00,scorecard
Harmeet Singh,10,10,16,0,1,100.00,scorecard
Shadley van Schalkwyk,11,10,15,1,0,110.00,scorecard
Jasdeep Singh,2,7,11,0,0,28.57,scorecard
Rohit Sharma (c),3,6,12,0,0,50.00,scorecard
Virat Kohli,0,1,1,0,0,0.00,scorecard
Rishabh Pant †,18,20,38,1,1,90.00,scorecard
Suryakumar Yadav,50,49,80,2,2,102.04,scorecard
Shivam Dube,31,35,51,1,1,88.57,scorecard
Michael van Lingen,10,10,20,2,0,100.00,scorecard
Nikolaas Davin,2,7,12,0,0,28.57,scorecard
Jan Frylinck,1,6,4,0,0,16.66,scorecard
Gerhard Erasmus (c),36,43,64,4,1,83.72,scorecard
JJ Smit,3,9,15,0,0,33.33,scorecard
Zane Green †,1,4,6,0,0,25.00,scorecard
David Wiese,1,7,7,0,0,14.28,scorecard
Ruben Trumpelmann,7,7,8,0,1,100.00,scorecard
Bernard Scholtz,0,2,1,0,0,0.00,scorecard
Jack Brassell,2,3,22,0,0,66.66,scorecard
Ben Shikongo,0,4,3,0,0,0.00,scorecard
David Warner,20,8,7,3,1,250.00,scorecard
Travis Head,34,17,24,5,2,200.00,scorecard
Mitchell Marsh (c),18,9,16,3,1,200.00,scorecard
Aaron Johnson,52,44,64,4,4,118.18,scorecard
Navneet Dhaliwal,4,7,13,1,0,57.14,scorecard
Pargat Singh,2,6,9,0,0,33.33,scorecard
Nicholas Kirton,1,6,10,0,0,16.66,scorecard
Shreyas Movva †,2,9,11,0,0,22.22,scorecard
Ravinderpal Singh,0,2,1,0,0,0.00,scorecard
Saad Bin Zafar (c),10,21,29,1,0,47.61,scorecard
Kaleem Sana,13,14,27,0,1,92.85,scorecard
Dilon Heyliger,9,11,12,1,0,81.81,scorecard
Mohammad Rizwan †,53,53,83,2,1,100.00,scorecard
Saim Ayub,6,12,22,0,0,50.00,scorecard
Babar Azam (c),33,33,43,1,1,100.00,scorecard
Fakhar Zaman,4,6,15,0,0,66.66,scorecard
Usman Khan,2,1,1,0,0,200.00,scorecard
Quinton de Kock †,18,11,13,1,2,163.63,scorecard
Reeza Hendricks,0,1,4,0,0,0.00,scorecard
Aiden Markram (c),4,8,14,1,0,50.00,scorecard
Tristan Stubbs,0,5,9,0,0,0.00,scorecard
Heinrich Klaasen,46,44,60,2,3,104.54,scorecard
David Miller,29,38,62,1,1,76.31,scorecard
Marco Jansen,5,5,13,0,0,100.00,scorecard
Keshav Maharaj,4,8,7,0,0,50.00,scorecard
Tanzid Hasan,9,9,8,2,0,100.00,scorecard
Najmul Hossain Shanto (c),14,23,44,0,1,60.86,scorecard
Litton Das †,9,13,18,1,0,69.23,scorecard
Shakib Al Hasan,3,4,6,0,0,75.00,scorecard
Towhid Hridoy,37,34,46,2,2,108.82,scorecard
Mahmudullah,20,27,54,2,0,74.07,scorecard
Jaker Ali,8,9,11,0,0,88.88,scorecard
Rishad Hossain,0,1,5,0,0,0.00,scorecard
Taskin Ahmed,1,1,1,0,0,100.00,scorecard
Pratik Athavale †,54,40,65,5,2,135.00,scorecard
Naseem Khushi,10,9,11,0,1,111.11,scorecard
Aqib Ilyas (c),16,6,11,2,1,266.66,scorecard
Zeeshan Maqsood,3,4,6,0,0,75.00,scorecard
Khalid Kail,5,7,8,0,0,71.42,scorecard
Ayaan Khan,41,39,44,4,0,105.12,scorecard
Mehran Khan,13,10,10,2,0,130.00,scorecard
Rafiullah,0,3,2,0,0,0.00,scorecard
Shakeel Ahmed,3,2,5,0,0,150.00,scorecard
George Munsey,41,20,35,2,4,205.00,scorecard
Michael Jones,16,13,12,1,2,123.07,scorecard
Brandon McMullen,61,31,42,9,2,196.77,scorecard
Richie Berrington (c),13,7,7,1,1,185.71,scorecard
Matthew Cross †,15,8,12,0,2,187.50,scorecard
Rohit Sharma (c),13,12,15,1,1,108.33,scorecard
Virat Kohli,4,3,7,1,0,133.33,scorecard
Rishabh Pant †,42,31,65,6,0,135.48,scorecard
Axar Patel,20,18,26,2,1,111.11,scorecard
Suryakumar Yadav,7,8,16,1,0,87.50,scorecard
Shivam Dube,3,9,7,0,0,33.33,scorecard
Hardik Pandya,7,12,24,1,0,58.33,scorecard
Ravindra Jadeja,0,1,1,0,0,0.00,scorecard
Arshdeep Singh,9,13,26,1,0,69.23,scorecard
Jasprit Bumrah,0,1,1,0,0,0.00,scorecard
Mohammed Siraj,7,7,7,0,0,100.00,scorecard
Mohammad Rizwan †,31,44,67,1,1,70.45,scorecard
Babar Azam (c),13,10,23,2,0,130.00,scorecard
Usman Khan,13,15,23,1,0,86.66,scorecard
Fakhar Zaman,13,8,8,1,1,162.50,scorecard
Imad Wasim,15,23,40,1,0,65.21,scorecard
Shadab Khan,4,7,10,0,0,57.14,scorecard
Iftikhar Ahmed,5,9,14,0,0,55.55,scorecard
Shaheen Shah Afridi,0,1,4,0,0,0.00,scorecard
Naseem Shah,10,4,3,2,0,250.00,scorecard
Brandon King,13,8,20,2,0,162.50,scorecard
Johnson Charles,44,42,53,4,2,104.76,scorecard
Nicholas Pooran †,22,17,17,0,3,129.41,scorecard
Rovman Powell (c),23,18,26,1,1,127.77,scorecard
Sherfane Rutherford,22,16,23,2,1,137.50,scorecard
Andre Russell,30,17,23,6,0,176.47,scorecard
Romario Shepherd,5,5,13,0,0,100.00,scorecard
Roger Mukasa,0,2,1,0,0,0.00,scorecard
Simon Ssesazi †,4,3,6,1,0,133.33,scorecard
Robinson Obuya,6,8,12,1,0,75.00,scorecard
Alpesh Ramjani,5,6,5,1,0,83.33,scorecard
Kenneth Waiswa,1,10,20,0,0,10.00,scorecard
Riazat Ali Shah,3,8,5,0,0,37.50,scorecard
Dinesh Nakrani,0,2,7,0,0,0.00,scorecard
Brian Masaba (c),1,4,8,0,0,25.00,scorecard
Juma Miyagi,13,20,20,0,0,65.00,scorecard
Cosmas Kyewuta,1,6,10,0,0,16.66,scorecard
Frank Nsubuga,0,3,4,0,0,0.00,scorecard
Travis Head,34,18,25,2,3,188.88,scorecard
David Warner,39,16,22,2,4,243.75,scorecard
Mitchell Marsh (c),35,25,43,2,2,140.00,scorecard
Glenn Maxwell,28,25,44,3,1,112.00,scorecard
Marcus Stoinis,30,17,30,2,2,176.47,scorecard
Tim David,11,8,10,0,1,137.50,scorecard
Matthew Wade †,17,10,21,3,0,170.00,scorecard
Pat Cummins,0,1,1,0,0,0.00,scorecard
Mitchell Starc,0,0,3,0,0,-,scorecard
Phil Salt,37,23,36,4,2,160.86,scorecard
Jos Buttler (c)†,42,28,47,5,2,150.00,scorecard
Will Jacks,10,10,15,1,0,100.00,scorecard
Jonny Bairstow,7,13,17,0,0,53.84,scorecard
Moeen Ali,25,15,21,0,3,166.66,scorecard
Harry Brook,20,16,28,2,0,125.00,scorecard
Liam Livingstone,15,12,13,0,1,125.00,scorecard
Chris Jordan,1,3,5,0,0,33.33,scorecard
Michael Levitt,0,3,4,0,0,0.00,scorecard
Max O'Dowd,2,6,19,0,0,33.33,scorecard
Vikramjit Singh,12,17,19,1,0,70.58,scorecard
Sybrand Engelbrecht,40,45,63,2,1,88.88,scorecard
Bas de Leede,6,16,17,0,0,37.50,scorecard
Scott Edwards (c)†,10,9,8,0,1,111.11,scorecard
Teja Nidamanuru,0,1,2,0,0,0.00,scorecard
Logan van Beek,23,22,34,3,0,104.54,scorecard
Tim Pringle,0,2,1,0,0,0.00,scorecard
Paul van Meekeren,1,1,2,0,0,100.00,scorecard
Reeza Hendricks,3,10,8,0,0,30.00,scorecard
Quinton de Kock †,0,0,1,0,0,-,scorecard
Aiden Markram (c),0,3,13,0,0,0.00,scorecard
Tristan Stubbs,33,37,70,1,1,89.18,scorecard
Heinrich Klaasen,4,7,8,0,0,57.14,scorecard
David Miller,59,51,67,3,4,115.68,scorecard
Marco Jansen,3,5,8,0,0,60.00,scorecard
Keshav Maharaj,0,1,4,0,0,0.00,scorecard
Pathum Nissanka,47,28,40,7,1,167.85,scorecard
Kusal Mendis †,10,8,11,2,0,125.00,scorecard
Kamindu Mendis,4,5,11,1,0,80.00,scorecard
Dhananjaya de Silva,21,26,51,1,0,80.76,scorecard
Charith Asalanka,19,21,23,0,1,90.47,scorecard
Wanindu Hasaranga (c),0,1,1,0,0,0.00,scorecard
Angelo Mathews,16,19,27,1,0,84.21,scorecard
Dasun Shanaka,3,7,8,0,0,42.85,scorecard
Maheesh Theekshana,0,3,4,0,0,0.00,scorecard
Matheesha Pathirana,0,1,7,0,0,0.00,scorecard
Nuwan Thushara,0,1,1,0,0,0.00,scorecard
Tanzid Hasan,3,6,8,0,0,50.00,scorecard
Soumya Sarkar,0,2,2,0,0,0.00,scorecard
Litton Das †,36,38,63,2,1,94.73,scorecard
Najmul Hossain Shanto (c),7,13,16,0,0,53.84,scorecard
Towhid Hridoy,40,20,28,1,4,200.00,scorecard
Shakib Al Hasan,8,14,19,0,0,57.14,scorecard
Mahmudullah,16,13,29,0,1,123.07,scorecard
Rishad Hossain,1,3,6,0,0,33.33,scorecard
Taskin Ahmed,0,1,1,0,0,0.00,scorecard
Tanzim Hasan Sakib,1,4,10,0,0,25.00,scorecard
Rahmanullah Gurbaz †,80,56,92,5,5,142.85,scorecard
Ibrahim Zadran,44,41,66,3,2,107.31,scorecard
Azmatullah Omarzai,22,13,9,1,2,169.23,scorecard
Mohammad Nabi,0,1,3,0,0,0.00,scorecard
Rashid Khan (c),6,5,8,1,0,120.00,scorecard
Karim Janat,1,1,6,0,0,100.00,scorecard
Gulbadin Naib,0,2,3,0,0,0.00,scorecard
Najibullah Zadran,1,1,1,0,0,100.00,scorecard
Finn Allen,0,1,1,0,0,0.00,scorecard
Devon Conway †,8,10,16,1,0,80.00,scorecard
Kane Williamson (c),9,13,38,1,0,69.23,scorecard
Daryl Mitchell,5,5,10,1,0,100.00,scorecard
Glenn Phillips,18,18,28,2,0,100.00,scorecard
Mark Chapman,4,7,8,0,0,57.14,scorecard
Michael Bracewell,0,1,2,0,0,0.00,scorecard
Mitchell Santner,4,8,12,0,0,50.00,scorecard
Matt Henry,12,17,21,0,1,70.58,scorecard
Lockie Ferguson,2,5,3,0,0,40.00,scorecard
Trent Boult,3,7,10,0,0,42.85,scorecard
Aaron Johnson,14,13,23,3,0,107.69,scorecard
Navneet Dhaliwal,6,10,10,1,0,60.00,scorecard
Pargat Singh,18,14,21,2,0,128.57,scorecard
Dilpreet Bajwa,7,9,15,1,0,77.77,scorecard
Nicholas Kirton,49,35,56,3,2,140.00,scorecard
Shreyas Movva †,37,36,56,3,0,102.77,scorecard
Dilon Heyliger,0,2,1,0,0,0.00,scorecard
Saad Bin Zafar (c),1,1,4,0,0,100.00,scorecard
Andy Balbirnie,17,19,29,1,0,89.47,scorecard
Paul Stirling (c),9,17,25,1,0,52.94,scorecard
Lorcan Tucker †,10,15,21,0,0,66.66,scorecard
Harry Tector,7,5,6,0,0,140.00,scorecard
Curtis Campher,4,7,16,0,0,57.14,scorecard
George Dockrell,30,23,47,2,1,130.43,scorecard
Gareth Delany,3,7,5,0,0,42.85,scorecard
Mark Adair,34,24,33,3,1,141.66,scorecard
Barry McCarthy,2,3,2,0,0,66.66,scorecard
JP Kotze,0,3,2,0,0,0.00,scorecard
Nikolaas Davin,20,12,24,4,0,166.66,scorecard
Jan Frylinck,12,14,13,2,0,85.71,scorecard
Gerhard Erasmus (c),52,31,44,5,2,167.74,scorecard
Malan Kruger,2,8,13,0,0,25.00,scorecard
Zane Green †,28,27,39,1,1,103.70,scorecard
David Wiese,14,13,14,0,1,107.69,scorecard
Ruben Trumpelmann,1,2,5,0,0,50.00,scorecard
JJ Smit,11,8,9,0,1,137.50,scorecard
Bernard Scholtz,6,4,9,0,0,150.00,scorecard
Tangeni Lungameni,0,0,3,0,0,-,scorecard
George Munsey,7,15,21,0,0,46.66,scorecard
Michael Jones,26,20,38,3,1,130.00,scorecard
Brandon McMullen,19,17,25,2,0,111.76,scorecard
Richie Berrington (c),47,35,48,2,2,134.28,scorecard
Matthew Cross †,3,5,4,0,0,60.00,scorecard
Michael Leask,35,17,29,0,4,205.88,scorecard
Chris Greaves,4,3,4,0,0,133.33,scorecard
Mohammad Rizwan,9,8,5,0,1,112.50,scorecard
Babar Azam (c),44,43,76,3,2,102.32,scorecard
Usman Khan,3,3,5,0,0,100.00,scorecard
Fakhar Zaman,11,7,11,0,1,157.14,scorecard
Shadab Khan,40,25,35,1,3,160.00,scorecard
Azam Khan †,0,1,2,0,0,0.00,scorecard
Iftikhar Ahmed,18,14,27,3,0,128.57,scorecard
Shaheen Shah Afridi,23,16,25,1,2,143.75,scorecard
Haris Rauf,3,3,11,0,0,100.00,scorecard
Steven Taylor,12,16,-,1,0,75.00,scorecard
Monank Patel (c)†,50,38,-,7,1,131.57,scorecard
Andries Gous,35,26,-,5,1,134.61,scorecard
Aaron Jones,36,26,-,2,2,138.46,scorecard
Nitish Kumar,14,14,-,1,0,100.00,scorecard
David Warner,56,51,91,6,1,109.80,scorecard
Travis Head,12,10,13,2,0,120.00,scorecard
Mitchell Marsh (c),14,21,25,2,0,66.66,scorecard
Glenn Maxwell,0,1,1,0,0,0.00,scorecard
Marcus Stoinis,67,36,55,2,6,186.11,scorecard
Tim David,9,4,5,2,0,225.00,scorecard
Kashyap Prajapati,7,16,27,1,0,43.75,scorecard
Pratik Athavale †,0,1,3,0,0,0.00,scorecard
Aqib Ilyas (c),18,18,29,2,1,100.00,scorecard
Zeeshan Maqsood,1,7,12,0,0,14.28,scorecard
Khalid Kail,8,12,24,1,0,66.66,scorecard
Ayaan Khan,36,30,42,2,2,120.00,scorecard
Shoaib Khan,0,4,7,0,0,0.00,scorecard
Mehran Khan,27,16,34,1,2,168.75,scorecard
Shakeel Ahmed,11,10,21,1,0,110.00,scorecard
Kaleemullah,6,4,6,0,0,150.00,scorecard
Bilal Khan,1,2,2,0,0,50.00,scorecard
Assad Vala (c),0,2,2,0,0,0.00,scorecard
Tony Ura,2,6,21,0,0,33.33,scorecard
Sese Bau,5,9,11,1,0,55.55,scorecard
Lega Siaka,12,17,19,1,0,70.58,scorecard
Hiri Hiri,15,19,32,2,0,78.94,scorecard
Charles Amini,5,14,10,0,0,35.71,scorecard
Kiplin Doriga †,12,20,18,0,1,60.00,scorecard
Chad Soper,4,11,15,0,0,36.36,scorecard
Norman Vanua,5,10,17,0,0,50.00,scorecard
Alei Nao,5,6,10,0,0,83.33,scorecard
John Kariko,0,2,2,0,0,0.00,scorecard
Roger Mukasa,0,3,2,0,0,0.00,scorecard
Simon Ssesazi †,1,3,13,0,0,33.33,scorecard
Robinson Obuya,1,2,4,0,0,50.00,scorecard
Riazat Ali Shah,33,56,68,1,0,58.92,scorecard
Alpesh Ramjani,8,10,15,1,0,80.00,scorecard
Dinesh Nakrani,0,3,2,0,0,0.00,scorecard
Juma Miyagi,13,16,25,0,0,81.25,scorecard
Kenneth Waiswa,7,16,19,0,0,43.75,scorecard
Brian Masaba (c),0,1,3,0,0,0.00,scorecard
Andy Balbirnie,5,10,-,1,0,50.00,scorecard
Paul Stirling (c),2,6,-,0,0,33.33,scorecard
Lorcan Tucker †,10,13,-,2,0,76.92,scorecard
Harry Tector,4,16,-,0,0,25.00,scorecard
Curtis Campher,12,8,-,1,1,150.00,scorecard
George Dockrell,3,5,-,0,0,60.00,scorecard
Gareth Delany,26,14,-,2,2,185.71,scorecard
Mark Adair,3,2,-,0,0,150.00,scorecard
Barry McCarthy,0,6,-,0,0,0.00,scorecard
Josh Little,14,13,-,2,0,107.69,scorecard
Ben White,2,4,-,0,0,50.00,scorecard
Rohit Sharma (c),52,37,48,4,3,140.54,scorecard
Virat Kohli,1,5,13,0,0,20.00,scorecard
Rishabh Pant †,36,26,46,3,2,138.46,scorecard
Suryakumar Yadav,2,4,9,0,0,50.00,scorecard
Shivam Dube,0,2,3,0,0,0.00,scorecard
Kushal Bhurtel,7,10,14,1,0,70.00,scorecard
Aasif Sheikh †,4,8,8,1,0,50.00,scorecard
Anil Sah,11,12,29,2,0,91.66,scorecard
Rohit Paudel (c),35,37,59,5,0,94.59,scorecard
Kushal Malla,9,9,8,1,0,100.00,scorecard
Dipendra Singh Airee,1,6,4,0,0,16.66,scorecard
Sompal Kami,0,5,10,0,0,0.00,scorecard
Gulsan Jha,14,15,28,0,1,93.33,scorecard
Karan KC,17,12,13,0,2,141.66,scorecard
Sagar Dhakal,0,1,3,0,0,0.00,scorecard
Abinash Bohara,0,1,1,0,0,0.00,scorecard
Michael Levitt,1,3,6,0,0,33.33,scorecard
Max O'Dowd,54,48,86,4,1,112.50,scorecard
Vikramjit Singh,22,28,32,4,0,78.57,scorecard
Sybrand Engelbrecht,14,16,18,1,0,87.50,scorecard
Scott Edwards (c)†,5,8,11,0,0,62.50,scorecard
Bas de Leede,11,10,13,1,0,110.00,scorecard
George Munsey,41,31,46,4,2,132.25,scorecard
Michael Jones,45,30,46,4,2,150.00,scorecard
Rahmanullah Gurbaz †,76,45,70,4,4,168.88,scorecard
Ibrahim Zadran,70,46,66,9,1,152.17,scorecard
Najibullah Zadran,2,3,8,0,0,66.66,scorecard
Mohammad Nabi,14,16,23,0,0,87.50,scorecard
Gulbadin Naib,4,5,6,0,0,80.00,scorecard
Azmatullah Omarzai,5,5,9,0,0,100.00,scorecard
Rashid Khan (c),2,1,1,0,0,200.00,scorecard
Ronak Patel,4,2,1,1,0,200.00,scorecard
Simon Ssesazi †,4,4,9,1,0,100.00,scorecard
Roger Mukasa,0,1,1,0,0,0.00,scorecard
Riazat Ali Shah,11,34,56,0,0,32.35,scorecard
Dinesh Nakrani,6,8,11,1,0,75.00,scorecard
Alpesh Ramjani,0,2,1,0,0,0.00,scorecard
Robinson Obuya,14,25,42,0,1,56.00,scorecard
Brian Masaba (c),0,1,1,0,0,0.00,scorecard
Bilal Hassan,8,16,18,1,0,50.00,scorecard
Cosmas Kyewuta,2,2,15,0,0,100.00,scorecard
Henry Ssenyondo,0,1,1,0,0,0.00,scorecard
Pathum Nissanka,3,8,15,0,0,37.50,scorecard
Kusal Mendis †,19,30,46,1,0,63.33,scorecard
Kamindu Mendis,11,15,19,1,0,73.33,scorecard
Wanindu Hasaranga (c),0,2,2,0,0,0.00,scorecard
Sadeera Samarawickrama,0,1,1,0,0,0.00,scorecard
Charith Asalanka,6,9,11,0,0,66.66,scorecard
Angelo Mathews,16,16,24,0,2,100.00,scorecard
Dasun Shanaka,9,10,13,0,1,90.00,scorecard
Maheesh Theekshana,7,16,20,1,0,43.75,scorecard
Matheesha Pathirana,0,4,8,0,0,0.00,scorecard
Nuwan Thushara,0,4,7,0,0,0.00,scorecard
Quinton de Kock †,20,27,54,0,1,74.07,scorecard
Reeza Hendricks,4,2,8,1,0,200.00,scorecard
Aiden Markram (c),12,14,14,0,1,85.71,scorecard
Tristan Stubbs,13,28,39,0,0,46.42,scorecard
Heinrich Klaasen,19,22,22,1,1,86.36,scorecard
David Miller,6,6,13,1,0,100.00,scorecard
Kashyap Prajapati,0,1,1,0,0,0.00,scorecard
Naseem Khushi †,6,6,16,1,0,100.00,scorecard
Aqib Ilyas (c),0,1,2,0,0,0.00,scorecard
Zeeshan Maqsood,22,20,29,4,0,110.00,scorecard
Khalid Kail,34,39,56,1,1,87.17,scorecard
Ayaan Khan,15,21,16,0,1,71.42,scorecard
Mohammad Nadeem,6,10,10,0,0,60.00,scorecard
Mehran Khan,7,8,12,1,0,87.50,scorecard
Shakeel Ahmed,11,9,13,2,0,122.22,scorecard
Kaleemullah,2,3,4,0,0,66.66,scorecard
Bilal Khan,1,1,5,0,0,100.00,scorecard
Michael van Lingen,0,2,1,0,0,0.00,scorecard
Nikolaas Davin,24,31,35,2,1,77.41,scorecard
Jan Frylinck,45,48,77,6,0,93.75,scorecard
Gerhard Erasmus (c),13,16,19,1,0,81.25,scorecard
JJ Smit,8,12,13,1,0,66.66,scorecard
David Wiese,9,8,15,0,1,112.50,scorecard
Zane Green †,0,2,2,0,0,0.00,scorecard
Malan Kruger,1,1,3,0,0,100.00,scorecard
Tony Ura,2,5,7,0,0,40.00,scorecard
Assad Vala (c),21,22,26,2,1,95.45,scorecard
Lega Siaka,1,2,2,0,0,50.00,scorecard
Sese Bau,50,43,55,6,1,116.27,scorecard
Hiri Hiri,2,6,10,0,0,33.33,scorecard
Charles Amini,12,14,22,0,0,85.71,scorecard
Kiplin Doriga †,27,18,23,3,0,150.00,scorecard
Chad Soper,10,9,10,1,0,111.11,scorecard
Alei Nao,0,0,2,0,0,-,scorecard
Kabua Morea,2,2,3,0,0,100.00,scorecard
Brandon King,34,29,44,7,0,117.24,scorecard
Johnson Charles,0,1,6,0,0,0.00,scorecard
Nicholas Pooran †,27,27,30,1,2,100.00,scorecard
Roston Chase,42,27,39,4,2,155.55,scorecard
Rovman Powell (c),15,14,14,2,0,107.14,scorecard
Sherfane Rutherford,2,7,6,0,0,28.57,scorecard
Andre Russell,15,9,11,0,1,166.66,scorecard
Aaron Johnson,23,16,24,5,0,143.75,scorecard
Navneet Dhaliwal,61,44,62,6,3,138.63,scorecard
Pargat Singh,5,7,12,0,0,71.42,scorecard
Nicholas Kirton,51,31,43,3,2,164.51,scorecard
Shreyas Movva †,32,16,29,2,2,200.00,scorecard
Dilpreet Bajwa,11,5,5,1,1,220.00,scorecard
Dilon Heyliger,1,1,4,0,0,100.00,scorecard
Steven Taylor,0,2,2,0,0,0.00,scorecard
Monank Patel (c)†,16,16,33,2,0,100.00,scorecard
Andries Gous,65,46,76,7,3,141.30,scorecard
Aaron Jones,94,40,56,4,10,235.00,scorecard
Corey Anderson,3,5,8,0,0,60.00,scorecard
