bowlerName,overs,maidens,runs,wickets,economy,dots,fours,sixes,wides,no_balls,match_id
Marco Jansen,4,0,49,1,12.25,4,5,2,1,1,scorecard
Keshav Maharaj,3,0,23,2,7.66,10,3,1,0,0,scorecard
Kagiso Rabada,4,0,36,1,9.00,8,2,2,2,0,scorecard
Aiden Markram,2,0,16,0,8.00,1,0,1,0,0,scorecard
Anrich Nortje,4,0,26,2,6.50,7,2,0,2,0,scorecard
Tabraiz Shamsi,3,0,26,0,8.66,4,1,1,1,0,scorecard
Arshdeep Singh,4,0,20,2,5.00,12,2,0,0,0,scorecard
Jasprit Bumrah,4,0,18,2,4.50,14,2,0,0,0,scorecard
Axar Patel,4,0,49,1,12.25,8,5,3,2,0,scorecard
Kuldeep Yadav,4,0,45,0,11.25,6,3,3,0,0,scorecard
Hardik Pandya,3,0,20,3,6.66,9,1,1,1,1,scorecard
Ravindra Jadeja,1,0,12,0,12.00,0,0,1,0,0,scorecard
Reece Topley,3,0,25,1,8.33,8,3,1,0,0,scorecard
Jofra Archer,4,0,33,1,8.25,7,4,0,0,0,scorecard
Sam Curran,2,0,25,1,12.50,3,2,2,0,0,scorecard
Adil Rashid,4,0,25,1,6.25,9,3,0,0,0,scorecard
Chris Jordan,3,0,37,3,12.33,4,0,4,0,0,scorecard
Liam Livingstone,4,0,24,0,6.00,9,1,1,1,0,scorecard
Arshdeep Singh,2,0,17,0,8.50,5,3,0,0,0,scorecard
Jasprit Bumrah,2.4,0,12,2,4.50,8,1,0,0,0,scorecard
Axar Patel,4,0,23,3,5.75,10,0,1,0,0,scorecard
Kuldeep Yadav,4,0,19,3,4.75,12,2,0,0,0,scorecard
Ravindra Jadeja,3,0,16,0,5.33,6,1,0,0,0,scorecard
Hardik Pandya,1,0,14,0,14.00,1,1,1,0,0,scorecard
Marco Jansen,3,0,16,3,5.33,13,2,0,4,0,scorecard
Keshav Maharaj,1,0,6,0,6.00,3,1,0,0,0,scorecard
Kagiso Rabada,3,1,14,2,4.66,13,3,0,0,0,scorecard
Anrich Nortje,3,0,7,2,2.33,14,0,0,1,0,scorecard
Tabraiz Shamsi,1.5,0,6,3,3.27,9,1,0,1,0,scorecard
Naveen-ul-Haq,3,0,15,0,5.00,12,2,0,1,0,scorecard
Fazalhaq Farooqi,2,0,11,1,5.50,9,2,0,1,0,scorecard
Rashid Khan,1,0,8,0,8.00,2,1,0,0,0,scorecard
Azmatullah Omarzai,1.5,0,18,0,9.81,6,2,1,0,1,scorecard
Gulbadin Naib,1,0,8,0,8.00,2,1,0,0,0,scorecard
Tanzim Hasan Sakib,4,0,36,0,9.00,9,1,2,1,0,scorecard
Taskin Ahmed,4,1,12,1,3.00,19,0,1,0,0,scorecard
Shakib Al Hasan,4,0,19,0,4.75,11,0,1,0,0,scorecard
Mustafizur Rahman,4,0,17,1,4.25,14,2,0,0,0,scorecard
Rishad Hossain,4,0,26,3,6.50,13,3,0,1,0,scorecard
Naveen-ul-Haq,3.5,0,26,4,6.78,12,3,1,0,0,scorecard
Fazalhaq Farooqi,2,0,15,1,7.50,3,1,0,2,0,scorecard
Mohammad Nabi,2,0,15,0,7.50,5,2,0,0,0,scorecard
Rashid Khan,4,0,23,4,5.75,9,2,0,1,0,scorecard
Noor Ahmad,4,0,13,0,3.25,18,2,0,0,0,scorecard
Gulbadin Naib,2,0,5,1,2.50,7,0,0,0,0,scorecard
Mitchell Starc,4,0,45,2,11.25,12,4,4,1,0,scorecard
Josh Hazlewood,4,0,14,1,3.50,13,1,0,0,0,scorecard
Pat Cummins,4,0,48,0,12.00,5,4,3,0,0,scorecard
Adam Zampa,4,0,41,0,10.25,2,1,3,0,0,scorecard
Marcus Stoinis,4,0,56,2,14.00,6,4,5,1,0,scorecard
Arshdeep Singh,4,0,37,3,9.25,12,4,2,2,0,scorecard
Jasprit Bumrah,4,0,29,1,7.25,11,3,1,0,0,scorecard
Axar Patel,3,0,21,1,7.00,9,2,1,0,0,scorecard
Hardik Pandya,4,0,47,0,11.75,8,4,3,1,0,scorecard
Kuldeep Yadav,4,0,24,2,6.00,9,1,1,0,0,scorecard
Ravindra Jadeja,1,0,17,0,17.00,0,2,1,0,0,scorecard
Marco Jansen,2,0,17,1,8.50,6,2,0,4,0,scorecard
Aiden Markram,4,0,28,1,7.00,11,1,2,2,0,scorecard
Keshav Maharaj,4,0,24,1,6.00,10,1,1,0,0,scorecard
Anrich Nortje,4,0,26,0,6.50,13,1,2,2,0,scorecard
Tabraiz Shamsi,4,0,27,3,6.75,11,3,1,0,0,scorecard
Kagiso Rabada,2,0,11,1,5.50,7,0,1,0,0,scorecard
Akeal Hosein,3,0,31,0,10.33,6,6,0,0,0,scorecard
Andre Russell,4,0,19,2,4.75,13,2,0,1,0,scorecard
Alzarri Joseph,4,0,25,2,6.25,9,1,0,1,0,scorecard
Gudakesh Motie,1,0,20,0,20.00,0,3,1,0,0,scorecard
Obed McCoy,1.1,0,15,0,12.85,3,1,1,3,0,scorecard
Roston Chase,3,0,12,3,4.00,10,1,0,0,0,scorecard
Reece Topley,3,0,29,1,9.66,8,2,2,0,0,scorecard
Jofra Archer,3,0,16,0,5.33,12,1,1,0,0,scorecard
Sam Curran,2,0,23,2,11.50,4,3,1,0,0,scorecard
Adil Rashid,4,0,13,2,3.25,13,0,0,1,0,scorecard
Liam Livingstone,4,0,24,1,6.00,10,1,1,0,0,scorecard
Chris Jordan,2.5,0,10,4,3.52,8,0,0,0,0,scorecard
Saurabh Netravalkar,2,0,21,0,10.50,5,1,2,0,0,scorecard
Harmeet Singh,2,0,36,0,18.00,3,0,5,2,0,scorecard
Nosthush Kenjige,2,0,19,0,9.50,3,3,0,0,0,scorecard
Ali Khan,2,0,26,0,13.00,2,2,0,2,0,scorecard
Shadley van Schalkwyk,1.4,0,15,0,9.00,2,2,0,0,1,scorecard
Ashton Agar,4,1,17,0,4.25,15,1,0,0,0,scorecard
Josh Hazlewood,4,0,39,0,9.75,10,4,2,1,0,scorecard
Pat Cummins,4,0,28,3,7.00,13,3,1,1,0,scorecard
Adam Zampa,4,0,28,2,7.00,9,2,1,1,0,scorecard
Glenn Maxwell,2,0,12,0,6.00,5,1,0,1,0,scorecard
Marcus Stoinis,2,0,19,1,9.50,4,1,1,0,0,scorecard
Naveen-ul-Haq,4,0,20,3,5.00,12,2,0,0,0,scorecard
Fazalhaq Farooqi,3,0,21,0,7.00,8,2,0,0,1,scorecard
Azmatullah Omarzai,1.2,0,10,1,7.50,5,2,0,0,0,scorecard
Mohammad Nabi,1,0,1,1,1.00,5,0,0,0,0,scorecard
Nangeyalia Kharote,1,0,13,0,13.00,1,1,1,0,0,scorecard
Rashid Khan,4,0,23,1,5.75,11,1,1,2,0,scorecard
Noor Ahmad,1,0,11,0,11.00,3,1,0,1,0,scorecard
Gulbadin Naib,4,0,20,4,5.00,13,1,1,0,0,scorecard
Mahedi Hasan,4,0,28,0,7.00,9,2,1,0,0,scorecard
Shakib Al Hasan,3,0,37,1,12.33,5,2,3,1,0,scorecard
Tanzim Hasan Sakib,4,0,32,2,8.00,11,1,3,1,0,scorecard
Mustafizur Rahman,4,0,48,0,12.00,6,5,2,1,1,scorecard
Rishad Hossain,3,0,43,2,14.33,4,2,4,2,0,scorecard
Mahmudullah,2,0,8,0,4.00,5,0,0,1,0,scorecard
Arshdeep Singh,4,0,30,2,7.50,12,4,1,1,0,scorecard
Jasprit Bumrah,4,0,13,2,3.25,15,1,0,0,0,scorecard
Axar Patel,2,0,26,0,13.00,2,2,2,0,0,scorecard
Hardik Pandya,3,0,32,1,10.66,6,1,3,2,0,scorecard
Ravindra Jadeja,3,0,24,0,8.00,5,2,1,0,0,scorecard
Kuldeep Yadav,4,0,19,3,4.75,11,0,1,0,0,scorecard
Akeal Hosein,3,0,13,0,4.33,8,1,0,0,0,scorecard
Andre Russell,3.5,0,31,3,8.08,13,3,1,3,0,scorecard
Obed McCoy,2,0,20,0,10.00,4,3,0,1,0,scorecard
Alzarri Joseph,4,0,31,2,7.75,9,1,2,1,1,scorecard
Gudakesh Motie,3,0,14,1,4.66,9,1,0,0,0,scorecard
Roston Chase,4,0,19,3,4.75,9,1,0,1,0,scorecard
Saurabh Netravalkar,2.5,0,31,0,10.94,7,2,3,0,0,scorecard
Nosthush Kenjige,1,0,11,0,11.00,1,0,1,0,0,scorecard
Ali Khan,2,0,18,0,9.00,5,1,1,2,0,scorecard
Harmeet Singh,2,0,18,1,9.00,4,1,1,0,0,scorecard
Shadley van Schalkwyk,2,0,29,0,14.50,3,3,2,1,0,scorecard
Milind Kumar,1,0,22,0,22.00,1,0,3,1,0,scorecard
Reece Topley,4,0,23,0,5.75,8,1,0,2,0,scorecard
Moeen Ali,3,0,25,1,8.33,6,2,1,0,0,scorecard
Jofra Archer,4,0,40,3,10.00,10,3,3,1,0,scorecard
Sam Curran,3,0,29,0,9.66,7,1,2,1,0,scorecard
Adil Rashid,4,0,20,1,5.00,9,1,0,0,0,scorecard
Mark Wood,2,0,22,0,11.00,4,4,0,2,0,scorecard
Marco Jansen,4,0,31,0,7.75,9,2,1,0,1,scorecard
Kagiso Rabada,4,0,32,2,8.00,9,3,1,2,0,scorecard
Keshav Maharaj,4,0,25,2,6.25,9,2,0,0,0,scorecard
Ottneil Baartman,3,0,27,1,9.00,7,3,1,0,0,scorecard
Anrich Nortje,4,0,35,1,8.75,4,4,0,1,0,scorecard
Aiden Markram,1,0,4,0,4.00,2,0,0,0,0,scorecard
Mitchell Starc,4,0,21,1,5.25,15,3,0,2,0,scorecard
Josh Hazlewood,4,1,25,0,6.25,12,1,1,1,0,scorecard
Pat Cummins,4,0,29,3,7.25,8,1,0,3,0,scorecard
Adam Zampa,4,0,24,2,6.00,10,3,0,0,0,scorecard
Marcus Stoinis,2,0,24,1,12.00,3,1,2,1,0,scorecard
Glenn Maxwell,2,0,14,1,7.00,3,1,0,0,0,scorecard
Mahedi Hasan,4,0,22,0,5.50,15,1,2,0,0,scorecard
Tanzim Hasan Sakib,1,0,9,0,9.00,2,1,0,0,0,scorecard
Taskin Ahmed,1.2,0,22,0,16.50,2,2,2,0,0,scorecard
Mustafizur Rahman,2,0,23,0,11.50,3,3,1,0,0,scorecard
Rishad Hossain,3,0,23,2,7.66,7,2,1,0,0,scorecard
Fazalhaq Farooqi,4,0,33,3,8.25,12,4,1,2,0,scorecard
Mohammad Nabi,3,0,24,0,8.00,7,3,0,0,0,scorecard
Naveen-ul-Haq,4,0,40,1,10.00,9,3,2,3,0,scorecard
Rashid Khan,4,0,26,3,6.50,13,3,1,0,0,scorecard
Noor Ahmad,3,0,30,0,10.00,4,1,2,1,0,scorecard
Azmatullah Omarzai,2,0,23,0,11.50,3,2,1,1,0,scorecard
Arshdeep Singh,4,0,36,3,9.00,12,3,2,5,0,scorecard
Jasprit Bumrah,4,1,7,3,1.75,20,1,0,0,0,scorecard
Axar Patel,3,1,15,1,5.00,11,0,1,0,0,scorecard
Hardik Pandya,2,0,13,0,6.50,8,1,1,1,0,scorecard
Kuldeep Yadav,4,0,32,2,8.00,11,2,2,1,1,scorecard
Ravindra Jadeja,3,0,20,1,6.66,4,0,1,0,0,scorecard
Reece Topley,3,0,26,0,8.66,8,2,1,4,0,scorecard
Mark Wood,3,0,36,0,12.00,7,3,2,4,0,scorecard
Jofra Archer,4,0,34,1,8.50,12,5,1,1,0,scorecard
Sam Curran,3,0,25,0,8.33,9,3,1,0,0,scorecard
Adil Rashid,4,0,21,1,5.25,10,0,1,1,0,scorecard
Moeen Ali,2,0,15,1,7.50,3,0,1,0,0,scorecard
Liam Livingstone,1,0,20,1,20.00,2,0,3,0,0,scorecard
Akeal Hosein,4,0,35,0,8.75,9,4,1,1,0,scorecard
Romario Shepherd,2,0,41,0,20.50,2,5,3,1,0,scorecard
Andre Russell,2,0,21,1,10.50,2,0,1,2,0,scorecard
Alzarri Joseph,2.3,0,32,0,12.80,2,2,2,0,0,scorecard
Gudakesh Motie,4,0,32,0,8.00,8,4,0,0,0,scorecard
Roston Chase,3,0,19,1,6.33,6,1,0,2,0,scorecard
Saurabh Netravalkar,4,0,21,2,5.25,12,2,0,0,0,scorecard
Ali Khan,4,0,45,0,11.25,7,1,4,2,0,scorecard
Jasdeep Singh,2,0,36,0,18.00,2,2,3,2,1,scorecard
Nosthush Kenjige,3,0,29,0,9.66,2,2,1,0,0,scorecard
Harmeet Singh,4,0,24,2,6.00,8,2,0,0,1,scorecard
Steven Taylor,2,0,21,0,10.50,3,2,1,0,0,scorecard
Corey Anderson,1,0,17,0,17.00,0,2,1,0,0,scorecard
Marco Jansen,3,0,32,0,10.66,9,3,2,2,0,scorecard
Aiden Markram,1,0,13,0,13.00,2,1,1,0,0,scorecard
Kagiso Rabada,4,0,18,3,4.50,14,2,0,1,1,scorecard
Keshav Maharaj,4,0,24,1,6.00,7,0,1,0,0,scorecard
Anrich Nortje,4,0,37,1,9.25,10,2,3,1,0,scorecard
Tabraiz Shamsi,4,0,50,1,12.50,5,3,4,2,0,scorecard
Fazalhaq Farooqi,3,0,38,0,12.66,4,5,1,1,1,scorecard
Azmatullah Omarzai,2,0,41,1,20.50,5,4,3,1,1,scorecard
Rashid Khan,4,0,45,0,11.25,5,3,3,1,0,scorecard
Naveen-ul-Haq,4,0,41,1,10.25,10,4,2,2,0,scorecard
Noor Ahmad,4,0,20,0,5.00,6,0,0,0,0,scorecard
Mohammad Nabi,1,0,15,0,15.00,2,0,2,0,0,scorecard
Gulbadin Naib,2,0,14,2,7.00,4,0,1,0,0,scorecard
Akeal Hosein,4,1,21,2,5.25,14,3,0,1,0,scorecard
Andre Russell,2.2,0,17,1,7.28,6,1,1,0,0,scorecard
Alzarri Joseph,3,0,30,1,10.00,7,4,1,1,0,scorecard
Gudakesh Motie,4,0,28,2,7.00,12,1,2,0,0,scorecard
Obed McCoy,3,0,14,3,4.66,9,1,0,0,0,scorecard
Trent Boult,4,0,14,2,3.50,16,2,0,0,0,scorecard
Tim Southee,4,0,11,2,2.75,18,1,0,2,0,scorecard
Lockie Ferguson,4,4,0,3,0.00,24,0,0,0,0,scorecard
Ish Sodhi,3.4,0,29,2,7.90,9,3,1,1,0,scorecard
Mitchell Santner,4,0,17,1,4.25,14,1,0,1,0,scorecard
Kabua Morea,2.2,0,4,2,1.71,11,0,0,0,0,scorecard
Alei Nao,3,0,22,0,7.33,9,1,2,0,0,scorecard
Assad Vala,1,0,4,0,4.00,2,0,0,0,0,scorecard
Charles Amini,1,0,5,0,5.00,1,0,0,0,0,scorecard
Semo Kamea,3,0,23,1,7.66,8,4,0,0,0,scorecard
Chad Soper,1,0,14,0,14.00,2,1,1,0,0,scorecard
Norman Vanua,1,0,6,0,6.00,3,1,0,0,0,scorecard
Vivian Kingma,3,0,23,1,7.66,9,3,0,3,0,scorecard
Aryan Dutt,3,0,23,1,7.66,5,1,1,1,0,scorecard
Logan van Beek,4,0,45,2,11.25,8,1,4,2,0,scorecard
Paul van Meekeren,3,0,37,1,12.33,4,3,2,2,0,scorecard
Tim Pringle,4,0,41,1,10.25,3,3,2,0,0,scorecard
Bas de Leede,3,0,32,0,10.66,5,1,2,0,0,scorecard
Angelo Mathews,2,0,20,0,10.00,7,0,2,1,1,scorecard
Nuwan Thushara,3.4,0,24,3,6.54,11,2,1,2,0,scorecard
Maheesh Theekshana,3,0,25,1,8.33,7,1,2,1,0,scorecard
Wanindu Hasaranga,4,0,25,2,6.25,10,1,1,0,0,scorecard
Dasun Shanaka,1,0,10,1,10.00,1,1,0,0,0,scorecard
Matheesha Pathirana,3,0,12,2,4.00,10,0,0,1,0,scorecard
Shaheen Shah Afridi,4,0,22,3,5.50,16,3,0,1,0,scorecard
Mohammad Amir,4,1,11,2,2.75,20,2,0,0,0,scorecard
Haris Rauf,4,0,17,1,4.25,16,1,1,0,0,scorecard
Abbas Afridi,3,0,31,0,10.33,5,1,2,2,0,scorecard
Shadab Khan,1,0,11,0,11.00,3,1,1,0,0,scorecard
Imad Wasim,4,0,8,3,2.00,17,0,0,0,0,scorecard
Mark Adair,4,0,24,1,6.00,14,1,1,1,0,scorecard
Josh Little,3,0,17,0,5.66,11,3,0,0,0,scorecard
Barry McCarthy,4,1,15,3,3.75,15,1,0,1,0,scorecard
Ben White,2,0,11,1,5.50,5,1,0,0,0,scorecard
Curtis Campher,4,0,24,2,6.00,12,2,1,0,0,scorecard
Gareth Delany,1.5,0,19,0,10.36,3,0,2,1,0,scorecard
Ashton Agar,4,0,39,1,9.75,6,0,3,1,0,scorecard
Mitchell Starc,4,0,31,0,7.75,10,1,2,1,0,scorecard
Nathan Ellis,4,0,34,1,8.50,7,2,1,3,0,scorecard
Glenn Maxwell,4,0,44,2,11.00,8,2,4,1,0,scorecard
Adam Zampa,4,0,30,1,7.50,8,1,2,0,0,scorecard
Michael Leask,4,0,39,0,9.75,8,2,3,0,0,scorecard
Brad Wheal,3.4,1,28,1,7.63,12,4,1,0,0,scorecard
Mark Watt,4,0,34,2,8.50,10,6,0,1,0,scorecard
Chris Sole,3,0,33,0,11.00,4,3,1,1,0,scorecard
Safyaan Sharif,4,0,42,2,10.50,8,2,3,3,0,scorecard
Chris Greaves,1,0,4,0,4.00,2,0,0,0,0,scorecard
David Wiese,2,0,6,1,3.00,9,1,0,0,0,scorecard
Ruben Trumpelmann,2,0,31,2,15.50,3,2,3,1,0,scorecard
Bernard Scholtz,2,0,24,1,12.00,4,1,2,0,0,scorecard
Gerhard Erasmus,2,0,26,0,13.00,2,2,1,0,0,scorecard
Jack Brassell,2,0,32,0,16.00,2,3,2,0,0,scorecard
Reece Topley,2,0,6,0,3.00,8,0,0,0,1,scorecard
Jofra Archer,2,0,15,1,7.50,7,1,1,1,0,scorecard
Sam Curran,2,0,13,0,6.50,5,2,0,0,0,scorecard
Chris Jordan,2,0,19,1,9.50,4,0,2,0,0,scorecard
Adil Rashid,2,0,29,0,14.50,3,1,3,1,0,scorecard
Trent Boult,4,1,7,2,1.75,20,1,0,0,0,scorecard
Tim Southee,4,1,4,3,1.00,20,0,0,0,0,scorecard
Mitchell Santner,3.4,0,8,2,2.18,17,0,0,3,0,scorecard
Lockie Ferguson,4,0,9,1,2.25,20,1,0,2,0,scorecard
Rachin Ravindra,3,1,9,2,3.00,12,1,0,0,0,scorecard
Cosmas Kyewuta,2,0,13,0,6.50,6,1,0,2,1,scorecard
Juma Miyagi,2.2,0,16,0,6.85,7,3,0,0,0,scorecard
Riazat Ali Shah,1,0,10,1,10.00,3,1,0,4,0,scorecard
Sompal Kami,2,1,6,0,3.00,10,1,0,1,0,scorecard
Dipendra Singh Airee,4,0,21,3,5.25,9,1,0,1,0,scorecard
Karan KC,1,0,9,0,9.00,3,2,0,0,0,scorecard
Kushal Malla,2,0,17,0,8.50,6,2,1,0,0,scorecard
Sandeep Lamichhane,4,0,18,0,4.50,11,1,0,0,0,scorecard
Kushal Bhurtel,4,0,19,4,4.75,12,0,1,1,0,scorecard
Abinash Bohara,3,0,19,0,6.33,8,3,0,0,0,scorecard
Marco Jansen,4,0,16,0,4.00,16,1,1,0,0,scorecard
Kagiso Rabada,2,0,17,0,8.50,6,2,1,0,0,scorecard
Ottneil Baartman,4,0,20,0,5.00,15,3,0,0,0,scorecard
Anrich Nortje,4,0,27,1,6.75,15,3,1,3,0,scorecard
Tabraiz Shamsi,4,0,19,4,4.75,12,0,1,1,0,scorecard
Aiden Markram,2,0,8,1,4.00,4,0,0,0,0,scorecard
Fazalhaq Farooqi,4,0,16,3,4.00,17,1,0,1,0,scorecard
Mohammad Nabi,1,0,9,0,9.00,1,1,0,0,0,scorecard
Naveen-ul-Haq,2.5,0,4,2,1.41,14,0,0,1,0,scorecard
Rashid Khan,4,0,25,0,6.25,10,1,0,1,0,scorecard
Noor Ahmad,4,0,14,1,3.50,15,1,0,1,0,scorecard
Azmatullah Omarzai,2,1,5,0,2.50,10,1,0,0,0,scorecard
Karim Janat,2,0,10,0,5.00,7,1,0,1,0,scorecard
Alei Nao,4,0,26,1,6.50,14,0,2,3,0,scorecard
Semo Kamea,3,0,16,1,5.33,10,2,0,2,0,scorecard
Chad Soper,2.1,0,19,0,8.76,5,1,1,0,0,scorecard
Norman Vanua,3,0,18,1,6.00,7,2,0,0,0,scorecard
John Kariko,3,0,15,0,5.00,9,2,0,0,0,scorecard
Reece Topley,3,0,12,0,4.00,11,0,1,0,0,scorecard
Jofra Archer,3.2,1,12,3,3.60,15,2,0,1,0,scorecard
Mark Wood,3,0,12,3,4.00,10,1,0,0,0,scorecard
Adil Rashid,4,0,11,4,2.75,20,1,0,3,0,scorecard
Bilal Khan,2,0,36,1,18.00,3,4,3,0,0,scorecard
Kaleemullah,1,0,10,1,10.00,4,2,0,0,1,scorecard
Fayyaz Butt,0.1,0,4,0,24.00,0,1,0,0,0,scorecard
Vivian Kingma,2,0,20,0,10.00,6,2,1,1,0,scorecard
Aryan Dutt,4,0,17,2,4.25,12,1,0,1,0,scorecard
Paul van Meekeren,4,0,15,2,3.75,13,1,0,0,0,scorecard
Logan van Beek,4,0,43,0,10.75,9,7,1,1,0,scorecard
Bas de Leede,3,0,31,0,10.33,5,5,0,0,0,scorecard
Tim Pringle,3,0,26,1,8.66,6,3,1,0,0,scorecard
Mustafizur Rahman,4,0,12,1,3.00,17,1,0,1,0,scorecard
Tanzim Hasan Sakib,3,0,23,1,7.66,9,4,0,0,0,scorecard
Taskin Ahmed,4,0,30,2,7.50,13,3,2,0,0,scorecard
Shakib Al Hasan,4,0,29,0,7.25,10,1,2,0,0,scorecard
Rishad Hossain,4,0,33,3,8.25,11,2,2,0,0,scorecard
Mahmudullah,1,0,6,1,6.00,3,1,0,0,0,scorecard
Trent Boult,4,1,16,3,4.00,15,2,0,0,0,scorecard
Tim Southee,4,0,21,2,5.25,14,2,1,0,0,scorecard
Lockie Ferguson,4,0,27,2,6.75,11,2,1,2,0,scorecard
James Neesham,4,0,27,1,6.75,9,0,2,1,0,scorecard
Glenn Phillips,1,0,9,0,9.00,2,0,1,0,0,scorecard
Mitchell Santner,2,0,27,1,13.50,4,2,2,0,0,scorecard
Daryl Mitchell,1,0,19,0,19.00,2,0,3,0,0,scorecard
Akeal Hosein,4,0,21,1,5.25,11,1,1,0,0,scorecard
Romario Shepherd,3,0,36,0,12.00,7,1,4,2,0,scorecard
Andre Russell,4,0,30,1,7.50,11,2,2,0,0,scorecard
Alzarri Joseph,4,0,19,4,4.75,13,2,0,0,0,scorecard
Gudakesh Motie,4,0,25,3,6.25,11,1,1,0,0,scorecard
Roston Chase,1,0,4,0,4.00,3,0,0,1,0,scorecard
Arshdeep Singh,4,0,9,4,2.25,17,0,0,1,0,scorecard
Mohammed Siraj,4,0,25,0,6.25,11,1,1,0,0,scorecard
Jasprit Bumrah,4,0,25,0,6.25,14,1,1,1,0,scorecard
Hardik Pandya,4,1,14,2,3.50,19,1,1,0,0,scorecard
Shivam Dube,1,0,11,0,11.00,3,1,1,0,0,scorecard
Axar Patel,3,0,25,1,8.33,5,0,2,1,0,scorecard
Saurabh Netravalkar,4,0,18,2,4.50,13,0,1,0,0,scorecard
Ali Khan,3.2,0,21,1,6.30,8,2,0,1,0,scorecard
Jasdeep Singh,4,0,24,0,6.00,11,1,1,0,1,scorecard
Shadley van Schalkwyk,4,0,25,0,6.25,8,1,1,0,0,scorecard
Corey Anderson,3,0,17,0,5.66,8,0,1,1,0,scorecard
Josh Hazlewood,4,0,18,2,4.50,16,2,0,1,0,scorecard
Marcus Stoinis,3,0,9,2,3.00,14,1,0,2,0,scorecard
Pat Cummins,3,1,16,1,5.33,11,1,1,0,0,scorecard
Adam Zampa,4,0,12,4,3.00,17,0,1,0,0,scorecard
Nathan Ellis,3,1,12,1,4.00,13,2,0,0,0,scorecard
Ruben Trumpelmann,2,0,19,0,9.50,5,4,0,0,0,scorecard
David Wiese,1,0,15,1,15.00,3,2,1,1,0,scorecard
Ben Shikongo,1,0,19,0,19.00,1,3,1,0,0,scorecard
Gerhard Erasmus,1,0,6,0,6.00,5,0,1,0,0,scorecard
Jack Brassell,0.4,0,14,0,21.00,1,2,1,0,0,scorecard
Shaheen Shah Afridi,4,0,21,1,5.25,16,2,1,1,0,scorecard
Naseem Shah,4,0,24,1,6.00,13,2,1,1,0,scorecard
Mohammad Amir,4,0,13,2,3.25,17,2,0,0,0,scorecard
Haris Rauf,4,0,26,2,6.50,14,1,1,3,0,scorecard
Imad Wasim,4,0,19,0,4.75,16,0,2,1,0,scorecard
Kaleem Sana,3,0,21,0,7.00,8,1,0,1,0,scorecard
Jeremy Gordon,3.3,0,17,1,4.85,11,1,0,1,0,scorecard
Dilon Heyliger,4,0,18,2,4.50,10,0,0,1,0,scorecard
Saad Bin Zafar,4,0,23,0,5.75,7,1,0,1,0,scorecard
Junaid Siddiqui,3,0,28,0,9.33,3,0,2,1,0,scorecard
Tanzim Hasan Sakib,4,0,18,3,4.50,17,1,1,2,0,scorecard
Taskin Ahmed,4,0,19,2,4.75,14,1,1,0,0,scorecard
Mustafizur Rahman,4,0,18,0,4.50,16,1,1,1,0,scorecard
Rishad Hossain,4,0,32,1,8.00,10,2,2,0,0,scorecard
Shakib Al Hasan,1,0,6,0,6.00,1,0,0,0,0,scorecard
Mahmudullah,3,0,17,0,5.66,8,0,1,0,0,scorecard
Marco Jansen,4,0,17,0,4.25,17,2,0,2,0,scorecard
Kagiso Rabada,4,0,19,2,4.75,12,2,0,0,0,scorecard
Ottneil Baartman,4,0,27,0,6.75,11,2,1,0,0,scorecard
Keshav Maharaj,4,0,27,3,6.75,12,0,2,2,0,scorecard
Anrich Nortje,4,0,17,2,4.25,14,1,0,1,1,scorecard
Mark Watt,4,0,25,1,6.25,8,2,0,2,0,scorecard
Brad Wheal,4,0,19,1,4.75,12,2,0,0,0,scorecard
Chris Sole,4,0,41,1,10.25,7,2,3,0,0,scorecard
Safyaan Sharif,4,0,40,2,10.00,6,6,0,0,0,scorecard
Michael Leask,3,0,21,0,7.00,8,1,1,1,0,scorecard
Chris Greaves,1,0,2,1,2.00,4,0,0,0,0,scorecard
Bilal Khan,2.1,0,12,1,5.53,8,2,0,0,0,scorecard
Shakeel Ahmed,2,0,23,0,11.50,5,2,2,0,0,scorecard
Kaleemullah,2,0,17,0,8.50,6,2,1,0,0,scorecard
Aqib Ilyas,3,0,41,1,13.66,6,4,3,0,0,scorecard
Mehran Khan,1,0,16,1,16.00,3,1,1,1,0,scorecard
Zeeshan Maqsood,2,0,22,0,11.00,4,2,1,0,0,scorecard
Ayaan Khan,1,0,20,0,20.00,1,0,3,0,0,scorecard
Shaheen Shah Afridi,4,0,29,1,7.25,14,1,2,1,0,scorecard
Naseem Shah,4,0,21,3,5.25,15,3,0,1,1,scorecard
Mohammad Amir,4,0,23,2,5.75,15,3,0,0,0,scorecard
Iftikhar Ahmed,1,0,7,0,7.00,3,1,0,1,0,scorecard
Imad Wasim,3,0,17,0,5.66,6,1,0,1,0,scorecard
Haris Rauf,3,0,21,3,7.00,10,4,0,0,0,scorecard
Arshdeep Singh,4,0,31,1,7.75,11,4,0,1,0,scorecard
Mohammed Siraj,4,0,19,0,4.75,11,1,0,1,1,scorecard
Jasprit Bumrah,4,0,14,3,3.50,15,1,0,0,0,scorecard
Hardik Pandya,4,0,24,2,6.00,11,1,1,1,0,scorecard
Ravindra Jadeja,2,0,10,0,5.00,5,1,0,0,0,scorecard
Axar Patel,2,0,11,1,5.50,6,0,1,0,0,scorecard
Alpesh Ramjani,3,0,16,1,5.33,11,1,1,0,0,scorecard
Cosmas Kyewuta,4,0,42,1,10.50,15,7,1,2,1,scorecard
Juma Miyagi,3,0,29,0,9.66,6,3,1,0,1,scorecard
Frank Nsubuga,3,0,29,0,9.66,4,1,2,0,1,scorecard
Brian Masaba,4,0,31,2,7.75,10,1,2,2,0,scorecard
Dinesh Nakrani,3,0,20,1,6.66,5,2,0,0,0,scorecard
Akeal Hosein,4,0,11,5,2.75,19,2,0,0,0,scorecard
Romario Shepherd,2,0,9,1,4.50,6,1,0,0,0,scorecard
Andre Russell,1,0,4,1,4.00,4,0,0,1,0,scorecard
Alzarri Joseph,3,0,6,2,2.00,14,0,0,1,0,scorecard
Gudakesh Motie,2,0,6,1,3.00,8,0,0,0,0,scorecard
Moeen Ali,2,0,18,1,9.00,6,2,1,0,0,scorecard
Will Jacks,1,0,22,0,22.00,1,0,3,0,0,scorecard
Jofra Archer,4,0,28,1,7.00,11,2,1,1,0,scorecard
Mark Wood,3,0,32,0,10.66,9,2,3,0,0,scorecard
Adil Rashid,4,0,41,1,10.25,7,4,2,1,0,scorecard
Chris Jordan,4,0,44,2,11.00,6,4,2,4,0,scorecard
Liam Livingstone,2,0,15,1,7.50,2,0,1,0,0,scorecard
Mitchell Starc,3,0,37,0,12.33,7,3,3,2,0,scorecard
Josh Hazlewood,4,0,28,1,7.00,10,4,0,0,0,scorecard
Pat Cummins,4,0,23,2,5.75,10,2,0,1,0,scorecard
Marcus Stoinis,3,0,24,1,8.00,6,3,0,2,0,scorecard
Adam Zampa,4,0,28,2,7.00,9,0,2,0,0,scorecard
Glenn Maxwell,2,0,22,0,11.00,5,0,3,0,0,scorecard
Marco Jansen,4,0,20,2,5.00,15,2,0,1,1,scorecard
Kagiso Rabada,4,0,27,0,6.75,12,2,1,1,0,scorecard
Ottneil Baartman,4,0,11,4,2.75,17,1,0,1,0,scorecard
Anrich Nortje,4,0,19,2,4.75,14,0,1,1,1,scorecard
Keshav Maharaj,4,0,24,0,6.00,6,1,0,1,0,scorecard
Vivian Kingma,4,1,12,2,3.00,18,0,0,1,0,scorecard
Logan van Beek,4,1,21,2,5.25,13,1,1,0,0,scorecard
Paul van Meekeren,4,1,13,0,3.25,17,1,0,1,0,scorecard
Bas de Leede,3.5,0,34,1,8.86,12,2,2,0,1,scorecard
Tim Pringle,2,0,14,0,7.00,4,0,1,0,0,scorecard
Vikramjit Singh,1,0,11,0,11.00,0,0,1,0,0,scorecard
Tanzim Hasan Sakib,4,0,24,1,6.00,14,2,1,0,0,scorecard
Shakib Al Hasan,3,0,30,0,10.00,5,4,0,0,0,scorecard
Taskin Ahmed,4,0,25,2,6.25,12,3,0,1,0,scorecard
Mustafizur Rahman,4,0,17,3,4.25,14,2,0,1,0,scorecard
Rishad Hossain,4,0,22,3,5.50,10,1,1,0,0,scorecard
Mahmudullah,1,0,4,0,4.00,2,0,0,0,0,scorecard
Dhananjaya de Silva,2,0,11,1,5.50,3,0,0,1,0,scorecard
Nuwan Thushara,4,0,18,4,4.50,14,1,0,5,0,scorecard
Maheesh Theekshana,4,0,25,0,6.25,8,1,0,3,0,scorecard
Wanindu Hasaranga,4,0,32,2,8.00,12,0,4,0,0,scorecard
Matheesha Pathirana,4,0,27,1,6.75,11,1,1,2,0,scorecard
Dasun Shanaka,1,0,11,0,11.00,2,0,1,1,0,scorecard
Trent Boult,4,0,22,2,5.50,12,1,1,0,0,scorecard
Matt Henry,4,0,37,2,9.25,10,3,2,0,0,scorecard
Mitchell Santner,4,0,24,0,6.00,11,3,0,0,0,scorecard
Michael Bracewell,3,0,27,0,9.00,6,0,3,0,0,scorecard
Lockie Ferguson,4,0,28,1,7.00,12,3,1,0,0,scorecard
Daryl Mitchell,1,0,16,0,16.00,0,0,2,0,0,scorecard
Fazalhaq Farooqi,3.2,0,17,4,5.10,15,2,0,3,0,scorecard
Mohammad Nabi,4,0,16,2,4.00,11,0,0,0,0,scorecard
Naveen-ul-Haq,3,0,10,0,3.33,12,1,0,0,0,scorecard
Rashid Khan,4,0,17,4,4.25,16,2,0,2,0,scorecard
Noor Ahmad,1,0,10,0,10.00,1,0,1,0,0,scorecard
Mark Adair,4,0,23,1,5.75,10,2,0,1,0,scorecard
Josh Little,4,0,37,0,9.25,6,4,0,2,0,scorecard
Craig Young,4,0,32,2,8.00,13,3,2,1,0,scorecard
Barry McCarthy,4,0,24,2,6.00,12,4,0,0,0,scorecard
Gareth Delany,2,0,10,1,5.00,5,0,0,0,0,scorecard
Curtis Campher,2,0,11,0,5.50,4,0,0,1,0,scorecard
Kaleem Sana,4,0,38,0,9.50,11,4,1,3,0,scorecard
Jeremy Gordon,4,0,16,2,4.00,14,1,0,1,0,scorecard
Junaid Siddiqui,4,0,27,1,6.75,9,1,1,0,0,scorecard
Saad Bin Zafar,4,0,22,1,5.50,7,0,0,0,0,scorecard
Dilon Heyliger,4,0,18,2,4.50,12,1,0,1,0,scorecard
Brad Wheal,4,0,33,3,8.25,8,2,1,1,1,scorecard
Brad Currie,4,0,16,2,4.00,12,1,0,0,0,scorecard
Chris Sole,3,0,23,1,7.66,7,3,0,1,1,scorecard
Mark Watt,4,0,39,0,9.75,8,4,2,0,0,scorecard
Chris Greaves,3,0,24,1,8.00,5,1,1,0,0,scorecard
Michael Leask,2,0,16,1,8.00,4,1,1,0,0,scorecard
Ruben Trumpelmann,4,0,36,1,9.00,9,1,1,4,1,scorecard
David Wiese,3.3,0,30,0,8.57,10,1,3,0,0,scorecard
Tangeni Lungameni,3,0,39,1,13.00,4,3,2,1,0,scorecard
Bernard Scholtz,4,0,20,1,5.00,7,1,0,0,0,scorecard
Gerhard Erasmus,4,0,29,2,7.25,9,1,1,2,0,scorecard
Nosthush Kenjige,4,0,30,3,7.50,10,1,2,0,0,scorecard
Saurabh Netravalkar,4,0,18,2,4.50,13,0,1,0,0,scorecard
Ali Khan,4,0,30,1,7.50,8,2,1,2,0,scorecard
Harmeet Singh,4,0,34,0,8.50,9,2,2,1,0,scorecard
Jasdeep Singh,3,0,37,1,12.33,4,2,3,1,0,scorecard
Corey Anderson,1,0,6,0,6.00,3,1,0,0,0,scorecard
Shaheen Shah Afridi,4,0,33,0,8.25,13,5,1,2,0,scorecard
Mohammad Amir,4,0,25,1,6.25,12,2,0,3,0,scorecard
Naseem Shah,4,0,26,1,6.50,9,3,0,2,0,scorecard
Haris Rauf,4,0,37,1,9.25,9,4,1,1,0,scorecard
Shadab Khan,3,0,27,0,9.00,4,0,2,1,0,scorecard
Iftikhar Ahmed,1,0,10,0,10.00,2,2,0,0,0,scorecard
Bilal Khan,4,0,36,1,9.00,9,4,1,1,1,scorecard
Kaleemullah,3,0,30,1,10.00,7,4,1,0,0,scorecard
Shakeel Ahmed,4,0,28,0,7.00,10,2,1,0,1,scorecard
Mehran Khan,4,0,38,2,9.50,12,1,4,0,1,scorecard
Aqib Ilyas,4,0,18,0,4.50,10,1,0,0,0,scorecard
Zeeshan Maqsood,1,0,12,0,12.00,0,2,0,0,0,scorecard
Mitchell Starc,3,0,20,2,6.66,12,3,0,5,0,scorecard
Josh Hazlewood,4,0,21,0,5.25,12,1,1,0,0,scorecard
Nathan Ellis,4,0,28,2,7.00,9,2,1,1,0,scorecard
Marcus Stoinis,3,0,19,3,6.33,11,1,1,1,0,scorecard
Glenn Maxwell,2,0,11,0,5.50,5,1,0,1,0,scorecard
Adam Zampa,4,0,24,2,6.00,11,0,2,0,0,scorecard
Alpesh Ramjani,4,1,17,2,4.25,16,1,1,0,0,scorecard
Cosmas Kyewuta,3.1,0,17,2,5.36,9,2,0,0,0,scorecard
Juma Miyagi,4,0,11,2,2.75,16,0,0,0,1,scorecard
Brian Masaba,4,0,17,1,4.25,11,1,0,0,0,scorecard
Frank Nsubuga,4,2,4,2,1.00,20,0,0,0,0,scorecard
Alei Nao,4,0,16,2,4.00,16,0,0,3,0,scorecard
Norman Vanua,4,0,19,2,4.75,17,1,0,6,0,scorecard
Chad Soper,4,0,13,1,3.25,14,0,0,1,0,scorecard
Assad Vala,2,0,10,1,5.00,6,1,0,0,0,scorecard
John Kariko,4,0,18,0,4.50,8,0,0,0,0,scorecard
Charles Amini,0.2,0,2,0,6.00,1,0,0,0,0,scorecard
Arshdeep Singh,4,0,35,2,8.75,14,3,1,5,1,scorecard
Mohammed Siraj,3,0,13,1,4.33,14,2,0,0,0,scorecard
Jasprit Bumrah,3,1,6,2,2.00,13,0,0,0,0,scorecard
Hardik Pandya,4,1,27,3,6.75,14,2,2,0,0,scorecard
Axar Patel,1,0,3,1,3.00,3,0,0,0,0,scorecard
Ravindra Jadeja,1,0,7,0,7.00,2,1,0,0,0,scorecard
Mark Adair,4,0,27,1,6.75,13,3,0,3,0,scorecard
Josh Little,4,0,42,0,10.50,12,2,4,3,0,scorecard
Barry McCarthy,2.2,0,18,0,7.71,5,1,1,0,0,scorecard
Curtis Campher,1,0,4,0,4.00,3,0,0,0,0,scorecard
Ben White,1,0,6,1,6.00,3,1,0,0,0,scorecard
Vivian Kingma,4,0,23,0,5.75,15,4,0,2,0,scorecard
Tim Pringle,4,0,20,3,5.00,13,1,1,0,0,scorecard
Logan van Beek,3.2,0,18,3,5.40,14,2,1,0,0,scorecard
Paul van Meekeren,4,0,19,2,4.75,12,2,0,1,0,scorecard
Bas de Leede,4,1,22,2,5.50,12,1,1,1,0,scorecard
Karan KC,3,0,17,0,5.66,10,3,0,0,0,scorecard
Sompal Kami,4,0,18,1,4.50,12,2,0,0,0,scorecard
Gulsan Jha,2,0,17,0,8.50,2,2,0,0,1,scorecard
Dipendra Singh Airee,2,0,6,1,3.00,7,0,0,0,0,scorecard
Abinash Bohara,3.4,0,29,1,7.90,5,2,1,0,0,scorecard
Sagar Dhakal,4,0,21,0,5.25,8,1,0,0,0,scorecard
Mark Wood,2,0,11,0,5.50,7,1,0,1,1,scorecard
Jofra Archer,2,0,12,0,6.00,6,1,0,0,0,scorecard
Moeen Ali,2,0,15,0,7.50,3,2,0,0,0,scorecard
Chris Jordan,2,0,24,0,12.00,5,2,2,0,0,scorecard
Adil Rashid,2,0,26,0,13.00,2,2,2,0,0,scorecard
Alpesh Ramjani,4,0,33,1,8.25,9,0,2,0,0,scorecard
Cosmas Kyewuta,4,0,25,2,6.25,9,2,0,0,0,scorecard
Dinesh Nakrani,3,0,37,0,12.33,2,6,0,0,0,scorecard
Bilal Hassan,2,0,34,0,17.00,3,4,1,1,1,scorecard
Henry Ssenyondo,2,0,19,0,9.50,4,0,2,1,0,scorecard
Riazat Ali Shah,1,0,11,0,11.00,1,1,0,0,0,scorecard
Brian Masaba,4,0,21,2,5.25,8,0,0,0,0,scorecard
Fazalhaq Farooqi,4,0,9,5,2.25,18,1,0,0,0,scorecard
Mujeeb Ur Rahman,3,0,16,1,5.33,13,2,0,1,0,scorecard
Naveen-ul-Haq,2,0,4,2,2.00,9,0,0,1,0,scorecard
Azmatullah Omarzai,2,0,7,0,3.50,8,0,0,1,0,scorecard
Rashid Khan,4,0,12,2,3.00,16,1,0,0,0,scorecard
Mohammad Nabi,1,0,8,0,8.00,3,0,1,0,0,scorecard
Marco Jansen,3.1,0,15,0,4.73,11,0,1,1,0,scorecard
Kagiso Rabada,4,1,21,2,5.25,15,2,1,1,0,scorecard
Ottneil Baartman,4,1,9,1,2.25,20,1,0,1,0,scorecard
Keshav Maharaj,4,0,22,2,5.50,10,0,1,0,0,scorecard
Anrich Nortje,4,0,7,4,1.75,18,0,0,0,0,scorecard
Angelo Mathews,3,0,16,0,5.33,11,1,1,1,0,scorecard
Nuwan Thushara,3,0,18,1,6.00,8,0,1,0,1,scorecard
Dasun Shanaka,3,1,6,1,2.00,12,0,0,0,0,scorecard
Matheesha Pathirana,3,0,12,0,4.00,8,0,0,1,0,scorecard
Wanindu Hasaranga,3.2,0,22,2,6.60,10,2,1,0,0,scorecard
Maheesh Theekshana,1,0,3,0,3.00,3,0,0,0,0,scorecard
Ruben Trumpelmann,4,0,21,4,5.25,12,2,0,0,1,scorecard
David Wiese,3.4,0,28,3,7.63,11,4,1,0,0,scorecard
Tangeni Lungameni,4,0,18,0,4.50,14,2,0,1,0,scorecard
Bernard Scholtz,4,0,20,1,5.00,11,0,1,1,0,scorecard
Gerhard Erasmus,4,0,20,2,5.00,9,1,0,0,0,scorecard
Bilal Khan,4,0,25,1,6.25,11,2,1,1,0,scorecard
Shakeel Ahmed,3,0,20,0,6.66,10,4,0,0,0,scorecard
Kaleemullah,2,0,10,0,5.00,7,1,0,0,0,scorecard
Aqib Ilyas,4,1,17,1,4.25,15,1,1,0,0,scorecard
Mehran Khan,3,1,7,3,2.33,12,0,0,0,0,scorecard
Zeeshan Maqsood,2,0,12,0,6.00,4,1,0,0,0,scorecard
Ayaan Khan,2,0,12,1,6.00,6,1,0,1,0,scorecard
Akeal Hosein,3,0,9,1,3.00,13,1,0,0,0,scorecard
Romario Shepherd,3,0,23,1,7.66,5,1,0,1,0,scorecard
Andre Russell,3,0,19,2,6.33,8,2,0,1,0,scorecard
Roston Chase,4,0,26,0,6.50,11,1,1,3,0,scorecard
Alzarri Joseph,4,0,34,2,8.50,11,5,0,1,1,scorecard
Gudakesh Motie,3,0,24,1,8.00,7,2,1,0,0,scorecard
Kabua Morea,3,0,30,0,10.00,7,6,0,0,0,scorecard
Alei Nao,2,1,9,1,4.50,9,2,0,0,0,scorecard
Chad Soper,3,0,19,1,6.33,8,2,0,0,0,scorecard
Sese Bau,1,0,18,0,18.00,1,1,2,0,0,scorecard
John Kariko,4,0,17,1,4.25,15,0,1,0,0,scorecard
Assad Vala,4,1,28,2,7.00,11,3,1,0,0,scorecard
Charles Amini,2,0,14,0,7.00,3,0,1,0,0,scorecard
Ali Khan,4,0,41,1,10.25,11,5,2,2,0,scorecard
Saurabh Netravalkar,2,0,16,0,8.00,3,2,0,0,0,scorecard
Harmeet Singh,4,0,27,1,6.75,11,3,1,0,0,scorecard
Jasdeep Singh,3,0,24,0,8.00,7,4,0,0,0,scorecard
Shadley van Schalkwyk,3,0,34,0,11.33,1,1,2,0,0,scorecard
Steven Taylor,1,0,15,0,15.00,1,0,2,0,0,scorecard
Corey Anderson,3,0,29,1,9.66,4,2,1,0,0,scorecard
Kaleem Sana,4,0,34,1,8.50,9,4,0,3,0,scorecard
Jeremy Gordon,3,0,44,0,14.66,7,4,3,3,2,scorecard
Dilon Heyliger,3,0,19,1,6.33,9,0,1,2,0,scorecard
Saad Bin Zafar,4,0,42,0,10.50,9,2,4,0,0,scorecard
Nikhil Dutta,2.4,0,41,1,15.37,5,2,4,2,1,scorecard
Pargat Singh,1,0,15,0,15.00,0,1,1,0,0,scorecard
